record_id,timestamp,dht_temperature,gridEye_array,current_people_count,net_crossing_count,current_objects_count
1,2025-05-27T19:37:27.517842,0.0,"[0.0, 0.0, 0.0, 0.0, 0.0, 0.0, 0.0, 0.0, 0.0, 0.0, 0.0, 0.0, 0.0, 0.0, 0.0, 0.0, 0.0, 0.0, 0.0, 0.0, 0.0, 0.0, 0.0, 0.0, 0.0, 0.0, 0.0, 0.0, 0.0, 0.0, 0.0, 0.0, 0.0, 0.0, 0.0, 0.0, 0.0, 0.0, 0.0, 0.0, 0.0, 0.0, 0.0, 0.0, 0.0, 0.0, 0.0, 0.0, 0.0, 0.0, 0.0, 0.0, 0.0, 0.0, 0.0, 0.0, 0.0, 0.0, 0.0, 0.0, 0.0, 0.0, 0.0, 0.0]",1,0,0
2,2025-05-27T19:37:27.636349,0.0,"[0.0, 0.0, 0.0, 0.0, 0.0, 0.0, 0.0, 0.0, 0.0, 0.0, 0.0, 0.0, 0.0, 0.0, 0.0, 0.0, 0.0, 0.0, 0.0, 0.0, 0.0, 0.0, 0.0, 0.0, 0.0, 0.0, 0.0, 0.0, 0.0, 0.0, 0.0, 0.0, 0.0, 0.0, 0.0, 0.0, 0.0, 0.0, 0.0, 0.0, 0.0, 0.0, 0.0, 0.0, 0.0, 0.0, 0.0, 0.0, 0.0, 0.0, 0.0, 0.0, 0.0, 0.0, 0.0, 0.0, 0.0, 0.0, 0.0, 0.0, 0.0, 0.0, 0.0, 0.0]",1,0,0
3,2025-05-27T19:37:27.761103,0.0,"[0.0, 0.0, 0.0, 0.0, 0.0, 0.0, 0.0, 0.0, 0.0, 0.0, 0.0, 0.0, 0.0, 0.0, 0.0, 0.0, 0.0, 0.0, 0.0, 0.0, 0.0, 0.0, 0.0, 0.0, 0.0, 0.0, 0.0, 0.0, 0.0, 0.0, 0.0, 0.0, 0.0, 0.0, 0.0, 0.0, 0.0, 0.0, 0.0, 0.0, 0.0, 0.0, 0.0, 0.0, 0.0, 0.0, 0.0, 0.0, 0.0, 0.0, 0.0, 0.0, 0.0, 0.0, 0.0, 0.0, 0.0, 0.0, 0.0, 0.0, 0.0, 0.0, 0.0, 0.0]",1,0,0
4,2025-05-27T19:37:27.883754,0.0,"[0.0, 0.0, 0.0, 0.0, 0.0, 0.0, 0.0, 0.0, 0.0, 0.0, 0.0, 0.0, 0.0, 0.0, 0.0, 0.0, 0.0, 0.0, 0.0, 0.0, 0.0, 0.0, 0.0, 0.0, 0.0, 0.0, 0.0, 0.0, 0.0, 0.0, 0.0, 0.0, 0.0, 0.0, 0.0, 0.0, 0.0, 0.0, 0.0, 0.0, 0.0, 0.0, 0.0, 0.0, 0.0, 0.0, 0.0, 0.0, 0.0, 0.0, 0.0, 0.0, 0.0, 0.0, 0.0, 0.0, 0.0, 0.0, 0.0, 0.0, 0.0, 0.0, 0.0, 0.0]",1,0,0
5,2025-05-27T19:37:28.012539,0.0,"[0.0, 0.0, 0.0, 0.0, 0.0, 0.0, 0.0, 0.0, 0.0, 0.0, 0.0, 0.0, 0.0, 0.0, 0.0, 0.0, 0.0, 0.0, 0.0, 0.0, 0.0, 0.0, 0.0, 0.0, 0.0, 0.0, 0.0, 0.0, 0.0, 0.0, 0.0, 0.0, 0.0, 0.0, 0.0, 0.0, 0.0, 0.0, 0.0, 0.0, 0.0, 0.0, 0.0, 0.0, 0.0, 0.0, 0.0, 0.0, 0.0, 0.0, 0.0, 0.0, 0.0, 0.0, 0.0, 0.0, 0.0, 0.0, 0.0, 0.0, 0.0, 0.0, 0.0, 0.0]",1,0,0
6,2025-05-27T19:37:28.137619,28.400000000000002,"[26.5, 27.0, 26.5, 27.25, 27.0, 26.75, 26.75, 27.25, 27.0, 27.25, 27.0, 27.25, 27.0, 27.25, 27.0, 26.5, 27.0, 27.0, 27.0, 27.0, 27.5, 26.5, 26.25, 27.0, 26.75, 26.5, 27.0, 27.0, 27.0, 27.0, 27.0, 27.0, 27.25, 27.25, 27.75, 27.5, 27.5, 27.0, 27.25, 27.5, 26.25, 26.75, 27.0, 27.0, 26.75, 27.25, 27.0, 27.0, 26.5, 27.0, 26.75, 26.5, 27.25, 27.5, 27.5, 27.0, 26.5, 26.5, 26.75, 26.75, 27.0, 27.0, 27.25, 27.25]",1,0,0
7,2025-05-27T19:37:28.267867,28.400000000000002,"[26.5, 27.0, 26.5, 27.25, 27.0, 26.75, 26.75, 27.25, 27.0, 27.25, 27.0, 27.25, 27.0, 27.25, 27.0, 26.5, 27.0, 27.0, 27.0, 27.0, 27.5, 26.5, 26.25, 27.0, 26.75, 26.5, 27.0, 27.0, 27.0, 27.0, 27.0, 27.0, 27.25, 27.25, 27.75, 27.5, 27.5, 27.0, 27.25, 27.5, 26.25, 26.75, 27.0, 27.0, 26.75, 27.25, 27.0, 27.0, 26.5, 27.0, 26.75, 26.5, 27.25, 27.5, 27.5, 27.0, 26.5, 26.5, 26.75, 26.75, 27.0, 27.0, 27.25, 27.25]",1,0,0
8,2025-05-27T19:37:28.409825,28.400000000000002,"[26.75, 27.0, 26.25, 27.0, 26.75, 27.0, 26.75, 27.0, 27.0, 26.0, 26.75, 26.75, 27.0, 26.75, 26.5, 27.0, 27.0, 26.75, 27.0, 26.75, 27.0, 26.75, 27.0, 26.25, 27.0, 26.75, 26.75, 27.0, 26.75, 26.75, 27.0, 26.75, 26.75, 27.0, 27.5, 27.25, 27.25, 27.25, 27.0, 27.0, 26.0, 26.75, 27.5, 27.25, 27.0, 27.25, 27.0, 26.75, 26.25, 26.0, 26.5, 27.25, 27.25, 27.25, 27.0, 27.25, 26.5, 26.75, 26.0, 26.75, 26.75, 27.0, 27.0, 27.25]",0,0,0
9,2025-05-27T19:37:28.539358,28.400000000000002,"[26.75, 27.0, 26.25, 27.0, 26.75, 27.0, 26.75, 27.0, 27.0, 26.0, 26.75, 26.75, 27.0, 26.75, 26.5, 27.0, 27.0, 26.75, 27.0, 26.75, 27.0, 26.75, 27.0, 26.25, 27.0, 26.75, 26.75, 27.0, 26.75, 26.75, 27.0, 26.75, 26.75, 27.0, 27.5, 27.25, 27.25, 27.25, 27.0, 27.0, 26.0, 26.75, 27.5, 27.25, 27.0, 27.25, 27.0, 26.75, 26.25, 26.0, 26.5, 27.25, 27.25, 27.25, 27.0, 27.25, 26.5, 26.75, 26.0, 26.75, 26.75, 27.0, 27.0, 27.25]",0,0,0
10,2025-05-27T19:37:28.664392,28.400000000000002,"[26.5, 26.5, 27.0, 27.0, 27.5, 26.5, 26.75, 27.25, 27.0, 26.75, 26.75, 26.75, 27.0, 27.0, 26.75, 27.0, 26.5, 27.0, 27.0, 27.25, 27.0, 26.75, 26.25, 27.0, 26.75, 27.0, 26.5, 26.5, 26.75, 26.75, 26.5, 26.25, 26.75, 27.0, 27.5, 27.0, 27.0, 27.0, 26.75, 27.0, 26.5, 26.25, 27.0, 26.75, 26.75, 27.25, 27.0, 26.5, 26.75, 26.75, 27.0, 26.75, 27.25, 27.25, 27.25, 27.0, 26.0, 26.75, 26.5, 26.75, 27.0, 27.25, 26.75, 27.5]",0,0,0
11,2025-05-27T19:37:28.790116,28.400000000000002,"[26.5, 26.5, 27.0, 27.0, 27.5, 26.5, 26.75, 27.25, 27.0, 26.75, 26.75, 26.75, 27.0, 27.0, 26.75, 27.0, 26.5, 27.0, 27.0, 27.25, 27.0, 26.75, 26.25, 27.0, 26.75, 27.0, 26.5, 26.5, 26.75, 26.75, 26.5, 26.25, 26.75, 27.0, 27.5, 27.0, 27.0, 27.0, 26.75, 27.0, 26.5, 26.25, 27.0, 26.75, 26.75, 27.25, 27.0, 26.5, 26.75, 26.75, 27.0, 26.75, 27.25, 27.25, 27.25, 27.0, 26.0, 26.75, 26.5, 26.75, 27.0, 27.25, 26.75, 27.5]",0,0,0
12,2025-05-27T19:37:28.921116,28.400000000000002,"[26.5, 26.5, 27.0, 27.0, 27.5, 26.5, 26.75, 27.25, 27.0, 26.75, 26.75, 26.75, 27.0, 27.0, 26.75, 27.0, 26.5, 27.0, 27.0, 27.25, 27.0, 26.75, 26.25, 27.0, 26.75, 27.0, 26.5, 26.5, 26.75, 26.75, 26.5, 26.25, 26.75, 27.0, 27.5, 27.0, 27.0, 27.0, 26.75, 27.0, 26.5, 26.25, 27.0, 26.75, 26.75, 27.25, 27.0, 26.5, 26.75, 26.75, 27.0, 26.75, 27.25, 27.25, 27.25, 27.0, 26.0, 26.75, 26.5, 26.75, 27.0, 27.25, 26.75, 27.5]",0,0,0
13,2025-05-27T19:37:29.043112,28.400000000000002,"[26.0, 26.25, 26.75, 26.75, 27.25, 27.0, 26.5, 27.0, 27.0, 26.25, 26.5, 27.0, 27.0, 27.0, 26.75, 26.5, 26.75, 26.75, 26.75, 27.25, 27.25, 27.25, 26.5, 27.0, 27.25, 26.5, 26.5, 26.5, 26.75, 26.75, 26.5, 27.0, 26.5, 27.0, 28.0, 27.0, 27.0, 26.75, 27.0, 27.5, 26.5, 26.25, 27.25, 27.0, 26.5, 27.0, 27.0, 26.75, 26.75, 26.25, 26.5, 26.75, 27.25, 27.25, 27.5, 27.25, 27.25, 26.25, 26.5, 26.25, 26.25, 27.0, 27.25, 27.25]",0,0,0
14,2025-05-27T19:37:29.166340,28.400000000000002,"[26.0, 26.25, 26.75, 26.75, 27.25, 27.0, 26.5, 27.0, 27.0, 26.25, 26.5, 27.0, 27.0, 27.0, 26.75, 26.5, 26.75, 26.75, 26.75, 27.25, 27.25, 27.25, 26.5, 27.0, 27.25, 26.5, 26.5, 26.5, 26.75, 26.75, 26.5, 27.0, 26.5, 27.0, 28.0, 27.0, 27.0, 26.75, 27.0, 27.5, 26.5, 26.25, 27.25, 27.0, 26.5, 27.0, 27.0, 26.75, 26.75, 26.25, 26.5, 26.75, 27.25, 27.25, 27.5, 27.25, 27.25, 26.25, 26.5, 26.25, 26.25, 27.0, 27.25, 27.25]",0,0,0
15,2025-05-27T19:37:29.289121,28.400000000000002,"[26.75, 26.5, 26.5, 26.75, 27.5, 27.0, 26.0, 27.0, 27.25, 26.25, 26.75, 26.75, 26.75, 27.0, 27.0, 26.75, 27.0, 26.75, 27.0, 26.75, 27.25, 26.75, 26.75, 26.75, 27.0, 26.5, 26.5, 26.5, 26.5, 26.5, 26.75, 27.25, 27.5, 27.5, 27.5, 26.75, 27.0, 26.75, 27.0, 27.25, 26.75, 26.5, 27.0, 27.0, 26.75, 27.25, 27.25, 26.75, 26.75, 26.5, 27.0, 27.0, 27.0, 27.25, 27.25, 27.25, 26.25, 26.25, 26.5, 26.5, 26.75, 27.0, 27.25, 27.0]",0,0,0
16,2025-05-27T19:37:29.413470,28.400000000000002,"[26.75, 26.5, 26.5, 26.75, 27.5, 27.0, 26.0, 27.0, 27.25, 26.25, 26.75, 26.75, 26.75, 27.0, 27.0, 26.75, 27.0, 26.75, 27.0, 26.75, 27.25, 26.75, 26.75, 26.75, 27.0, 26.5, 26.5, 26.5, 26.5, 26.5, 26.75, 27.25, 27.5, 27.5, 27.5, 26.75, 27.0, 26.75, 27.0, 27.25, 26.75, 26.5, 27.0, 27.0, 26.75, 27.25, 27.25, 26.75, 26.75, 26.5, 27.0, 27.0, 27.0, 27.25, 27.25, 27.25, 26.25, 26.25, 26.5, 26.5, 26.75, 27.0, 27.25, 27.0]",0,0,0
17,2025-05-27T19:37:29.541412,28.400000000000002,"[26.5, 26.75, 26.75, 27.5, 27.25, 27.0, 26.5, 27.25, 27.0, 26.5, 27.0, 26.75, 27.0, 26.75, 26.25, 26.5, 26.75, 27.0, 27.25, 27.25, 27.25, 26.75, 26.5, 26.5, 26.75, 26.5, 26.75, 26.75, 27.0, 27.0, 26.5, 27.0, 26.25, 27.0, 27.5, 27.25, 27.5, 27.0, 26.5, 27.25, 26.25, 26.5, 27.0, 27.0, 26.75, 27.5, 27.0, 27.0, 26.75, 26.25, 26.5, 26.75, 27.25, 27.75, 27.25, 27.0, 26.25, 26.5, 26.0, 26.25, 26.75, 26.75, 27.25, 27.5]",0,0,0
18,2025-05-27T19:37:29.667042,28.400000000000002,"[26.5, 26.75, 26.75, 27.5, 27.25, 27.0, 26.5, 27.25, 27.0, 26.5, 27.0, 26.75, 27.0, 26.75, 26.25, 26.5, 26.75, 27.0, 27.25, 27.25, 27.25, 26.75, 26.5, 26.5, 26.75, 26.5, 26.75, 26.75, 27.0, 27.0, 26.5, 27.0, 26.25, 27.0, 27.5, 27.25, 27.5, 27.0, 26.5, 27.25, 26.25, 26.5, 27.0, 27.0, 26.75, 27.5, 27.0, 27.0, 26.75, 26.25, 26.5, 26.75, 27.25, 27.75, 27.25, 27.0, 26.25, 26.5, 26.0, 26.25, 26.75, 26.75, 27.25, 27.5]",0,0,0
19,2025-05-27T19:37:29.787390,28.400000000000002,"[26.75, 26.5, 26.5, 26.75, 26.5, 27.0, 26.5, 26.75, 26.75, 26.5, 27.0, 27.0, 27.0, 26.75, 26.5, 27.0, 26.75, 26.75, 27.0, 27.25, 27.0, 26.75, 26.75, 27.0, 27.0, 27.0, 26.75, 26.5, 27.0, 27.0, 26.75, 26.75, 26.5, 27.0, 27.5, 27.25, 27.0, 26.5, 26.75, 27.25, 26.25, 26.25, 27.25, 26.75, 26.25, 27.25, 27.25, 27.0, 26.0, 26.25, 26.5, 27.0, 27.75, 27.25, 27.25, 26.75, 26.5, 26.5, 26.5, 26.25, 26.75, 27.0, 27.0, 26.75]",0,0,0
20,2025-05-27T19:37:29.916132,28.400000000000002,"[26.75, 26.5, 26.5, 26.75, 26.5, 27.0, 26.5, 26.75, 26.75, 26.5, 27.0, 27.0, 27.0, 26.75, 26.5, 27.0, 26.75, 26.75, 27.0, 27.25, 27.0, 26.75, 26.75, 27.0, 27.0, 27.0, 26.75, 26.5, 27.0, 27.0, 26.75, 26.75, 26.5, 27.0, 27.5, 27.25, 27.0, 26.5, 26.75, 27.25, 26.25, 26.25, 27.25, 26.75, 26.25, 27.25, 27.25, 27.0, 26.0, 26.25, 26.5, 27.0, 27.75, 27.25, 27.25, 26.75, 26.5, 26.5, 26.5, 26.25, 26.75, 27.0, 27.0, 26.75]",0,0,0
21,2025-05-27T19:37:30.036486,28.400000000000002,"[26.75, 26.5, 26.5, 27.0, 26.75, 27.0, 26.25, 26.75, 27.0, 26.75, 26.5, 26.5, 27.0, 27.0, 26.75, 27.0, 26.75, 26.5, 27.0, 27.25, 27.25, 26.5, 27.0, 27.25, 26.5, 27.0, 26.75, 26.75, 26.5, 26.75, 26.75, 26.75, 26.5, 27.0, 27.5, 27.0, 27.25, 27.0, 26.75, 27.25, 26.0, 26.5, 27.0, 27.0, 26.75, 27.25, 26.5, 27.0, 26.75, 26.0, 26.5, 27.0, 27.0, 27.25, 27.25, 27.25, 26.25, 27.0, 26.25, 26.0, 26.5, 27.0, 27.0, 27.5]",0,0,0
22,2025-05-27T19:37:30.157522,28.400000000000002,"[26.75, 26.5, 26.5, 27.0, 26.75, 27.0, 26.25, 26.75, 27.0, 26.75, 26.5, 26.5, 27.0, 27.0, 26.75, 27.0, 26.75, 26.5, 27.0, 27.25, 27.25, 26.5, 27.0, 27.25, 26.5, 27.0, 26.75, 26.75, 26.5, 26.75, 26.75, 26.75, 26.5, 27.0, 27.5, 27.0, 27.25, 27.0, 26.75, 27.25, 26.0, 26.5, 27.0, 27.0, 26.75, 27.25, 26.5, 27.0, 26.75, 26.0, 26.5, 27.0, 27.0, 27.25, 27.25, 27.25, 26.25, 27.0, 26.25, 26.0, 26.5, 27.0, 27.0, 27.5]",0,0,0
23,2025-05-27T19:37:30.285510,28.400000000000002,"[26.5, 26.5, 26.5, 26.75, 27.0, 26.75, 26.75, 27.25, 27.0, 26.5, 27.0, 26.75, 26.5, 26.5, 27.0, 26.75, 26.75, 26.75, 27.25, 26.75, 26.75, 26.5, 26.75, 26.75, 27.25, 26.25, 26.5, 26.5, 26.75, 27.25, 26.5, 27.0, 26.5, 27.0, 28.0, 27.0, 27.0, 27.0, 27.0, 27.0, 25.75, 26.5, 26.5, 27.0, 26.75, 27.0, 27.0, 27.0, 26.75, 26.25, 26.5, 26.5, 27.0, 27.25, 27.0, 27.5, 26.25, 26.25, 26.75, 26.5, 27.0, 27.25, 27.25, 27.25]",0,0,0
24,2025-05-27T19:37:30.411693,28.400000000000002,"[26.5, 26.5, 26.5, 26.75, 27.0, 26.75, 26.75, 27.25, 27.0, 26.5, 27.0, 26.75, 26.5, 26.5, 27.0, 26.75, 26.75, 26.75, 27.25, 26.75, 26.75, 26.5, 26.75, 26.75, 27.25, 26.25, 26.5, 26.5, 26.75, 27.25, 26.5, 27.0, 26.5, 27.0, 28.0, 27.0, 27.0, 27.0, 27.0, 27.0, 25.75, 26.5, 26.5, 27.0, 26.75, 27.0, 27.0, 27.0, 26.75, 26.25, 26.5, 26.5, 27.0, 27.25, 27.0, 27.5, 26.25, 26.25, 26.75, 26.5, 27.0, 27.25, 27.25, 27.25]",0,0,0
25,2025-05-27T19:37:30.538241,28.400000000000002,"[26.5, 26.5, 26.5, 26.75, 27.0, 26.75, 26.75, 27.25, 27.0, 26.5, 27.0, 26.75, 26.5, 26.5, 27.0, 26.75, 26.75, 26.75, 27.25, 26.75, 26.75, 26.5, 26.75, 26.75, 27.25, 26.25, 26.5, 26.5, 26.75, 27.25, 26.5, 27.0, 26.5, 27.0, 28.0, 27.0, 27.0, 27.0, 27.0, 27.0, 25.75, 26.5, 26.5, 27.0, 26.75, 27.0, 27.0, 27.0, 26.75, 26.25, 26.5, 26.5, 27.0, 27.25, 27.0, 27.5, 26.25, 26.25, 26.75, 26.5, 27.0, 27.25, 27.25, 27.25]",0,0,0
26,2025-05-27T19:37:30.675134,28.400000000000002,"[26.5, 26.5, 26.5, 27.25, 27.0, 26.75, 27.0, 27.0, 26.5, 26.5, 26.5, 26.75, 26.75, 26.5, 27.0, 26.5, 26.75, 26.75, 26.75, 26.5, 26.75, 26.75, 27.0, 26.75, 26.75, 26.5, 26.5, 26.5, 26.5, 27.25, 26.5, 26.75, 27.0, 27.0, 27.5, 27.0, 27.0, 26.75, 26.75, 27.25, 26.25, 26.25, 27.0, 26.5, 26.75, 26.75, 27.0, 26.5, 26.25, 26.75, 26.5, 26.5, 26.75, 27.25, 27.0, 27.25, 26.0, 26.5, 26.5, 25.75, 26.25, 27.0, 27.0, 27.0]",0,0,0
27,2025-05-27T19:37:30.803724,28.400000000000002,"[26.75, 26.75, 26.75, 27.0, 27.25, 26.5, 26.5, 26.75, 26.75, 26.25, 26.25, 26.25, 27.0, 26.75, 26.75, 27.0, 26.75, 26.75, 27.25, 27.0, 27.25, 26.5, 26.75, 26.5, 27.0, 27.0, 26.5, 26.75, 26.75, 27.0, 26.75, 27.0, 26.75, 27.0, 27.25, 27.25, 27.0, 26.75, 26.5, 27.5, 26.5, 26.5, 27.0, 27.0, 26.75, 27.25, 26.75, 27.0, 26.5, 26.5, 27.0, 26.75, 27.0, 27.5, 27.25, 27.0, 26.25, 26.75, 26.5, 26.25, 26.5, 26.5, 27.0, 27.25]",0,0,0
28,2025-05-27T19:37:30.923321,28.400000000000002,"[26.75, 26.75, 26.75, 27.0, 27.25, 26.5, 26.5, 26.75, 26.75, 26.25, 26.25, 26.25, 27.0, 26.75, 26.75, 27.0, 26.75, 26.75, 27.25, 27.0, 27.25, 26.5, 26.75, 26.5, 27.0, 27.0, 26.5, 26.75, 26.75, 27.0, 26.75, 27.0, 26.75, 27.0, 27.25, 27.25, 27.0, 26.75, 26.5, 27.5, 26.5, 26.5, 27.0, 27.0, 26.75, 27.25, 26.75, 27.0, 26.5, 26.5, 27.0, 26.75, 27.0, 27.5, 27.25, 27.0, 26.25, 26.75, 26.5, 26.25, 26.5, 26.5, 27.0, 27.25]",0,0,0
29,2025-05-27T19:37:31.048789,28.400000000000002,"[26.75, 26.75, 26.75, 27.0, 27.25, 26.5, 26.5, 26.75, 26.75, 26.25, 26.25, 26.25, 27.0, 26.75, 26.75, 27.0, 26.75, 26.75, 27.25, 27.0, 27.25, 26.5, 26.75, 26.5, 27.0, 27.0, 26.5, 26.75, 26.75, 27.0, 26.75, 27.0, 26.75, 27.0, 27.25, 27.25, 27.0, 26.75, 26.5, 27.5, 26.5, 26.5, 27.0, 27.0, 26.75, 27.25, 26.75, 27.0, 26.5, 26.5, 27.0, 26.75, 27.0, 27.5, 27.25, 27.0, 26.25, 26.75, 26.5, 26.25, 26.5, 26.5, 27.0, 27.25]",0,0,0
30,2025-05-27T19:37:31.174931,28.400000000000002,"[25.75, 26.75, 26.5, 27.0, 26.5, 26.5, 26.25, 26.5, 26.75, 26.25, 26.5, 26.75, 26.75, 26.5, 27.0, 26.5, 26.75, 26.5, 26.75, 26.75, 26.75, 27.0, 26.75, 26.25, 26.5, 26.5, 26.75, 26.25, 27.0, 26.5, 26.5, 26.75, 26.5, 27.0, 27.25, 27.0, 26.75, 26.75, 26.75, 27.0, 25.75, 26.5, 26.75, 27.0, 26.5, 27.0, 26.5, 26.75, 26.5, 26.0, 26.0, 26.5, 26.75, 27.0, 26.75, 26.75, 27.0, 26.0, 26.5, 26.25, 26.75, 26.75, 26.5, 26.25]",0,0,0
31,2025-05-27T19:37:31.299041,28.400000000000002,"[25.75, 26.75, 26.5, 27.0, 26.5, 26.5, 26.25, 26.5, 26.75, 26.25, 26.5, 26.75, 26.75, 26.5, 27.0, 26.5, 26.75, 26.5, 26.75, 26.75, 26.75, 27.0, 26.75, 26.25, 26.5, 26.5, 26.75, 26.25, 27.0, 26.5, 26.5, 26.75, 26.5, 27.0, 27.25, 27.0, 26.75, 26.75, 26.75, 27.0, 25.75, 26.5, 26.75, 27.0, 26.5, 27.0, 26.5, 26.75, 26.5, 26.0, 26.0, 26.5, 26.75, 27.0, 26.75, 26.75, 27.0, 26.0, 26.5, 26.25, 26.75, 26.75, 26.5, 26.25]",0,0,0
32,2025-05-27T19:37:31.424183,28.400000000000002,"[26.5, 26.5, 26.5, 27.0, 26.75, 26.75, 26.75, 27.25, 27.0, 26.25, 26.75, 26.5, 26.75, 26.5, 26.75, 27.0, 26.75, 26.5, 26.75, 27.0, 27.0, 26.75, 26.5, 26.75, 26.75, 27.0, 26.25, 26.5, 27.0, 26.75, 26.5, 27.0, 26.5, 27.0, 27.5, 27.0, 26.75, 26.5, 27.0, 27.0, 26.25, 26.25, 27.0, 26.75, 27.0, 27.5, 26.75, 27.25, 26.0, 25.75, 26.25, 27.0, 27.0, 27.25, 27.25, 27.5, 26.75, 26.5, 26.75, 26.25, 26.5, 26.25, 27.0, 26.75]",0,0,0
33,2025-05-27T19:37:31.554315,28.400000000000002,"[26.5, 26.5, 26.5, 27.0, 26.75, 26.75, 26.75, 27.25, 27.0, 26.25, 26.75, 26.5, 26.75, 26.5, 26.75, 27.0, 26.75, 26.5, 26.75, 27.0, 27.0, 26.75, 26.5, 26.75, 26.75, 27.0, 26.25, 26.5, 27.0, 26.75, 26.5, 27.0, 26.5, 27.0, 27.5, 27.0, 26.75, 26.5, 27.0, 27.0, 26.25, 26.25, 27.0, 26.75, 27.0, 27.5, 26.75, 27.25, 26.0, 25.75, 26.25, 27.0, 27.0, 27.25, 27.25, 27.5, 26.75, 26.5, 26.75, 26.25, 26.5, 26.25, 27.0, 26.75]",0,0,0
34,2025-05-27T19:37:31.689056,28.400000000000002,"[26.25, 26.75, 26.25, 27.25, 26.75, 26.5, 26.25, 26.75, 26.5, 26.5, 26.75, 26.5, 27.0, 26.5, 26.5, 26.75, 27.0, 26.5, 26.5, 26.75, 27.0, 26.75, 26.25, 26.75, 27.0, 26.5, 26.5, 27.0, 26.75, 26.75, 26.75, 27.0, 26.5, 26.5, 27.5, 27.0, 27.0, 26.75, 26.75, 27.0, 26.25, 26.25, 26.5, 27.0, 26.75, 27.5, 26.75, 27.0, 26.5, 26.5, 26.5, 26.75, 27.0, 26.75, 27.25, 27.0, 25.75, 26.75, 26.0, 25.75, 26.5, 26.25, 26.75, 27.0]",0,0,0
35,2025-05-27T19:37:31.811370,28.400000000000002,"[26.25, 26.75, 26.25, 27.25, 26.75, 26.5, 26.25, 26.75, 26.5, 26.5, 26.75, 26.5, 27.0, 26.5, 26.5, 26.75, 27.0, 26.5, 26.5, 26.75, 27.0, 26.75, 26.25, 26.75, 27.0, 26.5, 26.5, 27.0, 26.75, 26.75, 26.75, 27.0, 26.5, 26.5, 27.5, 27.0, 27.0, 26.75, 26.75, 27.0, 26.25, 26.25, 26.5, 27.0, 26.75, 27.5, 26.75, 27.0, 26.5, 26.5, 26.5, 26.75, 27.0, 26.75, 27.25, 27.0, 25.75, 26.75, 26.0, 25.75, 26.5, 26.25, 26.75, 27.0]",0,0,0
36,2025-05-27T19:37:31.935799,28.400000000000002,"[26.5, 26.75, 26.5, 27.25, 27.0, 27.0, 26.25, 27.25, 26.5, 26.25, 26.5, 26.5, 26.5, 26.75, 26.75, 26.5, 27.0, 26.75, 27.0, 27.0, 26.75, 26.75, 26.75, 27.25, 26.75, 26.75, 26.75, 26.5, 26.5, 27.0, 26.75, 27.0, 26.5, 27.0, 27.5, 27.0, 26.75, 26.25, 26.75, 27.0, 26.0, 26.25, 26.5, 27.0, 26.75, 27.5, 27.0, 27.0, 26.5, 26.25, 26.5, 26.75, 27.25, 27.25, 27.0, 27.25, 26.75, 26.25, 26.75, 26.0, 27.0, 26.5, 26.75, 27.5]",0,0,0
37,2025-05-27T19:37:32.061844,28.400000000000002,"[26.5, 26.75, 26.5, 27.25, 27.0, 27.0, 26.25, 27.25, 26.5, 26.25, 26.5, 26.5, 26.5, 26.75, 26.75, 26.5, 27.0, 26.75, 27.0, 27.0, 26.75, 26.75, 26.75, 27.25, 26.75, 26.75, 26.75, 26.5, 26.5, 27.0, 26.75, 27.0, 26.5, 27.0, 27.5, 27.0, 26.75, 26.25, 26.75, 27.0, 26.0, 26.25, 26.5, 27.0, 26.75, 27.5, 27.0, 27.0, 26.5, 26.25, 26.5, 26.75, 27.25, 27.25, 27.0, 27.25, 26.75, 26.25, 26.75, 26.0, 27.0, 26.5, 26.75, 27.5]",0,0,0
38,2025-05-27T19:37:32.190501,28.400000000000002,"[25.75, 26.75, 26.25, 26.75, 26.75, 26.25, 26.75, 27.25, 26.75, 26.75, 26.75, 26.5, 26.75, 26.5, 26.5, 26.5, 26.75, 26.75, 26.75, 26.75, 26.75, 26.5, 26.5, 26.75, 26.5, 26.25, 26.5, 26.25, 26.5, 27.0, 26.75, 26.75, 26.5, 27.0, 27.5, 27.0, 27.0, 26.75, 26.75, 27.0, 26.0, 26.25, 27.25, 27.0, 26.75, 27.0, 26.5, 27.0, 26.0, 26.25, 26.25, 26.75, 26.75, 26.75, 27.0, 27.0, 26.5, 26.25, 26.0, 26.5, 26.25, 26.75, 26.5, 27.25]",0,0,0
39,2025-05-27T19:37:32.313124,28.400000000000002,"[25.75, 26.75, 26.25, 26.75, 26.75, 26.25, 26.75, 27.25, 26.75, 26.75, 26.75, 26.5, 26.75, 26.5, 26.5, 26.5, 26.75, 26.75, 26.75, 26.75, 26.75, 26.5, 26.5, 26.75, 26.5, 26.25, 26.5, 26.25, 26.5, 27.0, 26.75, 26.75, 26.5, 27.0, 27.5, 27.0, 27.0, 26.75, 26.75, 27.0, 26.0, 26.25, 27.25, 27.0, 26.75, 27.0, 26.5, 27.0, 26.0, 26.25, 26.25, 26.75, 26.75, 26.75, 27.0, 27.0, 26.5, 26.25, 26.0, 26.5, 26.25, 26.75, 26.5, 27.25]",0,0,0
40,2025-05-27T19:37:32.430422,28.400000000000002,"[26.5, 26.75, 26.5, 26.75, 26.5, 26.75, 26.25, 27.0, 26.75, 26.75, 26.75, 26.25, 26.75, 26.75, 26.75, 27.0, 26.75, 26.75, 26.75, 27.5, 26.75, 26.75, 26.5, 26.5, 27.0, 26.25, 26.5, 26.75, 26.75, 26.75, 26.75, 27.5, 26.75, 27.0, 27.5, 26.75, 27.0, 27.0, 26.75, 27.0, 26.0, 26.75, 27.0, 27.0, 27.0, 27.5, 26.5, 26.75, 26.5, 26.5, 26.25, 27.0, 27.25, 27.25, 27.5, 27.25, 27.0, 27.0, 26.0, 26.5, 27.0, 26.75, 26.5, 26.5]",0,0,0
41,2025-05-27T19:37:32.562020,28.400000000000002,"[26.5, 26.75, 26.5, 26.75, 26.5, 26.75, 26.25, 27.0, 26.75, 26.75, 26.75, 26.25, 26.75, 26.75, 26.75, 27.0, 26.75, 26.75, 26.75, 27.5, 26.75, 26.75, 26.5, 26.5, 27.0, 26.25, 26.5, 26.75, 26.75, 26.75, 26.75, 27.5, 26.75, 27.0, 27.5, 26.75, 27.0, 27.0, 26.75, 27.0, 26.0, 26.75, 27.0, 27.0, 27.0, 27.5, 26.5, 26.75, 26.5, 26.5, 26.25, 27.0, 27.25, 27.25, 27.5, 27.25, 27.0, 27.0, 26.0, 26.5, 27.0, 26.75, 26.5, 26.5]",0,0,0
42,2025-05-27T19:37:32.679468,28.400000000000002,"[26.5, 26.75, 26.25, 26.75, 27.0, 26.75, 26.0, 27.25, 26.5, 26.25, 26.75, 26.5, 26.25, 26.5, 26.5, 26.5, 26.5, 26.5, 26.75, 27.25, 27.25, 26.75, 26.5, 27.0, 26.75, 26.25, 26.25, 26.5, 27.0, 27.0, 26.5, 27.0, 26.5, 27.0, 27.5, 27.25, 27.5, 27.0, 27.0, 27.5, 26.5, 26.75, 26.75, 26.75, 26.5, 27.5, 26.5, 27.25, 26.75, 26.5, 26.75, 26.75, 27.0, 27.5, 27.0, 27.25, 26.75, 26.25, 26.25, 26.25, 26.75, 26.75, 27.75, 26.75]",0,0,0
43,2025-05-27T19:37:32.810647,28.400000000000002,"[26.5, 26.75, 26.25, 26.75, 27.0, 26.75, 26.0, 27.25, 26.5, 26.25, 26.75, 26.5, 26.25, 26.5, 26.5, 26.5, 26.5, 26.5, 26.75, 27.25, 27.25, 26.75, 26.5, 27.0, 26.75, 26.25, 26.25, 26.5, 27.0, 27.0, 26.5, 27.0, 26.5, 27.0, 27.5, 27.25, 27.5, 27.0, 27.0, 27.5, 26.5, 26.75, 26.75, 26.75, 26.5, 27.5, 26.5, 27.25, 26.75, 26.5, 26.75, 26.75, 27.0, 27.5, 27.0, 27.25, 26.75, 26.25, 26.25, 26.25, 26.75, 26.75, 27.75, 26.75]",0,0,0
44,2025-05-27T19:37:32.933348,28.400000000000002,"[26.0, 27.0, 26.5, 27.0, 26.75, 27.0, 26.25, 27.0, 26.75, 26.25, 26.75, 27.0, 26.5, 26.75, 26.5, 26.75, 27.0, 26.75, 27.0, 26.75, 27.0, 26.75, 26.5, 26.25, 26.5, 26.5, 26.75, 26.75, 27.0, 26.5, 27.0, 27.0, 26.75, 26.75, 27.5, 27.25, 26.75, 26.75, 26.5, 27.0, 26.0, 26.5, 26.75, 27.0, 26.5, 27.0, 26.75, 26.5, 26.75, 26.25, 26.5, 27.0, 27.0, 27.25, 27.25, 27.0, 26.5, 27.0, 26.0, 26.25, 27.0, 26.5, 26.5, 26.0]",0,0,0
45,2025-05-27T19:37:33.064326,28.400000000000002,"[26.0, 27.0, 26.5, 27.0, 26.75, 27.0, 26.25, 27.0, 26.75, 26.25, 26.75, 27.0, 26.5, 26.75, 26.5, 26.75, 27.0, 26.75, 27.0, 26.75, 27.0, 26.75, 26.5, 26.25, 26.5, 26.5, 26.75, 26.75, 27.0, 26.5, 27.0, 27.0, 26.75, 26.75, 27.5, 27.25, 26.75, 26.75, 26.5, 27.0, 26.0, 26.5, 26.75, 27.0, 26.5, 27.0, 26.75, 26.5, 26.75, 26.25, 26.5, 27.0, 27.0, 27.25, 27.25, 27.0, 26.5, 27.0, 26.0, 26.25, 27.0, 26.5, 26.5, 26.0]",0,0,0
46,2025-05-27T19:37:33.197381,28.400000000000002,"[26.5, 26.75, 26.25, 27.25, 27.0, 27.0, 26.0, 27.0, 26.75, 26.25, 26.75, 26.5, 26.5, 26.5, 26.75, 26.75, 26.75, 26.75, 26.75, 27.0, 27.0, 26.5, 26.5, 26.5, 27.0, 26.75, 27.0, 26.75, 26.75, 26.5, 26.5, 27.0, 26.5, 26.75, 27.5, 27.0, 27.0, 26.25, 26.75, 26.75, 26.25, 26.25, 27.0, 26.75, 26.5, 27.0, 26.75, 26.5, 26.5, 26.25, 26.25, 26.5, 27.0, 26.75, 27.0, 27.0, 26.0, 26.25, 26.0, 26.5, 26.5, 27.25, 27.25, 26.25]",0,0,0
47,2025-05-27T19:37:33.324245,28.400000000000002,"[26.5, 26.75, 26.25, 27.25, 27.0, 27.0, 26.0, 27.0, 26.75, 26.25, 26.75, 26.5, 26.5, 26.5, 26.75, 26.75, 26.75, 26.75, 26.75, 27.0, 27.0, 26.5, 26.5, 26.5, 27.0, 26.75, 27.0, 26.75, 26.75, 26.5, 26.5, 27.0, 26.5, 26.75, 27.5, 27.0, 27.0, 26.25, 26.75, 26.75, 26.25, 26.25, 27.0, 26.75, 26.5, 27.0, 26.75, 26.5, 26.5, 26.25, 26.25, 26.5, 27.0, 26.75, 27.0, 27.0, 26.0, 26.25, 26.0, 26.5, 26.5, 27.25, 27.25, 26.25]",0,0,0
48,2025-05-27T19:37:33.447479,28.400000000000002,"[26.25, 26.75, 26.25, 27.0, 27.0, 27.0, 26.5, 27.25, 26.75, 26.25, 26.5, 26.5, 26.5, 26.5, 26.75, 26.75, 26.75, 27.0, 26.75, 27.0, 27.0, 27.0, 26.5, 26.75, 26.75, 26.25, 27.0, 26.5, 26.5, 27.25, 26.75, 27.0, 26.5, 27.0, 28.0, 27.0, 27.0, 26.75, 27.0, 27.5, 26.5, 26.5, 27.0, 26.75, 26.75, 27.0, 27.0, 26.75, 26.75, 26.25, 26.25, 26.75, 27.25, 27.5, 27.25, 27.5, 26.75, 26.0, 26.0, 26.25, 26.75, 26.25, 26.75, 27.5]",0,0,0
49,2025-05-27T19:37:33.571320,28.400000000000002,"[26.25, 26.75, 26.25, 27.0, 27.0, 27.0, 26.5, 27.25, 26.75, 26.25, 26.5, 26.5, 26.5, 26.5, 26.75, 26.75, 26.75, 27.0, 26.75, 27.0, 27.0, 27.0, 26.5, 26.75, 26.75, 26.25, 27.0, 26.5, 26.5, 27.25, 26.75, 27.0, 26.5, 27.0, 28.0, 27.0, 27.0, 26.75, 27.0, 27.5, 26.5, 26.5, 27.0, 26.75, 26.75, 27.0, 27.0, 26.75, 26.75, 26.25, 26.25, 26.75, 27.25, 27.5, 27.25, 27.5, 26.75, 26.0, 26.0, 26.25, 26.75, 26.25, 26.75, 27.5]",0,0,0
50,2025-05-27T19:37:33.693472,28.400000000000002,"[25.75, 26.75, 26.25, 27.0, 26.5, 26.75, 26.0, 27.25, 26.25, 26.5, 26.75, 26.75, 26.75, 26.75, 26.75, 26.75, 26.5, 27.0, 26.5, 26.75, 26.5, 26.75, 26.25, 26.25, 26.75, 26.75, 26.75, 26.75, 26.5, 26.5, 26.5, 27.0, 26.5, 27.0, 27.75, 27.0, 26.75, 26.75, 26.75, 26.5, 26.25, 26.5, 26.75, 27.0, 26.75, 27.0, 26.75, 26.25, 26.75, 26.5, 26.25, 26.5, 27.25, 27.5, 27.25, 27.0, 26.5, 26.0, 26.0, 26.75, 26.5, 26.75, 27.0, 27.25]",0,0,0
51,2025-05-27T19:37:33.821717,28.400000000000002,"[25.75, 26.75, 26.25, 27.0, 26.5, 26.75, 26.0, 27.25, 26.25, 26.5, 26.75, 26.75, 26.75, 26.75, 26.75, 26.75, 26.5, 27.0, 26.5, 26.75, 26.5, 26.75, 26.25, 26.25, 26.75, 26.75, 26.75, 26.75, 26.5, 26.5, 26.5, 27.0, 26.5, 27.0, 27.75, 27.0, 26.75, 26.75, 26.75, 26.5, 26.25, 26.5, 26.75, 27.0, 26.75, 27.0, 26.75, 26.25, 26.75, 26.5, 26.25, 26.5, 27.25, 27.5, 27.25, 27.0, 26.5, 26.0, 26.0, 26.75, 26.5, 26.75, 27.0, 27.25]",0,0,0
52,2025-05-27T19:37:33.944284,28.400000000000002,"[26.5, 26.75, 26.25, 27.0, 26.75, 26.75, 26.75, 27.25, 26.75, 26.5, 26.75, 27.0, 27.0, 26.5, 26.75, 27.25, 26.75, 27.0, 26.75, 26.75, 26.75, 27.0, 26.5, 26.75, 26.75, 26.5, 26.75, 26.5, 26.5, 27.0, 26.75, 26.75, 27.0, 27.0, 27.75, 27.0, 27.0, 26.5, 27.0, 27.25, 26.75, 26.5, 27.0, 27.0, 27.0, 27.25, 27.25, 27.25, 26.75, 26.75, 26.5, 27.25, 27.0, 27.0, 27.25, 27.25, 27.0, 26.25, 26.0, 26.75, 26.75, 27.0, 27.0, 27.25]",0,0,0
53,2025-05-27T19:37:34.068439,28.400000000000002,"[26.5, 26.75, 26.25, 27.0, 26.75, 26.75, 26.75, 27.25, 26.75, 26.5, 26.75, 27.0, 27.0, 26.5, 26.75, 27.25, 26.75, 27.0, 26.75, 26.75, 26.75, 27.0, 26.5, 26.75, 26.75, 26.5, 26.75, 26.5, 26.5, 27.0, 26.75, 26.75, 27.0, 27.0, 27.75, 27.0, 27.0, 26.5, 27.0, 27.25, 26.75, 26.5, 27.0, 27.0, 27.0, 27.25, 27.25, 27.25, 26.75, 26.75, 26.5, 27.25, 27.0, 27.0, 27.25, 27.25, 27.0, 26.25, 26.0, 26.75, 26.75, 27.0, 27.0, 27.25]",0,0,0
54,2025-05-27T19:37:34.191305,28.400000000000002,"[26.5, 26.75, 26.25, 27.0, 26.75, 26.75, 26.75, 27.25, 26.75, 26.5, 26.75, 27.0, 27.0, 26.5, 26.75, 27.25, 26.75, 27.0, 26.75, 26.75, 26.75, 27.0, 26.5, 26.75, 26.75, 26.5, 26.75, 26.5, 26.5, 27.0, 26.75, 26.75, 27.0, 27.0, 27.75, 27.0, 27.0, 26.5, 27.0, 27.25, 26.75, 26.5, 27.0, 27.0, 27.0, 27.25, 27.25, 27.25, 26.75, 26.75, 26.5, 27.25, 27.0, 27.0, 27.25, 27.25, 27.0, 26.25, 26.0, 26.75, 26.75, 27.0, 27.0, 27.25]",0,0,0
55,2025-05-27T19:37:34.317376,28.400000000000002,"[26.75, 26.75, 26.75, 26.75, 27.25, 26.5, 26.75, 27.0, 26.75, 26.5, 26.5, 26.75, 27.0, 27.0, 26.75, 26.75, 26.75, 26.75, 27.25, 27.25, 27.0, 27.0, 26.75, 27.0, 26.75, 26.75, 26.5, 26.75, 26.75, 27.0, 26.75, 26.75, 26.75, 26.5, 27.75, 27.0, 27.25, 26.75, 26.75, 27.0, 26.0, 26.25, 27.0, 26.5, 26.5, 26.75, 27.0, 27.0, 26.5, 26.25, 26.0, 27.0, 27.25, 27.25, 27.25, 27.25, 26.5, 26.0, 26.25, 26.5, 26.5, 27.0, 27.25, 27.5]",0,0,0
56,2025-05-27T19:37:34.437030,28.400000000000002,"[26.75, 26.75, 26.75, 26.75, 27.25, 26.5, 26.75, 27.0, 26.75, 26.5, 26.5, 26.75, 27.0, 27.0, 26.75, 26.75, 26.75, 26.75, 27.25, 27.25, 27.0, 27.0, 26.75, 27.0, 26.75, 26.75, 26.5, 26.75, 26.75, 27.0, 26.75, 26.75, 26.75, 26.5, 27.75, 27.0, 27.25, 26.75, 26.75, 27.0, 26.0, 26.25, 27.0, 26.5, 26.5, 26.75, 27.0, 27.0, 26.5, 26.25, 26.0, 27.0, 27.25, 27.25, 27.25, 27.25, 26.5, 26.0, 26.25, 26.5, 26.5, 27.0, 27.25, 27.5]",0,0,0
57,2025-05-27T19:37:34.563423,28.400000000000002,"[26.5, 27.0, 26.75, 27.5, 27.0, 26.75, 26.5, 27.25, 27.0, 27.0, 26.75, 26.5, 26.75, 27.0, 26.75, 26.75, 27.0, 27.0, 27.0, 27.0, 27.0, 27.0, 27.0, 26.5, 27.0, 26.5, 27.0, 27.0, 27.0, 26.5, 27.0, 26.75, 27.0, 26.75, 27.75, 27.0, 27.25, 27.0, 27.25, 27.0, 26.25, 26.5, 27.25, 27.0, 27.0, 27.25, 26.75, 26.5, 26.25, 26.5, 26.75, 26.75, 26.75, 27.0, 27.25, 27.25, 26.75, 26.25, 26.5, 26.5, 26.5, 27.0, 27.25, 27.0]",0,0,0
58,2025-05-27T19:37:34.694457,28.400000000000002,"[26.5, 27.0, 26.75, 27.5, 27.0, 26.75, 26.5, 27.25, 27.0, 27.0, 26.75, 26.5, 26.75, 27.0, 26.75, 26.75, 27.0, 27.0, 27.0, 27.0, 27.0, 27.0, 27.0, 26.5, 27.0, 26.5, 27.0, 27.0, 27.0, 26.5, 27.0, 26.75, 27.0, 26.75, 27.75, 27.0, 27.25, 27.0, 27.25, 27.0, 26.25, 26.5, 27.25, 27.0, 27.0, 27.25, 26.75, 26.5, 26.25, 26.5, 26.75, 26.75, 26.75, 27.0, 27.25, 27.25, 26.75, 26.25, 26.5, 26.5, 26.5, 27.0, 27.25, 27.0]",0,0,0
59,2025-05-27T19:37:34.831341,28.400000000000002,"[26.5, 27.0, 26.5, 27.25, 26.25, 26.75, 26.25, 27.5, 26.75, 27.0, 26.75, 26.75, 26.75, 26.5, 26.75, 26.75, 26.75, 27.0, 26.75, 27.0, 26.75, 26.75, 27.0, 26.5, 26.5, 26.5, 26.75, 26.5, 27.0, 26.75, 26.5, 26.75, 26.75, 26.75, 27.5, 27.75, 27.0, 26.75, 26.75, 27.0, 26.0, 26.0, 26.75, 26.5, 26.75, 27.25, 26.75, 27.25, 26.25, 26.5, 26.5, 26.75, 27.0, 27.0, 27.25, 26.75, 26.75, 26.25, 26.5, 26.25, 26.5, 27.25, 26.5, 27.5]",0,0,0
60,2025-05-27T19:37:34.956616,28.400000000000002,"[26.5, 27.0, 26.5, 27.25, 26.25, 26.75, 26.25, 27.5, 26.75, 27.0, 26.75, 26.75, 26.75, 26.5, 26.75, 26.75, 26.75, 27.0, 26.75, 27.0, 26.75, 26.75, 27.0, 26.5, 26.5, 26.5, 26.75, 26.5, 27.0, 26.75, 26.5, 26.75, 26.75, 26.75, 27.5, 27.75, 27.0, 26.75, 26.75, 27.0, 26.0, 26.0, 26.75, 26.5, 26.75, 27.25, 26.75, 27.25, 26.25, 26.5, 26.5, 26.75, 27.0, 27.0, 27.25, 26.75, 26.75, 26.25, 26.5, 26.25, 26.5, 27.25, 26.5, 27.5]",0,0,0
61,2025-05-27T19:37:35.077408,28.400000000000002,"[26.25, 26.25, 26.5, 27.0, 27.0, 26.75, 27.0, 27.75, 27.0, 26.75, 26.75, 27.0, 26.75, 26.75, 26.75, 26.75, 27.0, 27.0, 27.25, 27.0, 27.5, 27.0, 26.75, 27.0, 27.5, 27.0, 27.25, 26.75, 27.0, 27.0, 27.0, 27.0, 26.75, 27.0, 27.5, 27.25, 27.25, 26.75, 27.0, 27.25, 26.25, 26.5, 27.5, 27.0, 26.75, 27.25, 27.0, 27.0, 26.25, 26.5, 26.25, 27.0, 27.0, 27.5, 27.0, 27.0, 27.0, 26.25, 26.25, 26.5, 27.0, 26.75, 27.0, 27.25]",0,0,0
62,2025-05-27T19:37:35.203626,28.400000000000002,"[26.25, 26.25, 26.5, 27.0, 27.0, 26.75, 27.0, 27.75, 27.0, 26.75, 26.75, 27.0, 26.75, 26.75, 26.75, 26.75, 27.0, 27.0, 27.25, 27.0, 27.5, 27.0, 26.75, 27.0, 27.5, 27.0, 27.25, 26.75, 27.0, 27.0, 27.0, 27.0, 26.75, 27.0, 27.5, 27.25, 27.25, 26.75, 27.0, 27.25, 26.25, 26.5, 27.5, 27.0, 26.75, 27.25, 27.0, 27.0, 26.25, 26.5, 26.25, 27.0, 27.0, 27.5, 27.0, 27.0, 27.0, 26.25, 26.25, 26.5, 27.0, 26.75, 27.0, 27.25]",0,0,0
63,2025-05-27T19:37:35.326378,28.400000000000002,"[26.5, 26.75, 26.25, 27.0, 27.0, 27.0, 27.0, 27.25, 26.5, 26.75, 27.0, 27.0, 26.5, 27.0, 26.75, 27.0, 26.5, 26.5, 27.0, 26.5, 27.0, 26.75, 26.75, 26.75, 26.75, 26.25, 26.75, 26.75, 26.5, 26.75, 26.75, 27.0, 27.25, 27.25, 27.75, 27.25, 27.0, 27.25, 27.25, 27.5, 25.75, 26.0, 27.0, 26.75, 26.75, 27.5, 26.75, 26.25, 26.25, 26.25, 26.5, 27.25, 27.0, 27.5, 27.25, 27.5, 26.25, 26.5, 26.5, 26.5, 26.75, 26.5, 27.0, 27.25]",0,0,0
64,2025-05-27T19:37:35.455396,28.400000000000002,"[26.5, 26.75, 26.25, 27.0, 27.0, 27.0, 27.0, 27.25, 26.5, 26.75, 27.0, 27.0, 26.5, 27.0, 26.75, 27.0, 26.5, 26.5, 27.0, 26.5, 27.0, 26.75, 26.75, 26.75, 26.75, 26.25, 26.75, 26.75, 26.5, 26.75, 26.75, 27.0, 27.25, 27.25, 27.75, 27.25, 27.0, 27.25, 27.25, 27.5, 25.75, 26.0, 27.0, 26.75, 26.75, 27.5, 26.75, 26.25, 26.25, 26.25, 26.5, 27.25, 27.0, 27.5, 27.25, 27.5, 26.25, 26.5, 26.5, 26.5, 26.75, 26.5, 27.0, 27.25]",0,0,0
65,2025-05-27T19:37:35.586894,28.400000000000002,"[26.5, 26.75, 26.25, 27.0, 27.0, 27.0, 27.0, 27.25, 26.5, 26.75, 27.0, 27.0, 26.5, 27.0, 26.75, 27.0, 26.5, 26.5, 27.0, 26.5, 27.0, 26.75, 26.75, 26.75, 26.75, 26.25, 26.75, 26.75, 26.5, 26.75, 26.75, 27.0, 27.25, 27.25, 27.75, 27.25, 27.0, 27.25, 27.25, 27.5, 25.75, 26.0, 27.0, 26.75, 26.75, 27.5, 26.75, 26.25, 26.25, 26.25, 26.5, 27.25, 27.0, 27.5, 27.25, 27.5, 26.25, 26.5, 26.5, 26.5, 26.75, 26.5, 27.0, 27.25]",0,0,0
66,2025-05-27T19:37:35.741619,28.400000000000002,"[26.5, 26.75, 26.5, 27.25, 27.25, 27.0, 26.5, 27.25, 26.5, 26.5, 27.0, 26.75, 27.0, 26.75, 27.0, 26.75, 27.0, 26.75, 27.25, 27.0, 27.25, 27.0, 27.0, 27.0, 26.75, 26.75, 26.75, 27.0, 26.75, 27.0, 26.75, 26.75, 26.75, 27.25, 27.75, 27.0, 27.25, 27.25, 27.25, 27.5, 26.5, 26.5, 27.25, 27.25, 26.75, 27.5, 27.25, 27.5, 26.75, 27.0, 26.5, 27.25, 27.5, 27.25, 27.5, 27.25, 27.0, 26.75, 26.25, 26.0, 27.25, 26.5, 27.25, 27.25]",0,0,0
67,2025-05-27T19:37:35.899925,28.400000000000002,"[26.5, 26.75, 26.5, 27.25, 27.25, 27.0, 26.5, 27.25, 26.5, 26.5, 27.0, 26.75, 27.0, 26.75, 27.0, 26.75, 27.0, 26.75, 27.25, 27.0, 27.25, 27.0, 27.0, 27.0, 26.75, 26.75, 26.75, 27.0, 26.75, 27.0, 26.75, 26.75, 26.75, 27.25, 27.75, 27.0, 27.25, 27.25, 27.25, 27.5, 26.5, 26.5, 27.25, 27.25, 26.75, 27.5, 27.25, 27.5, 26.75, 27.0, 26.5, 27.25, 27.5, 27.25, 27.5, 27.25, 27.0, 26.75, 26.25, 26.0, 27.25, 26.5, 27.25, 27.25]",0,0,0
68,2025-05-27T19:37:36.057763,28.400000000000002,"[26.5, 27.0, 26.25, 27.5, 27.0, 26.5, 26.5, 26.75, 26.5, 26.25, 26.75, 27.0, 26.75, 26.75, 26.5, 26.5, 27.0, 26.75, 27.25, 27.0, 27.0, 26.75, 26.5, 26.5, 27.0, 27.0, 27.0, 26.25, 26.75, 26.75, 27.0, 26.5, 26.5, 27.0, 27.75, 27.25, 27.0, 27.25, 27.25, 27.25, 26.25, 26.5, 27.25, 27.0, 26.75, 27.5, 26.75, 27.0, 26.25, 26.5, 26.75, 27.0, 27.0, 27.25, 27.75, 27.0, 26.25, 26.25, 26.25, 26.25, 26.75, 27.25, 27.5, 27.0]",0,0,0
69,2025-05-27T19:37:36.215963,28.400000000000002,"[26.75, 27.5, 26.25, 26.75, 26.75, 26.75, 26.5, 27.25, 26.75, 27.0, 27.25, 27.0, 27.5, 26.75, 27.0, 27.0, 27.0, 26.75, 27.0, 27.25, 27.5, 27.0, 26.5, 26.75, 27.0, 27.25, 26.75, 26.75, 27.0, 26.75, 26.75, 26.5, 26.75, 27.25, 27.75, 27.5, 27.0, 27.0, 27.25, 27.75, 26.25, 26.5, 27.25, 26.75, 27.25, 27.5, 27.0, 27.5, 26.75, 27.25, 26.75, 27.0, 27.25, 27.75, 27.25, 27.5, 26.5, 26.5, 26.25, 26.75, 26.75, 27.25, 27.25, 27.0]",0,0,0
70,2025-05-27T19:37:36.367923,28.400000000000002,"[26.75, 27.5, 26.25, 26.75, 26.75, 26.75, 26.5, 27.25, 26.75, 27.0, 27.25, 27.0, 27.5, 26.75, 27.0, 27.0, 27.0, 26.75, 27.0, 27.25, 27.5, 27.0, 26.5, 26.75, 27.0, 27.25, 26.75, 26.75, 27.0, 26.75, 26.75, 26.5, 26.75, 27.25, 27.75, 27.5, 27.0, 27.0, 27.25, 27.75, 26.25, 26.5, 27.25, 26.75, 27.25, 27.5, 27.0, 27.5, 26.75, 27.25, 26.75, 27.0, 27.25, 27.75, 27.25, 27.5, 26.5, 26.5, 26.25, 26.75, 26.75, 27.25, 27.25, 27.0]",0,0,0
71,2025-05-27T19:37:36.525718,28.400000000000002,"[26.0, 26.5, 26.75, 26.75, 27.25, 27.25, 27.0, 27.5, 26.25, 26.75, 27.0, 26.75, 26.75, 26.75, 27.0, 27.25, 26.75, 27.0, 26.75, 27.0, 27.25, 26.75, 26.75, 26.75, 27.0, 26.75, 26.5, 26.5, 27.0, 26.75, 26.75, 26.75, 26.5, 27.25, 27.5, 27.25, 27.25, 27.0, 26.5, 27.25, 26.75, 26.5, 27.25, 27.0, 27.0, 27.25, 27.0, 27.0, 26.5, 26.25, 26.5, 26.75, 26.75, 27.0, 27.25, 27.0, 27.0, 26.5, 26.75, 26.5, 26.75, 27.25, 27.25, 27.0]",0,0,0
72,2025-05-27T19:37:36.666396,28.400000000000002,"[26.75, 27.5, 26.75, 27.5, 27.0, 26.5, 26.25, 27.0, 27.0, 26.75, 27.0, 27.0, 27.25, 27.0, 27.25, 27.0, 27.0, 27.25, 27.0, 27.0, 27.25, 26.5, 26.75, 26.75, 27.0, 26.75, 26.75, 26.75, 26.75, 27.25, 26.75, 26.75, 27.0, 27.25, 27.75, 27.5, 27.25, 27.25, 27.25, 27.5, 26.25, 26.5, 27.25, 27.0, 26.75, 27.75, 27.0, 27.5, 26.5, 27.0, 27.0, 27.25, 27.5, 27.25, 27.75, 27.5, 26.75, 26.75, 26.75, 26.5, 27.0, 27.0, 27.25, 27.0]",0,0,0
73,2025-05-27T19:37:36.819304,28.400000000000002,"[26.75, 27.5, 26.75, 27.5, 27.0, 26.5, 26.25, 27.0, 27.0, 26.75, 27.0, 27.0, 27.25, 27.0, 27.25, 27.0, 27.0, 27.25, 27.0, 27.0, 27.25, 26.5, 26.75, 26.75, 27.0, 26.75, 26.75, 26.75, 26.75, 27.25, 26.75, 26.75, 27.0, 27.25, 27.75, 27.5, 27.25, 27.25, 27.25, 27.5, 26.25, 26.5, 27.25, 27.0, 26.75, 27.75, 27.0, 27.5, 26.5, 27.0, 27.0, 27.25, 27.5, 27.25, 27.75, 27.5, 26.75, 26.75, 26.75, 26.5, 27.0, 27.0, 27.25, 27.0]",0,0,0
74,2025-05-27T19:37:36.966470,28.400000000000002,"[26.5, 27.0, 26.5, 26.75, 26.75, 27.0, 26.5, 27.0, 27.0, 26.25, 27.0, 26.5, 27.0, 26.5, 27.0, 26.75, 27.0, 26.75, 27.25, 27.0, 27.0, 26.75, 26.25, 26.5, 27.25, 26.75, 26.5, 26.25, 26.75, 26.75, 26.5, 26.5, 26.75, 27.25, 27.5, 26.75, 27.0, 27.0, 27.25, 27.25, 26.0, 26.25, 27.0, 27.0, 26.75, 27.5, 27.0, 27.5, 26.75, 26.75, 26.25, 27.0, 27.25, 27.25, 26.75, 27.25, 26.5, 26.5, 25.75, 26.25, 26.5, 26.75, 27.0, 27.25]",0,0,0
75,2025-05-27T19:37:37.090038,28.400000000000002,"[26.5, 27.0, 26.5, 26.75, 26.75, 27.0, 26.5, 27.0, 27.0, 26.25, 27.0, 26.5, 27.0, 26.5, 27.0, 26.75, 27.0, 26.75, 27.25, 27.0, 27.0, 26.75, 26.25, 26.5, 27.25, 26.75, 26.5, 26.25, 26.75, 26.75, 26.5, 26.5, 26.75, 27.25, 27.5, 26.75, 27.0, 27.0, 27.25, 27.25, 26.0, 26.25, 27.0, 27.0, 26.75, 27.5, 27.0, 27.5, 26.75, 26.75, 26.25, 27.0, 27.25, 27.25, 26.75, 27.25, 26.5, 26.5, 25.75, 26.25, 26.5, 26.75, 27.0, 27.25]",0,0,0
76,2025-05-27T19:37:37.226549,28.400000000000002,"[26.5, 27.0, 26.75, 27.0, 27.25, 27.25, 27.0, 28.0, 27.0, 26.75, 27.0, 26.5, 26.75, 26.5, 27.0, 27.25, 27.25, 26.5, 27.5, 27.25, 27.5, 27.25, 26.5, 26.75, 27.25, 26.75, 27.25, 27.0, 27.0, 27.0, 26.75, 27.25, 26.75, 27.0, 27.75, 27.25, 27.5, 27.0, 27.25, 27.5, 26.75, 26.75, 27.5, 27.25, 27.0, 27.0, 27.0, 27.25, 26.75, 26.25, 27.0, 26.75, 27.25, 27.5, 27.5, 27.0, 27.0, 26.5, 27.0, 26.5, 27.0, 27.25, 26.75, 27.25]",0,0,0
77,2025-05-27T19:37:37.375956,28.400000000000002,"[26.5, 27.0, 26.75, 27.0, 27.25, 27.25, 27.0, 28.0, 27.0, 26.75, 27.0, 26.5, 26.75, 26.5, 27.0, 27.25, 27.25, 26.5, 27.5, 27.25, 27.5, 27.25, 26.5, 26.75, 27.25, 26.75, 27.25, 27.0, 27.0, 27.0, 26.75, 27.25, 26.75, 27.0, 27.75, 27.25, 27.5, 27.0, 27.25, 27.5, 26.75, 26.75, 27.5, 27.25, 27.0, 27.0, 27.0, 27.25, 26.75, 26.25, 27.0, 26.75, 27.25, 27.5, 27.5, 27.0, 27.0, 26.5, 27.0, 26.5, 27.0, 27.25, 26.75, 27.25]",0,0,0
78,2025-05-27T19:37:37.526522,28.400000000000002,"[27.0, 26.75, 26.0, 27.25, 27.25, 26.75, 26.5, 27.25, 26.75, 26.25, 27.0, 26.5, 26.25, 27.25, 26.75, 26.5, 26.75, 27.0, 27.25, 27.25, 27.25, 27.25, 26.75, 26.75, 26.75, 26.75, 27.0, 26.75, 27.75, 26.75, 26.75, 27.0, 27.0, 26.75, 28.0, 27.25, 27.0, 27.0, 26.75, 27.25, 26.5, 26.5, 27.25, 26.75, 26.75, 27.25, 27.0, 27.0, 26.25, 26.25, 26.25, 27.0, 27.25, 27.0, 27.0, 27.5, 27.0, 26.5, 26.25, 26.5, 27.0, 27.0, 27.25, 27.5]",0,0,0
79,2025-05-27T19:37:37.681824,28.400000000000002,"[27.0, 26.75, 26.0, 27.25, 27.25, 26.75, 26.5, 27.25, 26.75, 26.25, 27.0, 26.5, 26.25, 27.25, 26.75, 26.5, 26.75, 27.0, 27.25, 27.25, 27.25, 27.25, 26.75, 26.75, 26.75, 26.75, 27.0, 26.75, 27.75, 26.75, 26.75, 27.0, 27.0, 26.75, 28.0, 27.25, 27.0, 27.0, 26.75, 27.25, 26.5, 26.5, 27.25, 26.75, 26.75, 27.25, 27.0, 27.0, 26.25, 26.25, 26.25, 27.0, 27.25, 27.0, 27.0, 27.5, 27.0, 26.5, 26.25, 26.5, 27.0, 27.0, 27.25, 27.5]",0,0,0
80,2025-05-27T19:37:37.815268,28.400000000000002,"[26.75, 26.75, 26.25, 27.5, 27.75, 27.0, 27.0, 27.5, 27.25, 27.0, 27.0, 27.0, 27.0, 27.0, 26.75, 27.0, 27.25, 27.0, 27.25, 27.5, 27.25, 27.25, 27.0, 27.5, 27.25, 26.75, 27.0, 27.0, 27.25, 27.5, 27.0, 27.0, 26.75, 27.0, 28.0, 27.25, 27.75, 27.0, 27.25, 27.25, 26.5, 26.5, 27.25, 27.0, 27.0, 27.25, 27.0, 27.25, 26.5, 26.25, 26.5, 27.25, 27.25, 27.75, 27.25, 27.25, 27.0, 26.75, 26.25, 26.5, 27.0, 27.5, 27.25, 27.25]",0,0,0
81,2025-05-27T19:37:37.959964,28.400000000000002,"[26.75, 26.75, 26.25, 27.5, 27.75, 27.0, 27.0, 27.5, 27.25, 27.0, 27.0, 27.0, 27.0, 27.0, 26.75, 27.0, 27.25, 27.0, 27.25, 27.5, 27.25, 27.25, 27.0, 27.5, 27.25, 26.75, 27.0, 27.0, 27.25, 27.5, 27.0, 27.0, 26.75, 27.0, 28.0, 27.25, 27.75, 27.0, 27.25, 27.25, 26.5, 26.5, 27.25, 27.0, 27.0, 27.25, 27.0, 27.25, 26.5, 26.25, 26.5, 27.25, 27.25, 27.75, 27.25, 27.25, 27.0, 26.75, 26.25, 26.5, 27.0, 27.5, 27.25, 27.25]",0,0,0
82,2025-05-27T19:37:38.096647,28.400000000000002,"[27.0, 26.5, 26.75, 26.75, 26.5, 26.75, 26.75, 27.0, 27.0, 27.0, 27.25, 27.25, 27.0, 26.75, 27.0, 27.0, 26.75, 26.75, 27.0, 27.25, 27.0, 27.0, 26.5, 26.75, 27.25, 27.0, 27.25, 26.5, 27.0, 26.75, 26.75, 27.0, 26.75, 27.0, 27.5, 27.25, 27.0, 26.75, 27.0, 27.0, 26.5, 26.5, 27.0, 27.25, 26.5, 27.5, 27.25, 27.0, 26.5, 26.5, 26.5, 26.75, 27.5, 27.25, 27.25, 27.75, 26.5, 26.75, 26.25, 27.0, 27.0, 27.0, 27.25, 27.5]",0,0,0
83,2025-05-27T19:37:38.235817,28.400000000000002,"[26.5, 26.75, 26.25, 27.25, 27.5, 27.25, 26.25, 27.25, 27.25, 26.5, 27.25, 27.25, 27.0, 27.0, 27.25, 27.5, 27.25, 27.0, 27.25, 27.0, 27.0, 27.25, 26.75, 27.0, 27.0, 27.25, 27.0, 26.75, 27.0, 27.25, 27.25, 27.0, 26.75, 27.25, 27.75, 27.5, 27.25, 26.75, 27.25, 27.5, 26.0, 26.75, 27.25, 27.5, 27.0, 27.5, 27.0, 27.25, 26.75, 26.5, 26.75, 26.75, 27.25, 27.75, 27.25, 27.25, 27.25, 26.75, 26.5, 26.5, 27.0, 27.5, 27.25, 27.5]",0,0,0
84,2025-05-27T19:37:38.385286,28.400000000000002,"[26.5, 26.75, 26.25, 27.25, 27.5, 27.25, 26.25, 27.25, 27.25, 26.5, 27.25, 27.25, 27.0, 27.0, 27.25, 27.5, 27.25, 27.0, 27.25, 27.0, 27.0, 27.25, 26.75, 27.0, 27.0, 27.25, 27.0, 26.75, 27.0, 27.25, 27.25, 27.0, 26.75, 27.25, 27.75, 27.5, 27.25, 26.75, 27.25, 27.5, 26.0, 26.75, 27.25, 27.5, 27.0, 27.5, 27.0, 27.25, 26.75, 26.5, 26.75, 26.75, 27.25, 27.75, 27.25, 27.25, 27.25, 26.75, 26.5, 26.5, 27.0, 27.5, 27.25, 27.5]",0,0,0
85,2025-05-27T19:37:38.522816,28.400000000000002,"[26.5, 27.0, 26.5, 27.0, 27.25, 27.0, 27.0, 27.5, 27.0, 26.5, 26.5, 26.75, 26.75, 26.75, 26.75, 26.25, 26.75, 26.75, 26.75, 27.0, 26.75, 27.0, 26.75, 26.75, 26.75, 26.75, 27.0, 26.5, 26.75, 26.75, 27.0, 27.0, 26.5, 27.25, 27.5, 27.0, 27.25, 27.25, 27.0, 27.0, 26.25, 26.5, 27.25, 26.75, 26.75, 27.25, 27.0, 27.0, 26.25, 26.5, 27.0, 27.25, 27.0, 27.25, 27.0, 27.5, 26.25, 26.25, 26.75, 26.75, 26.5, 27.0, 26.75, 27.0]",0,0,0
86,2025-05-27T19:37:38.664864,28.400000000000002,"[26.5, 27.0, 26.5, 27.0, 27.25, 27.0, 27.0, 27.5, 27.0, 26.5, 26.5, 26.75, 26.75, 26.75, 26.75, 26.25, 26.75, 26.75, 26.75, 27.0, 26.75, 27.0, 26.75, 26.75, 26.75, 26.75, 27.0, 26.5, 26.75, 26.75, 27.0, 27.0, 26.5, 27.25, 27.5, 27.0, 27.25, 27.25, 27.0, 27.0, 26.25, 26.5, 27.25, 26.75, 26.75, 27.25, 27.0, 27.0, 26.25, 26.5, 27.0, 27.25, 27.0, 27.25, 27.0, 27.5, 26.25, 26.25, 26.75, 26.75, 26.5, 27.0, 26.75, 27.0]",0,0,0
87,2025-05-27T19:37:38.818379,28.400000000000002,"[26.75, 27.0, 26.5, 27.5, 27.25, 27.25, 27.0, 26.75, 26.75, 27.0, 27.25, 27.0, 27.0, 27.25, 27.0, 27.25, 26.75, 27.0, 27.25, 27.25, 27.5, 27.0, 27.0, 27.25, 27.25, 27.0, 26.75, 27.0, 27.25, 27.0, 27.0, 27.25, 27.0, 27.0, 27.75, 27.25, 27.5, 27.25, 27.0, 27.25, 26.5, 26.75, 27.25, 27.25, 26.75, 27.5, 27.5, 27.0, 26.75, 27.0, 26.75, 27.0, 27.25, 27.75, 27.25, 27.75, 26.75, 26.75, 26.5, 26.5, 26.75, 26.75, 27.25, 27.5]",0,0,0
88,2025-05-27T19:37:38.961329,28.400000000000002,"[26.75, 27.0, 26.5, 27.5, 27.25, 27.25, 27.0, 26.75, 26.75, 27.0, 27.25, 27.0, 27.0, 27.25, 27.0, 27.25, 26.75, 27.0, 27.25, 27.25, 27.5, 27.0, 27.0, 27.25, 27.25, 27.0, 26.75, 27.0, 27.25, 27.0, 27.0, 27.25, 27.0, 27.0, 27.75, 27.25, 27.5, 27.25, 27.0, 27.25, 26.5, 26.75, 27.25, 27.25, 26.75, 27.5, 27.5, 27.0, 26.75, 27.0, 26.75, 27.0, 27.25, 27.75, 27.25, 27.75, 26.75, 26.75, 26.5, 26.5, 26.75, 26.75, 27.25, 27.5]",0,0,0
89,2025-05-27T19:37:39.104940,28.400000000000002,"[26.75, 26.75, 26.25, 27.0, 27.25, 27.0, 27.0, 27.0, 26.75, 26.75, 26.75, 27.0, 27.0, 26.75, 26.5, 26.75, 26.75, 27.0, 26.75, 27.0, 26.75, 26.75, 26.75, 26.5, 27.0, 26.75, 27.0, 27.0, 26.5, 27.0, 26.75, 26.75, 26.75, 26.75, 28.0, 27.25, 27.0, 27.0, 27.0, 27.25, 26.5, 26.5, 26.75, 26.75, 27.0, 27.5, 26.75, 27.25, 26.25, 26.5, 26.75, 27.0, 27.0, 27.25, 27.25, 27.25, 26.75, 26.5, 26.25, 26.75, 27.25, 26.75, 27.5, 26.75]",0,0,0
90,2025-05-27T19:37:39.248911,28.400000000000002,"[26.75, 27.0, 26.75, 27.75, 27.25, 27.0, 27.0, 27.75, 27.0, 27.0, 27.25, 27.0, 27.25, 27.0, 27.0, 27.75, 27.0, 27.25, 27.25, 27.0, 27.25, 27.25, 26.75, 27.0, 27.0, 27.0, 27.0, 26.75, 27.25, 27.5, 27.25, 27.25, 26.5, 27.5, 27.75, 27.25, 27.5, 27.0, 27.25, 27.5, 26.5, 26.75, 27.25, 26.75, 27.25, 27.75, 27.0, 27.0, 26.5, 26.25, 26.5, 27.0, 27.5, 28.0, 27.5, 27.25, 27.0, 26.5, 26.75, 26.5, 27.0, 27.25, 27.0, 27.5]",0,0,0
91,2025-05-27T19:37:39.398360,28.400000000000002,"[26.75, 27.0, 26.75, 27.75, 27.25, 27.0, 27.0, 27.75, 27.0, 27.0, 27.25, 27.0, 27.25, 27.0, 27.0, 27.75, 27.0, 27.25, 27.25, 27.0, 27.25, 27.25, 26.75, 27.0, 27.0, 27.0, 27.0, 26.75, 27.25, 27.5, 27.25, 27.25, 26.5, 27.5, 27.75, 27.25, 27.5, 27.0, 27.25, 27.5, 26.5, 26.75, 27.25, 26.75, 27.25, 27.75, 27.0, 27.0, 26.5, 26.25, 26.5, 27.0, 27.5, 28.0, 27.5, 27.25, 27.0, 26.5, 26.75, 26.5, 27.0, 27.25, 27.0, 27.5]",0,0,0
92,2025-05-27T19:37:39.539905,28.400000000000002,"[26.75, 26.5, 26.75, 27.0, 27.25, 27.0, 26.75, 27.25, 27.0, 26.5, 26.75, 26.5, 27.0, 26.75, 27.0, 26.75, 26.75, 27.0, 26.75, 26.75, 27.25, 27.0, 27.0, 26.75, 26.75, 26.75, 26.75, 26.5, 26.75, 27.25, 26.75, 27.0, 26.75, 27.25, 27.75, 27.25, 27.5, 27.0, 27.25, 27.0, 26.25, 26.5, 27.25, 27.25, 26.75, 27.5, 27.0, 27.25, 26.25, 26.75, 26.75, 27.0, 27.25, 27.75, 27.75, 26.75, 27.0, 26.75, 26.25, 26.5, 26.75, 26.5, 27.0, 27.25]",0,0,0
93,2025-05-27T19:37:39.687792,28.400000000000002,"[26.75, 26.5, 26.75, 27.0, 27.25, 27.0, 26.75, 27.25, 27.0, 26.5, 26.75, 26.5, 27.0, 26.75, 27.0, 26.75, 26.75, 27.0, 26.75, 26.75, 27.25, 27.0, 27.0, 26.75, 26.75, 26.75, 26.75, 26.5, 26.75, 27.25, 26.75, 27.0, 26.75, 27.25, 27.75, 27.25, 27.5, 27.0, 27.25, 27.0, 26.25, 26.5, 27.25, 27.25, 26.75, 27.5, 27.0, 27.25, 26.25, 26.75, 26.75, 27.0, 27.25, 27.75, 27.75, 26.75, 27.0, 26.75, 26.25, 26.5, 26.75, 26.5, 27.0, 27.25]",0,0,0
94,2025-05-27T19:37:39.817766,28.400000000000002,"[26.25, 27.25, 27.0, 27.25, 27.25, 27.0, 26.5, 27.25, 26.75, 26.75, 27.25, 27.0, 27.25, 27.0, 27.0, 27.25, 27.5, 27.0, 26.75, 27.25, 27.25, 27.25, 26.75, 27.0, 27.0, 26.75, 26.75, 26.75, 27.0, 26.75, 27.5, 27.0, 27.0, 27.25, 28.0, 27.25, 27.25, 27.5, 27.25, 27.25, 26.5, 26.5, 27.25, 26.75, 27.5, 27.5, 27.0, 27.25, 26.5, 27.0, 26.5, 27.25, 27.25, 27.25, 27.25, 27.75, 27.25, 26.75, 26.0, 26.75, 26.5, 26.75, 27.25, 27.25]",0,0,0
95,2025-05-27T19:37:39.970349,28.400000000000002,"[26.25, 27.25, 27.0, 27.25, 27.25, 27.0, 26.5, 27.25, 26.75, 26.75, 27.25, 27.0, 27.25, 27.0, 27.0, 27.25, 27.5, 27.0, 26.75, 27.25, 27.25, 27.25, 26.75, 27.0, 27.0, 26.75, 26.75, 26.75, 27.0, 26.75, 27.5, 27.0, 27.0, 27.25, 28.0, 27.25, 27.25, 27.5, 27.25, 27.25, 26.5, 26.5, 27.25, 26.75, 27.5, 27.5, 27.0, 27.25, 26.5, 27.0, 26.5, 27.25, 27.25, 27.25, 27.25, 27.75, 27.25, 26.75, 26.0, 26.75, 26.5, 26.75, 27.25, 27.25]",0,0,0
96,2025-05-27T19:37:40.116090,28.400000000000002,"[26.25, 27.0, 26.25, 27.25, 27.25, 27.0, 26.75, 27.25, 27.0, 26.25, 27.0, 26.75, 26.75, 26.75, 26.75, 27.0, 26.75, 27.0, 26.75, 27.25, 27.0, 27.0, 26.5, 26.75, 27.0, 26.5, 27.0, 26.75, 27.0, 26.75, 27.0, 27.25, 26.75, 27.25, 27.5, 27.0, 27.0, 27.25, 27.25, 27.25, 26.0, 26.5, 27.25, 27.25, 27.0, 27.0, 27.0, 26.75, 26.5, 26.5, 26.75, 27.0, 27.5, 27.25, 27.25, 27.0, 26.75, 26.5, 26.5, 26.5, 26.25, 26.75, 27.25, 27.75]",0,0,0
97,2025-05-27T19:37:40.264455,28.400000000000002,"[26.25, 27.0, 26.25, 27.25, 27.25, 27.0, 26.75, 27.25, 27.0, 26.25, 27.0, 26.75, 26.75, 26.75, 26.75, 27.0, 26.75, 27.0, 26.75, 27.25, 27.0, 27.0, 26.5, 26.75, 27.0, 26.5, 27.0, 26.75, 27.0, 26.75, 27.0, 27.25, 26.75, 27.25, 27.5, 27.0, 27.0, 27.25, 27.25, 27.25, 26.0, 26.5, 27.25, 27.25, 27.0, 27.0, 27.0, 26.75, 26.5, 26.5, 26.75, 27.0, 27.5, 27.25, 27.25, 27.0, 26.75, 26.5, 26.5, 26.5, 26.25, 26.75, 27.25, 27.75]",0,0,0
98,2025-05-27T19:37:40.392786,28.400000000000002,"[26.75, 27.0, 26.5, 27.25, 27.5, 27.0, 26.75, 27.25, 27.25, 26.75, 27.5, 26.5, 27.25, 27.0, 27.0, 26.75, 27.0, 27.25, 27.0, 27.0, 27.5, 27.0, 27.0, 27.25, 27.5, 27.25, 27.0, 26.75, 27.0, 27.0, 27.0, 27.0, 27.0, 27.25, 27.75, 27.25, 27.25, 27.25, 26.75, 27.5, 26.5, 26.5, 27.0, 27.0, 26.75, 27.75, 27.5, 27.75, 26.5, 26.75, 26.75, 27.25, 27.25, 27.5, 27.75, 27.0, 27.0, 26.75, 26.25, 26.5, 27.0, 27.25, 27.25, 27.75]",0,0,0
99,2025-05-27T19:37:40.536300,28.400000000000002,"[26.75, 27.0, 26.5, 27.25, 27.5, 27.0, 26.75, 27.25, 27.25, 26.75, 27.5, 26.5, 27.25, 27.0, 27.0, 26.75, 27.0, 27.25, 27.0, 27.0, 27.5, 27.0, 27.0, 27.25, 27.5, 27.25, 27.0, 26.75, 27.0, 27.0, 27.0, 27.0, 27.0, 27.25, 27.75, 27.25, 27.25, 27.25, 26.75, 27.5, 26.5, 26.5, 27.0, 27.0, 26.75, 27.75, 27.5, 27.75, 26.5, 26.75, 26.75, 27.25, 27.25, 27.5, 27.75, 27.0, 27.0, 26.75, 26.25, 26.5, 27.0, 27.25, 27.25, 27.75]",0,0,0
100,2025-05-27T19:37:40.686886,28.400000000000002,"[26.75, 27.25, 27.0, 27.0, 26.75, 26.75, 26.5, 27.25, 26.75, 26.75, 27.0, 26.75, 26.75, 26.75, 26.75, 26.75, 26.75, 27.25, 27.0, 27.0, 27.25, 27.25, 26.75, 26.75, 27.0, 27.0, 26.75, 26.75, 27.0, 27.0, 26.75, 27.25, 26.75, 26.75, 27.75, 27.25, 27.0, 26.75, 27.0, 27.25, 26.75, 26.5, 27.25, 27.0, 26.75, 27.5, 27.0, 27.0, 26.25, 26.75, 27.0, 27.0, 27.25, 27.0, 27.5, 27.25, 26.75, 26.75, 26.75, 26.5, 27.0, 26.5, 27.25, 26.75]",0,0,0
101,2025-05-27T19:37:40.840185,28.400000000000002,"[26.75, 27.0, 26.75, 27.0, 27.25, 27.0, 26.5, 27.5, 27.5, 26.75, 27.25, 27.25, 27.0, 27.25, 27.0, 27.0, 27.0, 27.0, 27.25, 27.5, 27.25, 27.5, 26.75, 27.25, 27.25, 27.0, 26.75, 27.0, 27.25, 27.25, 26.75, 27.0, 27.5, 27.0, 28.25, 27.5, 27.25, 27.0, 27.25, 27.75, 26.5, 26.75, 27.25, 27.5, 26.75, 27.5, 27.25, 27.5, 26.75, 26.5, 27.25, 26.75, 28.0, 27.75, 27.25, 27.25, 27.0, 27.0, 26.75, 26.5, 26.75, 27.25, 27.75, 27.25]",0,0,0
102,2025-05-27T19:37:40.981629,28.400000000000002,"[26.75, 27.0, 26.75, 27.0, 27.25, 27.0, 26.5, 27.5, 27.5, 26.75, 27.25, 27.25, 27.0, 27.25, 27.0, 27.0, 27.0, 27.0, 27.25, 27.5, 27.25, 27.5, 26.75, 27.25, 27.25, 27.0, 26.75, 27.0, 27.25, 27.25, 26.75, 27.0, 27.5, 27.0, 28.25, 27.5, 27.25, 27.0, 27.25, 27.75, 26.5, 26.75, 27.25, 27.5, 26.75, 27.5, 27.25, 27.5, 26.75, 26.5, 27.25, 26.75, 28.0, 27.75, 27.25, 27.25, 27.0, 27.0, 26.75, 26.5, 26.75, 27.25, 27.75, 27.25]",0,0,0
103,2025-05-27T19:37:41.139524,28.400000000000002,"[26.25, 26.75, 26.75, 27.0, 27.0, 27.25, 27.0, 26.75, 27.0, 26.5, 26.75, 26.75, 26.75, 27.0, 26.75, 26.75, 27.0, 27.25, 27.0, 27.25, 27.25, 26.75, 26.75, 27.75, 26.75, 27.0, 27.0, 27.0, 26.75, 26.75, 26.75, 27.0, 26.75, 27.0, 27.75, 27.25, 27.25, 27.0, 27.25, 27.5, 26.5, 27.0, 27.0, 27.25, 26.75, 27.25, 27.0, 27.0, 26.75, 26.75, 26.75, 27.25, 27.25, 27.5, 27.25, 27.5, 26.5, 26.5, 26.5, 26.25, 26.75, 26.75, 27.25, 27.5]",0,0,0
104,2025-05-27T19:37:41.291638,28.400000000000002,"[26.25, 26.75, 26.75, 27.0, 27.0, 27.25, 27.0, 26.75, 27.0, 26.5, 26.75, 26.75, 26.75, 27.0, 26.75, 26.75, 27.0, 27.25, 27.0, 27.25, 27.25, 26.75, 26.75, 27.75, 26.75, 27.0, 27.0, 27.0, 26.75, 26.75, 26.75, 27.0, 26.75, 27.0, 27.75, 27.25, 27.25, 27.0, 27.25, 27.5, 26.5, 27.0, 27.0, 27.25, 26.75, 27.25, 27.0, 27.0, 26.75, 26.75, 26.75, 27.25, 27.25, 27.5, 27.25, 27.5, 26.5, 26.5, 26.5, 26.25, 26.75, 26.75, 27.25, 27.5]",0,0,0
105,2025-05-27T19:37:41.439738,28.400000000000002,"[27.25, 26.75, 26.75, 27.5, 27.25, 27.5, 26.75, 27.0, 27.25, 27.0, 27.25, 26.75, 27.25, 27.25, 26.75, 26.75, 26.75, 27.25, 27.0, 27.5, 27.25, 26.75, 27.0, 26.75, 26.75, 26.5, 26.75, 26.75, 27.0, 26.75, 27.0, 27.25, 27.25, 27.0, 28.0, 27.25, 27.0, 27.0, 27.5, 27.25, 26.0, 26.75, 27.75, 27.0, 27.0, 27.5, 27.5, 27.5, 27.0, 26.5, 26.75, 27.25, 27.5, 27.75, 27.75, 27.25, 26.75, 26.75, 26.5, 26.5, 27.0, 26.5, 27.5, 27.5]",0,0,0
106,2025-05-27T19:37:41.592623,28.400000000000002,"[27.25, 26.75, 26.75, 27.5, 27.25, 27.5, 26.75, 27.0, 27.25, 27.0, 27.25, 26.75, 27.25, 27.25, 26.75, 26.75, 26.75, 27.25, 27.0, 27.5, 27.25, 26.75, 27.0, 26.75, 26.75, 26.5, 26.75, 26.75, 27.0, 26.75, 27.0, 27.25, 27.25, 27.0, 28.0, 27.25, 27.0, 27.0, 27.5, 27.25, 26.0, 26.75, 27.75, 27.0, 27.0, 27.5, 27.5, 27.5, 27.0, 26.5, 26.75, 27.25, 27.5, 27.75, 27.75, 27.25, 26.75, 26.75, 26.5, 26.5, 27.0, 26.5, 27.5, 27.5]",0,0,0
107,2025-05-27T19:37:41.733357,28.400000000000002,"[26.25, 26.5, 26.5, 27.25, 27.0, 27.0, 26.75, 27.5, 26.75, 26.5, 27.0, 27.0, 27.25, 26.75, 26.75, 27.0, 27.0, 26.75, 26.75, 27.25, 27.25, 27.0, 26.75, 27.25, 26.75, 27.25, 27.25, 27.0, 27.0, 27.0, 26.75, 27.25, 27.0, 27.25, 27.5, 27.5, 27.25, 27.0, 27.25, 27.75, 26.5, 26.75, 27.25, 27.25, 27.0, 27.25, 27.25, 27.0, 26.5, 26.75, 26.5, 26.5, 27.25, 27.25, 27.0, 27.5, 26.75, 26.25, 26.5, 26.25, 27.0, 26.75, 26.75, 27.25]",0,0,0
108,2025-05-27T19:37:41.876706,28.400000000000002,"[26.5, 26.75, 26.5, 27.0, 27.25, 27.0, 26.75, 26.75, 26.75, 26.5, 27.25, 26.75, 27.0, 26.75, 26.75, 26.75, 27.0, 27.0, 27.5, 27.25, 27.5, 27.0, 27.25, 27.0, 27.0, 26.75, 26.75, 26.75, 27.25, 27.0, 26.75, 27.25, 27.0, 27.25, 28.25, 27.75, 27.5, 27.0, 27.0, 27.5, 26.75, 26.5, 27.0, 27.5, 27.0, 28.0, 27.0, 27.5, 26.5, 27.0, 27.0, 27.0, 27.5, 27.5, 27.5, 27.25, 26.75, 26.75, 26.5, 26.5, 26.5, 27.25, 27.25, 27.5]",0,0,0
109,2025-05-27T19:37:42.023682,28.400000000000002,"[26.5, 26.75, 26.5, 27.0, 27.25, 27.0, 26.75, 26.75, 26.75, 26.5, 27.25, 26.75, 27.0, 26.75, 26.75, 26.75, 27.0, 27.0, 27.5, 27.25, 27.5, 27.0, 27.25, 27.0, 27.0, 26.75, 26.75, 26.75, 27.25, 27.0, 26.75, 27.25, 27.0, 27.25, 28.25, 27.75, 27.5, 27.0, 27.0, 27.5, 26.75, 26.5, 27.0, 27.5, 27.0, 28.0, 27.0, 27.5, 26.5, 27.0, 27.0, 27.0, 27.5, 27.5, 27.5, 27.25, 26.75, 26.75, 26.5, 26.5, 26.5, 27.25, 27.25, 27.5]",0,0,0
110,2025-05-27T19:37:42.146085,28.400000000000002,"[26.75, 26.75, 26.25, 27.25, 27.25, 27.25, 26.75, 26.75, 27.0, 26.5, 27.0, 26.75, 26.75, 26.5, 26.75, 26.5, 27.25, 27.0, 27.0, 27.25, 27.0, 27.0, 27.0, 26.75, 26.75, 26.75, 26.75, 26.5, 26.75, 26.5, 26.5, 26.75, 27.0, 27.25, 27.5, 27.0, 27.5, 27.0, 27.25, 27.25, 26.5, 26.75, 27.25, 27.0, 26.75, 27.5, 27.25, 27.0, 26.5, 27.0, 26.5, 27.0, 27.25, 27.25, 26.75, 27.25, 26.5, 26.25, 26.25, 26.5, 26.75, 26.75, 27.25, 27.25]",0,0,0
111,2025-05-27T19:37:42.286530,28.400000000000002,"[26.75, 26.75, 26.25, 27.25, 27.25, 27.25, 26.75, 26.75, 27.0, 26.5, 27.0, 26.75, 26.75, 26.5, 26.75, 26.5, 27.25, 27.0, 27.0, 27.25, 27.0, 27.0, 27.0, 26.75, 26.75, 26.75, 26.75, 26.5, 26.75, 26.5, 26.5, 26.75, 27.0, 27.25, 27.5, 27.0, 27.5, 27.0, 27.25, 27.25, 26.5, 26.75, 27.25, 27.0, 26.75, 27.5, 27.25, 27.0, 26.5, 27.0, 26.5, 27.0, 27.25, 27.25, 26.75, 27.25, 26.5, 26.25, 26.25, 26.5, 26.75, 26.75, 27.25, 27.25]",0,0,0
112,2025-05-27T19:37:42.426932,28.400000000000002,"[26.75, 26.5, 26.75, 27.25, 27.25, 27.0, 27.25, 27.25, 27.5, 26.75, 27.0, 27.0, 27.0, 27.25, 26.75, 27.25, 27.5, 27.5, 27.0, 27.5, 27.25, 27.25, 26.75, 27.0, 27.5, 26.75, 27.0, 27.0, 26.75, 27.25, 27.0, 26.5, 27.0, 27.0, 27.75, 27.5, 27.25, 26.75, 27.25, 27.25, 26.0, 26.75, 27.0, 27.0, 26.75, 28.0, 27.25, 27.25, 26.5, 26.5, 26.75, 27.0, 27.5, 27.75, 27.5, 27.5, 26.5, 26.5, 26.25, 26.5, 26.75, 27.25, 27.5, 27.75]",0,0,0
113,2025-05-27T19:37:42.560771,28.400000000000002,"[26.75, 26.5, 26.75, 27.25, 27.25, 27.0, 27.25, 27.25, 27.5, 26.75, 27.0, 27.0, 27.0, 27.25, 26.75, 27.25, 27.5, 27.5, 27.0, 27.5, 27.25, 27.25, 26.75, 27.0, 27.5, 26.75, 27.0, 27.0, 26.75, 27.25, 27.0, 26.5, 27.0, 27.0, 27.75, 27.5, 27.25, 26.75, 27.25, 27.25, 26.0, 26.75, 27.0, 27.0, 26.75, 28.0, 27.25, 27.25, 26.5, 26.5, 26.75, 27.0, 27.5, 27.75, 27.5, 27.5, 26.5, 26.5, 26.25, 26.5, 26.75, 27.25, 27.5, 27.75]",0,0,0
114,2025-05-27T19:37:42.709769,28.400000000000002,"[26.25, 27.0, 26.5, 27.25, 27.0, 26.75, 26.75, 27.5, 27.25, 26.75, 27.0, 27.0, 26.75, 26.75, 27.25, 27.0, 26.5, 27.0, 27.0, 27.0, 27.5, 26.75, 27.0, 26.75, 26.75, 26.75, 26.75, 27.0, 26.75, 27.0, 26.75, 27.0, 27.0, 27.25, 27.5, 27.5, 27.5, 27.0, 27.25, 27.25, 26.0, 26.5, 27.0, 27.0, 26.75, 27.75, 27.25, 27.0, 26.75, 26.75, 26.75, 26.75, 27.25, 27.25, 27.25, 27.5, 26.5, 26.5, 26.5, 26.75, 27.0, 26.75, 27.0, 27.25]",0,0,0
115,2025-05-27T19:37:42.865466,28.400000000000002,"[26.25, 27.0, 26.5, 27.25, 27.0, 26.75, 26.75, 27.5, 27.25, 26.75, 27.0, 27.0, 26.75, 26.75, 27.25, 27.0, 26.5, 27.0, 27.0, 27.0, 27.5, 26.75, 27.0, 26.75, 26.75, 26.75, 26.75, 27.0, 26.75, 27.0, 26.75, 27.0, 27.0, 27.25, 27.5, 27.5, 27.5, 27.0, 27.25, 27.25, 26.0, 26.5, 27.0, 27.0, 26.75, 27.75, 27.25, 27.0, 26.75, 26.75, 26.75, 26.75, 27.25, 27.25, 27.25, 27.5, 26.5, 26.5, 26.5, 26.75, 27.0, 26.75, 27.0, 27.25]",0,0,0
116,2025-05-27T19:37:43.003881,28.400000000000002,"[26.5, 26.75, 26.5, 27.5, 27.0, 26.75, 27.25, 27.0, 27.0, 27.0, 27.25, 26.75, 27.0, 27.25, 27.25, 27.0, 27.25, 27.0, 27.0, 27.0, 27.0, 27.0, 26.75, 27.25, 27.5, 26.5, 27.25, 26.75, 27.25, 27.25, 27.25, 27.25, 26.5, 27.75, 28.0, 27.25, 27.25, 27.25, 27.25, 27.5, 26.5, 26.75, 27.25, 27.0, 27.25, 27.5, 27.25, 27.25, 26.5, 26.75, 27.0, 26.75, 27.75, 27.75, 27.25, 27.5, 26.25, 26.75, 26.25, 27.0, 27.25, 27.5, 27.75, 27.0]",0,0,0
117,2025-05-27T19:37:43.137635,28.400000000000002,"[26.5, 26.75, 26.5, 27.5, 27.0, 26.75, 27.25, 27.0, 27.0, 27.0, 27.25, 26.75, 27.0, 27.25, 27.25, 27.0, 27.25, 27.0, 27.0, 27.0, 27.0, 27.0, 26.75, 27.25, 27.5, 26.5, 27.25, 26.75, 27.25, 27.25, 27.25, 27.25, 26.5, 27.75, 28.0, 27.25, 27.25, 27.25, 27.25, 27.5, 26.5, 26.75, 27.25, 27.0, 27.25, 27.5, 27.25, 27.25, 26.5, 26.75, 27.0, 26.75, 27.75, 27.75, 27.25, 27.5, 26.25, 26.75, 26.25, 27.0, 27.25, 27.5, 27.75, 27.0]",0,0,0
118,2025-05-27T19:37:43.284494,28.400000000000002,"[26.25, 26.75, 26.5, 27.0, 27.0, 27.0, 26.5, 27.25, 27.25, 26.75, 27.0, 26.5, 27.25, 27.0, 27.0, 27.0, 26.75, 27.0, 27.25, 27.25, 27.5, 27.0, 26.75, 26.75, 27.0, 26.75, 27.25, 27.0, 27.0, 26.75, 26.75, 27.25, 26.5, 26.75, 27.5, 27.0, 27.25, 27.0, 27.25, 27.25, 26.5, 26.5, 26.5, 27.25, 27.0, 27.5, 27.0, 27.0, 26.75, 26.75, 26.5, 26.75, 27.0, 27.5, 27.5, 27.0, 26.75, 26.25, 26.75, 26.75, 27.0, 27.0, 27.25, 27.0]",0,0,0
119,2025-05-27T19:37:43.426593,28.400000000000002,"[26.25, 26.75, 26.5, 27.0, 27.0, 27.0, 26.5, 27.25, 27.25, 26.75, 27.0, 26.5, 27.25, 27.0, 27.0, 27.0, 26.75, 27.0, 27.25, 27.25, 27.5, 27.0, 26.75, 26.75, 27.0, 26.75, 27.25, 27.0, 27.0, 26.75, 26.75, 27.25, 26.5, 26.75, 27.5, 27.0, 27.25, 27.0, 27.25, 27.25, 26.5, 26.5, 26.5, 27.25, 27.0, 27.5, 27.0, 27.0, 26.75, 26.75, 26.5, 26.75, 27.0, 27.5, 27.5, 27.0, 26.75, 26.25, 26.75, 26.75, 27.0, 27.0, 27.25, 27.0]",0,0,0
120,2025-05-27T19:37:43.564398,28.400000000000002,"[27.25, 26.5, 26.75, 27.5, 27.25, 27.0, 26.75, 27.5, 27.0, 26.75, 27.0, 27.25, 27.25, 27.0, 27.0, 27.0, 27.0, 26.75, 27.25, 27.25, 27.25, 27.0, 27.0, 27.25, 27.25, 27.0, 27.0, 26.75, 27.0, 27.0, 27.0, 26.75, 27.0, 27.25, 27.75, 27.25, 27.0, 27.25, 26.75, 27.5, 27.0, 26.5, 27.25, 27.25, 27.25, 27.5, 27.25, 28.0, 27.0, 26.5, 26.75, 27.0, 27.75, 27.75, 27.25, 27.5, 26.75, 26.75, 26.5, 27.0, 27.0, 27.5, 26.75, 27.5]",0,0,0
121,2025-05-27T19:37:43.715783,28.400000000000002,"[27.25, 26.5, 26.75, 27.5, 27.25, 27.0, 26.75, 27.5, 27.0, 26.75, 27.0, 27.25, 27.25, 27.0, 27.0, 27.0, 27.0, 26.75, 27.25, 27.25, 27.25, 27.0, 27.0, 27.25, 27.25, 27.0, 27.0, 26.75, 27.0, 27.0, 27.0, 26.75, 27.0, 27.25, 27.75, 27.25, 27.0, 27.25, 26.75, 27.5, 27.0, 26.5, 27.25, 27.25, 27.25, 27.5, 27.25, 28.0, 27.0, 26.5, 26.75, 27.0, 27.75, 27.75, 27.25, 27.5, 26.75, 26.75, 26.5, 27.0, 27.0, 27.5, 26.75, 27.5]",0,0,0
122,2025-05-27T19:37:43.856446,28.400000000000002,"[26.75, 27.25, 26.5, 27.5, 27.25, 27.0, 26.75, 27.25, 26.25, 27.0, 26.75, 27.0, 27.0, 26.5, 26.75, 27.25, 27.0, 26.75, 27.0, 27.0, 27.5, 26.75, 27.0, 26.5, 26.75, 27.0, 26.5, 27.0, 26.75, 27.0, 27.25, 26.75, 26.5, 26.75, 28.0, 27.5, 27.25, 26.75, 27.0, 27.25, 26.5, 26.75, 27.0, 27.25, 26.5, 27.5, 26.75, 27.0, 26.25, 26.0, 26.5, 27.0, 27.0, 27.25, 27.0, 27.25, 26.75, 26.25, 26.25, 26.25, 26.75, 26.5, 27.0, 27.25]",0,0,0
123,2025-05-27T19:37:44.004612,28.400000000000002,"[26.75, 27.25, 26.5, 27.5, 27.25, 27.0, 26.75, 27.25, 26.25, 27.0, 26.75, 27.0, 27.0, 26.5, 26.75, 27.25, 27.0, 26.75, 27.0, 27.0, 27.5, 26.75, 27.0, 26.5, 26.75, 27.0, 26.5, 27.0, 26.75, 27.0, 27.25, 26.75, 26.5, 26.75, 28.0, 27.5, 27.25, 26.75, 27.0, 27.25, 26.5, 26.75, 27.0, 27.25, 26.5, 27.5, 26.75, 27.0, 26.25, 26.0, 26.5, 27.0, 27.0, 27.25, 27.0, 27.25, 26.75, 26.25, 26.25, 26.25, 26.75, 26.5, 27.0, 27.25]",0,0,0
124,2025-05-27T19:37:44.153422,28.400000000000002,"[27.0, 27.0, 26.75, 27.0, 27.25, 27.5, 27.0, 27.5, 26.75, 26.75, 26.75, 27.0, 27.0, 26.75, 27.25, 26.75, 26.75, 27.0, 27.0, 27.25, 27.25, 27.0, 26.75, 27.5, 27.5, 27.0, 26.75, 26.5, 26.75, 27.0, 27.0, 26.75, 26.5, 27.25, 27.75, 27.25, 27.25, 27.0, 26.75, 27.5, 26.0, 26.5, 26.75, 27.25, 27.0, 27.75, 27.0, 27.25, 26.5, 26.5, 26.75, 27.0, 27.5, 27.5, 27.25, 28.0, 27.0, 26.5, 26.5, 26.5, 27.0, 26.5, 27.5, 27.0]",0,0,0
125,2025-05-27T19:37:44.297962,28.400000000000002,"[26.5, 26.5, 26.75, 27.0, 27.25, 27.0, 26.75, 27.25, 27.0, 26.75, 27.0, 26.75, 26.75, 26.75, 26.75, 26.75, 27.0, 26.75, 27.0, 27.0, 27.0, 26.5, 27.0, 26.75, 27.0, 26.75, 26.75, 26.75, 27.0, 27.25, 26.75, 26.75, 26.5, 27.25, 27.75, 27.0, 27.0, 27.0, 27.0, 27.25, 26.25, 26.25, 27.0, 27.0, 26.25, 27.0, 27.0, 26.75, 26.0, 25.75, 27.0, 27.0, 27.25, 27.0, 27.25, 27.0, 26.25, 26.25, 26.0, 26.5, 27.25, 27.0, 27.25, 27.25]",0,0,0
126,2025-05-27T19:37:44.451744,28.400000000000002,"[26.5, 26.5, 26.75, 27.0, 27.25, 27.0, 26.75, 27.25, 27.0, 26.75, 27.0, 26.75, 26.75, 26.75, 26.75, 26.75, 27.0, 26.75, 27.0, 27.0, 27.0, 26.5, 27.0, 26.75, 27.0, 26.75, 26.75, 26.75, 27.0, 27.25, 26.75, 26.75, 26.5, 27.25, 27.75, 27.0, 27.0, 27.0, 27.0, 27.25, 26.25, 26.25, 27.0, 27.0, 26.25, 27.0, 27.0, 26.75, 26.0, 25.75, 27.0, 27.0, 27.25, 27.0, 27.25, 27.0, 26.25, 26.25, 26.0, 26.5, 27.25, 27.0, 27.25, 27.25]",0,0,0
127,2025-05-27T19:37:44.595085,28.400000000000002,"[26.5, 26.75, 26.75, 27.5, 27.0, 26.75, 27.0, 27.25, 26.75, 26.5, 27.0, 27.0, 26.75, 27.0, 26.75, 27.25, 27.0, 27.5, 27.5, 27.5, 27.5, 26.75, 27.0, 26.75, 27.25, 27.0, 27.0, 27.25, 27.0, 27.0, 26.75, 27.0, 27.0, 27.75, 27.75, 27.5, 27.25, 26.75, 27.25, 27.25, 26.75, 26.5, 27.0, 27.25, 26.75, 27.75, 27.25, 27.25, 26.75, 26.5, 26.75, 27.25, 27.25, 27.5, 27.5, 27.75, 27.0, 26.75, 26.25, 26.25, 26.75, 26.5, 27.0, 28.0]",0,0,0
128,2025-05-27T19:37:44.731835,28.400000000000002,"[26.5, 26.75, 26.75, 27.5, 27.0, 26.75, 27.0, 27.25, 26.75, 26.5, 27.0, 27.0, 26.75, 27.0, 26.75, 27.25, 27.0, 27.5, 27.5, 27.5, 27.5, 26.75, 27.0, 26.75, 27.25, 27.0, 27.0, 27.25, 27.0, 27.0, 26.75, 27.0, 27.0, 27.75, 27.75, 27.5, 27.25, 26.75, 27.25, 27.25, 26.75, 26.5, 27.0, 27.25, 26.75, 27.75, 27.25, 27.25, 26.75, 26.5, 26.75, 27.25, 27.25, 27.5, 27.5, 27.75, 27.0, 26.75, 26.25, 26.25, 26.75, 26.5, 27.0, 28.0]",0,0,0
129,2025-05-27T19:37:44.862815,28.400000000000002,"[26.5, 26.75, 26.75, 27.0, 26.75, 27.25, 26.5, 27.0, 26.75, 26.75, 26.75, 26.75, 26.5, 26.75, 26.75, 26.75, 27.0, 26.75, 27.0, 27.25, 27.25, 27.0, 27.0, 27.0, 26.75, 26.75, 26.75, 26.75, 26.5, 27.0, 26.75, 27.25, 26.75, 27.0, 27.75, 27.5, 27.0, 27.0, 27.0, 27.5, 26.5, 26.25, 26.75, 27.0, 26.75, 27.25, 26.75, 27.25, 26.25, 26.5, 26.75, 26.5, 27.25, 27.25, 28.0, 27.5, 26.75, 26.25, 26.5, 26.5, 26.75, 26.75, 27.5, 27.25]",0,0,0
130,2025-05-27T19:37:44.992435,28.400000000000002,"[26.5, 26.75, 26.75, 27.0, 26.75, 27.25, 26.5, 27.0, 26.75, 26.75, 26.75, 26.75, 26.5, 26.75, 26.75, 26.75, 27.0, 26.75, 27.0, 27.25, 27.25, 27.0, 27.0, 27.0, 26.75, 26.75, 26.75, 26.75, 26.5, 27.0, 26.75, 27.25, 26.75, 27.0, 27.75, 27.5, 27.0, 27.0, 27.0, 27.5, 26.5, 26.25, 26.75, 27.0, 26.75, 27.25, 26.75, 27.25, 26.25, 26.5, 26.75, 26.5, 27.25, 27.25, 28.0, 27.5, 26.75, 26.25, 26.5, 26.5, 26.75, 26.75, 27.5, 27.25]",0,0,0
131,2025-05-27T19:37:45.118467,28.400000000000002,"[26.75, 26.5, 26.5, 27.0, 27.25, 27.25, 26.5, 27.5, 26.75, 26.75, 27.25, 27.0, 27.25, 26.75, 27.25, 26.75, 27.0, 26.75, 27.25, 27.25, 27.25, 27.25, 27.0, 27.0, 27.25, 26.75, 26.75, 26.75, 26.75, 27.0, 26.75, 27.5, 27.0, 27.0, 27.5, 27.75, 27.0, 27.0, 27.25, 27.0, 26.5, 26.5, 27.25, 27.25, 27.0, 27.25, 27.25, 27.25, 26.75, 26.75, 26.75, 27.0, 27.25, 27.5, 27.25, 27.5, 27.0, 26.75, 26.25, 27.25, 27.0, 27.0, 27.5, 27.75]",0,0,0
132,2025-05-27T19:37:45.241620,28.400000000000002,"[26.75, 26.5, 26.5, 27.0, 27.25, 27.25, 26.5, 27.5, 26.75, 26.75, 27.25, 27.0, 27.25, 26.75, 27.25, 26.75, 27.0, 26.75, 27.25, 27.25, 27.25, 27.25, 27.0, 27.0, 27.25, 26.75, 26.75, 26.75, 26.75, 27.0, 26.75, 27.5, 27.0, 27.0, 27.5, 27.75, 27.0, 27.0, 27.25, 27.0, 26.5, 26.5, 27.25, 27.25, 27.0, 27.25, 27.25, 27.25, 26.75, 26.75, 26.75, 27.0, 27.25, 27.5, 27.25, 27.5, 27.0, 26.75, 26.25, 27.25, 27.0, 27.0, 27.5, 27.75]",0,0,0
133,2025-05-27T19:37:45.364999,28.400000000000002,"[26.75, 26.75, 26.5, 27.0, 26.75, 26.5, 26.75, 26.5, 27.0, 26.75, 27.0, 26.75, 27.0, 27.0, 26.75, 27.0, 27.5, 27.0, 27.0, 27.25, 26.75, 27.5, 27.0, 27.0, 27.25, 26.75, 26.75, 27.0, 27.0, 27.0, 27.0, 26.75, 26.5, 26.75, 28.0, 27.0, 27.25, 26.75, 26.75, 27.0, 26.5, 26.25, 27.0, 27.25, 27.0, 27.5, 27.25, 27.25, 26.75, 26.25, 26.5, 27.0, 26.75, 27.0, 27.5, 27.0, 26.5, 26.25, 26.25, 26.25, 26.75, 26.75, 26.75, 27.0]",0,0,0
134,2025-05-27T19:37:45.490478,28.400000000000002,"[26.75, 26.75, 26.5, 27.0, 26.75, 26.5, 26.75, 26.5, 27.0, 26.75, 27.0, 26.75, 27.0, 27.0, 26.75, 27.0, 27.5, 27.0, 27.0, 27.25, 26.75, 27.5, 27.0, 27.0, 27.25, 26.75, 26.75, 27.0, 27.0, 27.0, 27.0, 26.75, 26.5, 26.75, 28.0, 27.0, 27.25, 26.75, 26.75, 27.0, 26.5, 26.25, 27.0, 27.25, 27.0, 27.5, 27.25, 27.25, 26.75, 26.25, 26.5, 27.0, 26.75, 27.0, 27.5, 27.0, 26.5, 26.25, 26.25, 26.25, 26.75, 26.75, 26.75, 27.0]",0,0,0
135,2025-05-27T19:37:45.614712,28.400000000000002,"[26.5, 27.0, 26.5, 27.5, 27.0, 27.25, 26.5, 27.5, 27.5, 26.75, 27.0, 27.0, 27.0, 27.25, 26.75, 27.0, 26.25, 27.0, 27.25, 27.0, 27.25, 27.5, 26.75, 27.0, 27.5, 27.0, 26.75, 27.0, 26.75, 27.0, 27.25, 27.5, 27.0, 27.25, 27.75, 27.25, 27.25, 27.0, 27.25, 27.25, 26.25, 26.75, 27.25, 27.0, 27.0, 27.25, 27.75, 27.25, 26.75, 26.75, 26.75, 27.0, 27.0, 27.25, 27.0, 27.25, 26.75, 27.25, 26.5, 26.75, 27.25, 27.25, 27.5, 27.5]",0,0,0
136,2025-05-27T19:37:45.741303,28.400000000000002,"[26.5, 27.0, 26.5, 27.5, 27.0, 27.25, 26.5, 27.5, 27.5, 26.75, 27.0, 27.0, 27.0, 27.25, 26.75, 27.0, 26.25, 27.0, 27.25, 27.0, 27.25, 27.5, 26.75, 27.0, 27.5, 27.0, 26.75, 27.0, 26.75, 27.0, 27.25, 27.5, 27.0, 27.25, 27.75, 27.25, 27.25, 27.0, 27.25, 27.25, 26.25, 26.75, 27.25, 27.0, 27.0, 27.25, 27.75, 27.25, 26.75, 26.75, 26.75, 27.0, 27.0, 27.25, 27.0, 27.25, 26.75, 27.25, 26.5, 26.75, 27.25, 27.25, 27.5, 27.5]",0,0,0
137,2025-05-27T19:37:45.869801,28.400000000000002,"[26.5, 27.0, 26.5, 27.25, 27.0, 26.75, 26.75, 27.5, 27.0, 26.75, 27.0, 26.75, 27.0, 27.0, 26.75, 27.0, 27.0, 26.5, 27.0, 27.0, 27.0, 26.75, 26.5, 27.25, 27.0, 27.0, 27.0, 26.75, 27.0, 27.0, 26.75, 26.75, 26.75, 26.75, 27.75, 27.0, 27.25, 26.75, 27.0, 27.0, 26.0, 26.5, 27.0, 26.75, 27.0, 27.75, 27.0, 27.0, 26.5, 27.0, 26.5, 27.0, 27.0, 27.0, 27.5, 27.5, 26.75, 26.5, 26.0, 26.5, 26.75, 26.5, 27.5, 27.5]",0,0,0
138,2025-05-27T19:37:46.007102,28.400000000000002,"[26.5, 27.0, 26.5, 27.25, 27.0, 26.75, 26.75, 27.5, 27.0, 26.75, 27.0, 26.75, 27.0, 27.0, 26.75, 27.0, 27.0, 26.5, 27.0, 27.0, 27.0, 26.75, 26.5, 27.25, 27.0, 27.0, 27.0, 26.75, 27.0, 27.0, 26.75, 26.75, 26.75, 26.75, 27.75, 27.0, 27.25, 26.75, 27.0, 27.0, 26.0, 26.5, 27.0, 26.75, 27.0, 27.75, 27.0, 27.0, 26.5, 27.0, 26.5, 27.0, 27.0, 27.0, 27.5, 27.5, 26.75, 26.5, 26.0, 26.5, 26.75, 26.5, 27.5, 27.5]",0,0,0
139,2025-05-27T19:37:46.131120,28.400000000000002,"[26.5, 26.75, 26.5, 27.0, 27.25, 27.0, 27.25, 27.25, 27.25, 26.75, 27.0, 26.75, 26.75, 27.0, 26.75, 27.25, 27.0, 27.0, 27.25, 27.25, 27.25, 26.75, 26.75, 27.5, 27.25, 26.75, 26.5, 27.0, 27.25, 27.0, 27.0, 27.0, 26.75, 27.25, 28.0, 27.5, 27.5, 27.0, 27.0, 27.5, 26.5, 26.75, 27.75, 27.0, 27.0, 27.25, 27.25, 26.75, 26.75, 27.0, 26.75, 27.25, 27.5, 27.5, 27.25, 28.0, 27.0, 26.5, 26.5, 26.5, 27.25, 26.5, 27.25, 27.5]",0,0,0
140,2025-05-27T19:37:46.254171,28.400000000000002,"[26.5, 26.75, 26.5, 27.0, 27.25, 27.0, 27.25, 27.25, 27.25, 26.75, 27.0, 26.75, 26.75, 27.0, 26.75, 27.25, 27.0, 27.0, 27.25, 27.25, 27.25, 26.75, 26.75, 27.5, 27.25, 26.75, 26.5, 27.0, 27.25, 27.0, 27.0, 27.0, 26.75, 27.25, 28.0, 27.5, 27.5, 27.0, 27.0, 27.5, 26.5, 26.75, 27.75, 27.0, 27.0, 27.25, 27.25, 26.75, 26.75, 27.0, 26.75, 27.25, 27.5, 27.5, 27.25, 28.0, 27.0, 26.5, 26.5, 26.5, 27.25, 26.5, 27.25, 27.5]",0,0,0
141,2025-05-27T19:37:46.373573,28.400000000000002,"[26.75, 27.0, 26.75, 27.25, 27.25, 26.75, 26.5, 26.75, 27.25, 26.5, 27.25, 27.0, 26.75, 26.75, 26.75, 26.75, 26.75, 26.75, 27.0, 27.0, 27.25, 27.25, 26.5, 27.25, 27.25, 27.0, 27.0, 27.0, 27.0, 27.0, 27.0, 27.25, 26.75, 26.75, 27.75, 27.25, 27.25, 26.75, 27.0, 27.5, 26.0, 26.5, 27.25, 27.0, 27.0, 27.5, 27.0, 27.0, 26.0, 26.5, 26.5, 27.25, 26.75, 27.75, 27.25, 27.5, 26.5, 26.25, 26.25, 26.5, 26.75, 26.5, 27.0, 27.25]",0,0,0
142,2025-05-27T19:37:46.500388,28.400000000000002,"[26.75, 27.0, 26.75, 27.25, 27.25, 26.75, 26.5, 26.75, 27.25, 26.5, 27.25, 27.0, 26.75, 26.75, 26.75, 26.75, 26.75, 26.75, 27.0, 27.0, 27.25, 27.25, 26.5, 27.25, 27.25, 27.0, 27.0, 27.0, 27.0, 27.0, 27.0, 27.25, 26.75, 26.75, 27.75, 27.25, 27.25, 26.75, 27.0, 27.5, 26.0, 26.5, 27.25, 27.0, 27.0, 27.5, 27.0, 27.0, 26.0, 26.5, 26.5, 27.25, 26.75, 27.75, 27.25, 27.5, 26.5, 26.25, 26.25, 26.5, 26.75, 26.5, 27.0, 27.25]",0,0,0
143,2025-05-27T19:37:46.629029,28.400000000000002,"[26.75, 26.75, 26.75, 27.25, 27.0, 27.75, 27.0, 27.75, 27.0, 26.75, 26.75, 26.75, 27.25, 27.0, 27.0, 27.25, 26.75, 27.0, 27.25, 27.0, 27.0, 27.0, 27.0, 26.75, 26.75, 26.75, 27.0, 27.0, 27.25, 27.25, 27.25, 27.5, 27.0, 27.0, 28.0, 27.25, 27.25, 26.75, 27.0, 27.25, 26.75, 26.75, 27.0, 27.25, 27.25, 27.5, 27.0, 27.25, 26.75, 26.5, 26.25, 27.0, 27.25, 27.25, 27.25, 27.25, 26.5, 26.75, 26.25, 26.5, 27.25, 27.0, 27.25, 27.5]",0,0,0
144,2025-05-27T19:37:46.752986,28.400000000000002,"[26.75, 26.75, 26.75, 27.25, 27.0, 27.75, 27.0, 27.75, 27.0, 26.75, 26.75, 26.75, 27.25, 27.0, 27.0, 27.25, 26.75, 27.0, 27.25, 27.0, 27.0, 27.0, 27.0, 26.75, 26.75, 26.75, 27.0, 27.0, 27.25, 27.25, 27.25, 27.5, 27.0, 27.0, 28.0, 27.25, 27.25, 26.75, 27.0, 27.25, 26.75, 26.75, 27.0, 27.25, 27.25, 27.5, 27.0, 27.25, 26.75, 26.5, 26.25, 27.0, 27.25, 27.25, 27.25, 27.25, 26.5, 26.75, 26.25, 26.5, 27.25, 27.0, 27.25, 27.5]",0,0,0
145,2025-05-27T19:37:46.871134,28.400000000000002,"[26.5, 27.0, 26.5, 27.5, 27.0, 26.75, 26.5, 27.25, 27.25, 26.75, 27.0, 26.75, 27.0, 26.5, 26.5, 26.25, 27.0, 27.0, 27.0, 27.25, 27.5, 26.75, 26.75, 27.0, 27.0, 26.75, 26.75, 26.75, 27.0, 26.75, 27.25, 27.0, 26.75, 27.5, 27.5, 27.25, 27.25, 26.75, 27.0, 27.0, 26.25, 26.75, 27.25, 26.75, 26.5, 27.5, 27.25, 27.0, 26.25, 26.25, 26.75, 27.0, 27.25, 27.25, 27.25, 28.0, 27.0, 26.5, 26.75, 26.5, 26.75, 27.25, 27.25, 27.5]",0,0,0
146,2025-05-27T19:37:46.998465,28.400000000000002,"[26.5, 27.0, 26.5, 27.5, 27.0, 26.75, 26.5, 27.25, 27.25, 26.75, 27.0, 26.75, 27.0, 26.5, 26.5, 26.25, 27.0, 27.0, 27.0, 27.25, 27.5, 26.75, 26.75, 27.0, 27.0, 26.75, 26.75, 26.75, 27.0, 26.75, 27.25, 27.0, 26.75, 27.5, 27.5, 27.25, 27.25, 26.75, 27.0, 27.0, 26.25, 26.75, 27.25, 26.75, 26.5, 27.5, 27.25, 27.0, 26.25, 26.25, 26.75, 27.0, 27.25, 27.25, 27.25, 28.0, 27.0, 26.5, 26.75, 26.5, 26.75, 27.25, 27.25, 27.5]",0,0,0
147,2025-05-27T19:37:47.130010,28.400000000000002,"[26.5, 27.0, 26.5, 27.5, 27.0, 26.75, 26.5, 27.25, 27.25, 26.75, 27.0, 26.75, 27.0, 26.5, 26.5, 26.25, 27.0, 27.0, 27.0, 27.25, 27.5, 26.75, 26.75, 27.0, 27.0, 26.75, 26.75, 26.75, 27.0, 26.75, 27.25, 27.0, 26.75, 27.5, 27.5, 27.25, 27.25, 26.75, 27.0, 27.0, 26.25, 26.75, 27.25, 26.75, 26.5, 27.5, 27.25, 27.0, 26.25, 26.25, 26.75, 27.0, 27.25, 27.25, 27.25, 28.0, 27.0, 26.5, 26.75, 26.5, 26.75, 27.25, 27.25, 27.5]",0,0,0
148,2025-05-27T19:37:47.262929,28.400000000000002,"[26.75, 27.0, 27.0, 27.5, 27.0, 27.25, 26.5, 27.5, 27.25, 26.75, 27.5, 27.25, 27.0, 27.0, 27.0, 26.5, 27.25, 26.75, 27.25, 27.0, 27.0, 27.0, 27.0, 27.25, 27.0, 27.0, 27.0, 26.75, 27.25, 27.0, 27.0, 27.25, 27.0, 27.0, 28.0, 27.25, 27.25, 27.0, 27.25, 27.5, 26.25, 26.75, 27.5, 27.25, 27.0, 27.5, 27.25, 27.5, 26.5, 26.5, 26.75, 27.0, 27.5, 27.75, 27.25, 27.5, 26.5, 26.5, 26.5, 26.75, 26.5, 27.0, 27.25, 27.5]",0,0,0
149,2025-05-27T19:37:47.383435,28.400000000000002,"[26.75, 27.0, 27.0, 27.5, 27.0, 27.25, 26.5, 27.5, 27.25, 26.75, 27.5, 27.25, 27.0, 27.0, 27.0, 26.5, 27.25, 26.75, 27.25, 27.0, 27.0, 27.0, 27.0, 27.25, 27.0, 27.0, 27.0, 26.75, 27.25, 27.0, 27.0, 27.25, 27.0, 27.0, 28.0, 27.25, 27.25, 27.0, 27.25, 27.5, 26.25, 26.75, 27.5, 27.25, 27.0, 27.5, 27.25, 27.5, 26.5, 26.5, 26.75, 27.0, 27.5, 27.75, 27.25, 27.5, 26.5, 26.5, 26.5, 26.75, 26.5, 27.0, 27.25, 27.5]",0,0,0
150,2025-05-27T19:37:47.514956,28.400000000000002,"[26.25, 27.0, 26.75, 27.25, 27.0, 26.5, 26.25, 27.0, 27.0, 27.0, 26.5, 27.0, 27.0, 27.0, 26.75, 27.25, 27.0, 26.75, 27.0, 27.0, 27.0, 26.5, 26.5, 27.0, 27.0, 26.75, 26.5, 26.5, 26.75, 26.75, 26.5, 27.0, 27.0, 27.0, 27.5, 27.5, 27.25, 27.0, 27.25, 27.25, 26.5, 26.75, 26.75, 27.0, 26.5, 27.25, 27.25, 27.0, 26.75, 26.5, 26.5, 26.75, 27.5, 27.5, 27.25, 26.75, 26.25, 26.75, 26.25, 26.0, 26.75, 26.5, 27.25, 27.5]",0,0,0
151,2025-05-27T19:37:47.635797,28.400000000000002,"[26.25, 27.0, 26.75, 27.25, 27.0, 26.5, 26.25, 27.0, 27.0, 27.0, 26.5, 27.0, 27.0, 27.0, 26.75, 27.25, 27.0, 26.75, 27.0, 27.0, 27.0, 26.5, 26.5, 27.0, 27.0, 26.75, 26.5, 26.5, 26.75, 26.75, 26.5, 27.0, 27.0, 27.0, 27.5, 27.5, 27.25, 27.0, 27.25, 27.25, 26.5, 26.75, 26.75, 27.0, 26.5, 27.25, 27.25, 27.0, 26.75, 26.5, 26.5, 26.75, 27.5, 27.5, 27.25, 26.75, 26.25, 26.75, 26.25, 26.0, 26.75, 26.5, 27.25, 27.5]",0,0,0
152,2025-05-27T19:37:47.760619,28.400000000000002,"[27.0, 27.0, 26.25, 27.5, 27.25, 27.0, 26.75, 27.25, 26.75, 26.75, 27.0, 27.25, 27.25, 26.75, 27.25, 27.25, 26.75, 27.25, 26.75, 27.25, 27.0, 27.0, 26.75, 27.0, 27.0, 27.0, 27.0, 26.75, 27.0, 26.75, 27.5, 27.25, 27.0, 27.25, 27.75, 27.25, 27.0, 27.25, 27.25, 27.5, 26.5, 26.75, 26.75, 27.25, 27.0, 27.5, 27.0, 27.0, 26.75, 26.5, 27.0, 27.25, 27.25, 27.25, 27.5, 27.5, 26.75, 26.25, 26.25, 26.5, 26.75, 26.75, 27.25, 26.75]",0,0,0
153,2025-05-27T19:37:47.889033,28.400000000000002,"[27.0, 27.0, 26.25, 27.5, 27.25, 27.0, 26.75, 27.25, 26.75, 26.75, 27.0, 27.25, 27.25, 26.75, 27.25, 27.25, 26.75, 27.25, 26.75, 27.25, 27.0, 27.0, 26.75, 27.0, 27.0, 27.0, 27.0, 26.75, 27.0, 26.75, 27.5, 27.25, 27.0, 27.25, 27.75, 27.25, 27.0, 27.25, 27.25, 27.5, 26.5, 26.75, 26.75, 27.25, 27.0, 27.5, 27.0, 27.0, 26.75, 26.5, 27.0, 27.25, 27.25, 27.25, 27.5, 27.5, 26.75, 26.25, 26.25, 26.5, 26.75, 26.75, 27.25, 26.75]",0,0,0
154,2025-05-27T19:37:48.013199,28.400000000000002,"[26.75, 27.0, 26.25, 27.5, 27.25, 26.75, 26.75, 27.25, 27.25, 26.75, 27.0, 27.0, 27.0, 26.75, 27.25, 27.5, 26.75, 26.75, 27.0, 27.0, 27.0, 26.75, 26.75, 26.75, 27.0, 26.5, 27.0, 27.0, 26.75, 27.0, 26.25, 26.75, 27.25, 27.0, 27.5, 27.25, 27.25, 27.0, 27.0, 27.25, 26.5, 26.75, 27.25, 27.25, 27.0, 27.25, 26.75, 27.25, 26.5, 26.75, 26.25, 26.75, 27.5, 27.25, 27.25, 26.75, 27.0, 27.25, 26.5, 26.75, 26.5, 27.0, 27.0, 27.0]",0,0,0
155,2025-05-27T19:37:48.138250,28.400000000000002,"[26.75, 27.0, 26.25, 27.5, 27.25, 26.75, 26.75, 27.25, 27.25, 26.75, 27.0, 27.0, 27.0, 26.75, 27.25, 27.5, 26.75, 26.75, 27.0, 27.0, 27.0, 26.75, 26.75, 26.75, 27.0, 26.5, 27.0, 27.0, 26.75, 27.0, 26.25, 26.75, 27.25, 27.0, 27.5, 27.25, 27.25, 27.0, 27.0, 27.25, 26.5, 26.75, 27.25, 27.25, 27.0, 27.25, 26.75, 27.25, 26.5, 26.75, 26.25, 26.75, 27.5, 27.25, 27.25, 26.75, 27.0, 27.25, 26.5, 26.75, 26.5, 27.0, 27.0, 27.0]",0,0,0
156,2025-05-27T19:37:48.259803,28.400000000000002,"[26.75, 27.0, 26.25, 27.5, 27.25, 26.75, 26.75, 27.25, 27.25, 26.75, 27.0, 27.0, 27.0, 26.75, 27.25, 27.5, 26.75, 26.75, 27.0, 27.0, 27.0, 26.75, 26.75, 26.75, 27.0, 26.5, 27.0, 27.0, 26.75, 27.0, 26.25, 26.75, 27.25, 27.0, 27.5, 27.25, 27.25, 27.0, 27.0, 27.25, 26.5, 26.75, 27.25, 27.25, 27.0, 27.25, 26.75, 27.25, 26.5, 26.75, 26.25, 26.75, 27.5, 27.25, 27.25, 26.75, 27.0, 27.25, 26.5, 26.75, 26.5, 27.0, 27.0, 27.0]",0,0,0
157,2025-05-27T19:37:48.386678,28.400000000000002,"[27.0, 27.25, 26.5, 27.0, 26.75, 27.0, 26.5, 27.5, 27.0, 27.25, 27.0, 27.25, 27.0, 27.25, 27.25, 27.0, 27.0, 27.0, 27.0, 27.25, 27.0, 26.75, 26.75, 27.0, 27.25, 26.75, 26.75, 27.0, 26.75, 27.0, 27.0, 27.25, 26.75, 26.75, 27.75, 27.25, 27.25, 26.75, 27.0, 27.25, 26.25, 27.0, 27.5, 27.25, 27.0, 27.5, 27.0, 27.25, 27.0, 26.25, 26.75, 27.0, 27.5, 27.5, 27.5, 27.25, 26.5, 27.25, 26.5, 26.75, 27.25, 27.25, 27.5, 27.0]",0,0,0
158,2025-05-27T19:37:48.510969,28.400000000000002,"[27.0, 27.25, 26.5, 27.0, 26.75, 27.0, 26.5, 27.5, 27.0, 27.25, 27.0, 27.25, 27.0, 27.25, 27.25, 27.0, 27.0, 27.0, 27.0, 27.25, 27.0, 26.75, 26.75, 27.0, 27.25, 26.75, 26.75, 27.0, 26.75, 27.0, 27.0, 27.25, 26.75, 26.75, 27.75, 27.25, 27.25, 26.75, 27.0, 27.25, 26.25, 27.0, 27.5, 27.25, 27.0, 27.5, 27.0, 27.25, 27.0, 26.25, 26.75, 27.0, 27.5, 27.5, 27.5, 27.25, 26.5, 27.25, 26.5, 26.75, 27.25, 27.25, 27.5, 27.0]",0,0,0
159,2025-05-27T19:37:48.637362,28.400000000000002,"[27.25, 27.0, 26.75, 27.5, 27.0, 27.0, 27.0, 27.5, 27.0, 26.75, 26.75, 27.0, 26.75, 26.75, 27.0, 26.75, 27.0, 27.5, 26.75, 27.5, 27.25, 26.75, 26.75, 27.0, 27.25, 26.75, 27.0, 26.75, 27.0, 27.0, 27.25, 27.0, 27.0, 27.5, 28.0, 27.25, 27.25, 27.0, 27.0, 27.5, 26.25, 26.5, 27.25, 27.25, 26.5, 27.25, 27.25, 27.0, 27.0, 26.25, 26.75, 27.0, 27.5, 27.75, 27.25, 27.5, 27.0, 26.75, 26.25, 26.5, 27.0, 27.25, 27.75, 28.0]",0,0,0
160,2025-05-27T19:37:48.771800,28.400000000000002,"[27.25, 27.0, 26.75, 27.5, 27.0, 27.0, 27.0, 27.5, 27.0, 26.75, 26.75, 27.0, 26.75, 26.75, 27.0, 26.75, 27.0, 27.5, 26.75, 27.5, 27.25, 26.75, 26.75, 27.0, 27.25, 26.75, 27.0, 26.75, 27.0, 27.0, 27.25, 27.0, 27.0, 27.5, 28.0, 27.25, 27.25, 27.0, 27.0, 27.5, 26.25, 26.5, 27.25, 27.25, 26.5, 27.25, 27.25, 27.0, 27.0, 26.25, 26.75, 27.0, 27.5, 27.75, 27.25, 27.5, 27.0, 26.75, 26.25, 26.5, 27.0, 27.25, 27.75, 28.0]",0,0,0
161,2025-05-27T19:37:48.896189,28.400000000000002,"[27.0, 27.0, 26.5, 27.25, 27.0, 27.25, 26.75, 27.75, 27.0, 26.5, 27.25, 27.25, 27.25, 27.0, 26.75, 26.75, 27.25, 27.0, 26.75, 27.25, 27.25, 26.75, 26.5, 27.0, 27.25, 27.0, 27.0, 26.75, 27.0, 27.25, 27.0, 27.25, 27.25, 27.0, 27.75, 27.75, 27.5, 27.0, 27.5, 26.75, 26.25, 26.75, 27.0, 27.0, 27.0, 27.5, 27.25, 27.75, 26.75, 26.75, 27.25, 27.25, 27.5, 28.0, 27.75, 27.75, 27.0, 26.75, 26.25, 26.75, 27.0, 26.5, 26.75, 27.75]",0,0,0
162,2025-05-27T19:37:49.019035,28.400000000000002,"[27.0, 27.0, 26.5, 27.25, 27.0, 27.25, 26.75, 27.75, 27.0, 26.5, 27.25, 27.25, 27.25, 27.0, 26.75, 26.75, 27.25, 27.0, 26.75, 27.25, 27.25, 26.75, 26.5, 27.0, 27.25, 27.0, 27.0, 26.75, 27.0, 27.25, 27.0, 27.25, 27.25, 27.0, 27.75, 27.75, 27.5, 27.0, 27.5, 26.75, 26.25, 26.75, 27.0, 27.0, 27.0, 27.5, 27.25, 27.75, 26.75, 26.75, 27.25, 27.25, 27.5, 28.0, 27.75, 27.75, 27.0, 26.75, 26.25, 26.75, 27.0, 26.5, 26.75, 27.75]",0,0,0
163,2025-05-27T19:37:49.141599,28.400000000000002,"[27.0, 26.5, 26.75, 26.75, 27.0, 27.0, 26.75, 27.0, 27.0, 26.75, 26.5, 27.0, 26.75, 27.0, 27.0, 26.75, 26.75, 27.0, 27.0, 27.25, 27.25, 27.0, 27.0, 27.25, 26.75, 27.0, 27.25, 27.0, 27.0, 27.0, 27.25, 27.25, 27.0, 27.25, 28.0, 27.25, 27.5, 27.25, 27.25, 27.5, 25.75, 26.75, 27.0, 27.25, 27.0, 27.75, 27.0, 27.25, 26.25, 26.5, 26.5, 27.25, 27.25, 27.5, 27.5, 27.75, 26.25, 26.75, 26.75, 26.75, 27.5, 27.25, 27.25, 27.5]",0,0,0
164,2025-05-27T19:37:49.273896,28.400000000000002,"[27.0, 26.5, 26.75, 26.75, 27.0, 27.0, 26.75, 27.0, 27.0, 26.75, 26.5, 27.0, 26.75, 27.0, 27.0, 26.75, 26.75, 27.0, 27.0, 27.25, 27.25, 27.0, 27.0, 27.25, 26.75, 27.0, 27.25, 27.0, 27.0, 27.0, 27.25, 27.25, 27.0, 27.25, 28.0, 27.25, 27.5, 27.25, 27.25, 27.5, 25.75, 26.75, 27.0, 27.25, 27.0, 27.75, 27.0, 27.25, 26.25, 26.5, 26.5, 27.25, 27.25, 27.5, 27.5, 27.75, 26.25, 26.75, 26.75, 26.75, 27.5, 27.25, 27.25, 27.5]",0,0,0
165,2025-05-27T19:37:49.396127,28.400000000000002,"[26.75, 26.5, 26.5, 27.75, 27.0, 26.75, 27.0, 27.0, 27.0, 26.75, 27.0, 26.75, 26.75, 27.0, 27.0, 27.5, 27.0, 27.0, 27.25, 27.25, 27.25, 26.75, 26.5, 27.0, 27.5, 27.25, 26.75, 26.75, 27.25, 27.0, 27.0, 27.0, 27.0, 27.0, 27.75, 27.25, 27.25, 27.0, 27.0, 27.25, 25.75, 26.75, 27.25, 27.5, 27.0, 27.5, 27.25, 27.0, 26.75, 26.75, 26.75, 27.25, 27.5, 27.75, 27.5, 27.5, 26.75, 26.75, 26.75, 27.0, 27.0, 27.0, 27.0, 27.75]",0,0,0
166,2025-05-27T19:37:49.516793,28.400000000000002,"[26.75, 26.5, 26.5, 27.75, 27.0, 26.75, 27.0, 27.0, 27.0, 26.75, 27.0, 26.75, 26.75, 27.0, 27.0, 27.5, 27.0, 27.0, 27.25, 27.25, 27.25, 26.75, 26.5, 27.0, 27.5, 27.25, 26.75, 26.75, 27.25, 27.0, 27.0, 27.0, 27.0, 27.0, 27.75, 27.25, 27.25, 27.0, 27.0, 27.25, 25.75, 26.75, 27.25, 27.5, 27.0, 27.5, 27.25, 27.0, 26.75, 26.75, 26.75, 27.25, 27.5, 27.75, 27.5, 27.5, 26.75, 26.75, 26.75, 27.0, 27.0, 27.0, 27.0, 27.75]",0,0,0
167,2025-05-27T19:37:49.643240,28.400000000000002,"[26.5, 27.0, 27.0, 27.25, 27.0, 27.0, 26.5, 27.25, 27.25, 26.75, 27.0, 27.25, 27.25, 27.25, 27.25, 27.25, 26.75, 26.75, 27.0, 27.0, 27.5, 26.75, 26.75, 27.0, 27.0, 27.0, 27.0, 27.25, 27.0, 27.0, 27.0, 27.5, 27.0, 27.25, 27.75, 27.25, 27.5, 27.0, 27.0, 27.5, 26.5, 26.5, 27.25, 27.25, 27.5, 27.5, 27.0, 26.75, 26.5, 26.25, 26.75, 27.75, 27.25, 27.5, 27.25, 27.25, 26.25, 26.5, 26.25, 27.0, 27.0, 27.75, 27.5, 27.25]",0,0,0
168,2025-05-27T19:37:49.767385,28.400000000000002,"[26.5, 27.0, 27.0, 27.25, 27.0, 27.0, 26.5, 27.25, 27.25, 26.75, 27.0, 27.25, 27.25, 27.25, 27.25, 27.25, 26.75, 26.75, 27.0, 27.0, 27.5, 26.75, 26.75, 27.0, 27.0, 27.0, 27.0, 27.25, 27.0, 27.0, 27.0, 27.5, 27.0, 27.25, 27.75, 27.25, 27.5, 27.0, 27.0, 27.5, 26.5, 26.5, 27.25, 27.25, 27.5, 27.5, 27.0, 26.75, 26.5, 26.25, 26.75, 27.75, 27.25, 27.5, 27.25, 27.25, 26.25, 26.5, 26.25, 27.0, 27.0, 27.75, 27.5, 27.25]",0,0,0
169,2025-05-27T19:37:49.887721,28.400000000000002,"[26.5, 27.0, 26.75, 27.5, 27.0, 26.75, 27.0, 28.0, 26.75, 27.0, 27.5, 27.0, 27.0, 27.25, 26.75, 27.25, 27.0, 27.5, 27.0, 27.25, 27.0, 26.75, 27.0, 27.0, 27.5, 27.0, 27.0, 26.75, 27.5, 27.0, 27.0, 27.0, 27.0, 27.5, 27.75, 27.25, 27.5, 27.0, 27.25, 27.25, 26.75, 26.75, 27.25, 27.0, 27.0, 27.5, 27.0, 27.25, 26.5, 27.0, 26.5, 27.0, 27.75, 27.75, 27.25, 27.5, 26.75, 26.75, 27.25, 27.0, 27.0, 26.75, 27.0, 27.25]",0,0,0
170,2025-05-27T19:37:50.013909,28.400000000000002,"[26.5, 27.0, 26.75, 27.5, 27.0, 26.75, 27.0, 28.0, 26.75, 27.0, 27.5, 27.0, 27.0, 27.25, 26.75, 27.25, 27.0, 27.5, 27.0, 27.25, 27.0, 26.75, 27.0, 27.0, 27.5, 27.0, 27.0, 26.75, 27.5, 27.0, 27.0, 27.0, 27.0, 27.5, 27.75, 27.25, 27.5, 27.0, 27.25, 27.25, 26.75, 26.75, 27.25, 27.0, 27.0, 27.5, 27.0, 27.25, 26.5, 27.0, 26.5, 27.0, 27.75, 27.75, 27.25, 27.5, 26.75, 26.75, 27.25, 27.0, 27.0, 26.75, 27.0, 27.25]",0,0,0
171,2025-05-27T19:37:50.144732,28.400000000000002,"[27.0, 27.0, 26.5, 27.5, 26.75, 27.0, 26.5, 27.25, 27.5, 26.75, 26.5, 27.0, 27.25, 27.0, 27.0, 27.25, 27.25, 27.25, 27.0, 27.25, 27.5, 27.0, 26.5, 27.0, 27.0, 27.0, 27.25, 27.0, 27.0, 27.25, 27.0, 27.75, 26.75, 27.5, 27.75, 27.5, 27.5, 27.0, 27.25, 27.5, 26.5, 26.5, 27.25, 27.0, 27.0, 27.5, 27.0, 27.25, 26.75, 26.5, 26.75, 27.5, 27.75, 27.75, 27.75, 27.5, 26.75, 26.25, 27.0, 26.5, 27.25, 27.0, 27.25, 27.25]",0,0,0
172,2025-05-27T19:37:50.282140,28.400000000000002,"[27.0, 27.0, 26.5, 27.5, 26.75, 27.0, 26.5, 27.25, 27.5, 26.75, 26.5, 27.0, 27.25, 27.0, 27.0, 27.25, 27.25, 27.25, 27.0, 27.25, 27.5, 27.0, 26.5, 27.0, 27.0, 27.0, 27.25, 27.0, 27.0, 27.25, 27.0, 27.75, 26.75, 27.5, 27.75, 27.5, 27.5, 27.0, 27.25, 27.5, 26.5, 26.5, 27.25, 27.0, 27.0, 27.5, 27.0, 27.25, 26.75, 26.5, 26.75, 27.5, 27.75, 27.75, 27.75, 27.5, 26.75, 26.25, 27.0, 26.5, 27.25, 27.0, 27.25, 27.25]",0,0,0
173,2025-05-27T19:37:50.408802,28.400000000000002,"[27.0, 27.0, 26.5, 27.5, 26.75, 27.0, 26.5, 27.25, 27.5, 26.75, 26.5, 27.0, 27.25, 27.0, 27.0, 27.25, 27.25, 27.25, 27.0, 27.25, 27.5, 27.0, 26.5, 27.0, 27.0, 27.0, 27.25, 27.0, 27.0, 27.25, 27.0, 27.75, 26.75, 27.5, 27.75, 27.5, 27.5, 27.0, 27.25, 27.5, 26.5, 26.5, 27.25, 27.0, 27.0, 27.5, 27.0, 27.25, 26.75, 26.5, 26.75, 27.5, 27.75, 27.75, 27.75, 27.5, 26.75, 26.25, 27.0, 26.5, 27.25, 27.0, 27.25, 27.25]",0,0,0
174,2025-05-27T19:37:50.540622,28.400000000000002,"[27.0, 27.0, 26.75, 27.25, 26.75, 27.0, 26.75, 27.25, 27.0, 26.75, 27.0, 27.0, 27.5, 27.0, 26.75, 27.25, 27.0, 27.0, 27.25, 27.0, 27.25, 27.25, 27.0, 27.5, 27.5, 27.0, 27.0, 27.25, 27.25, 27.25, 27.25, 26.75, 27.5, 27.25, 28.0, 27.25, 27.5, 27.0, 27.25, 27.25, 26.75, 26.75, 27.5, 27.25, 27.25, 27.5, 27.0, 27.5, 26.75, 26.5, 26.5, 27.0, 27.25, 27.75, 27.75, 27.75, 27.25, 26.75, 26.5, 27.0, 27.5, 27.25, 28.0, 27.25]",0,0,0
175,2025-05-27T19:37:50.665049,28.400000000000002,"[27.0, 27.0, 26.5, 27.25, 27.0, 27.0, 26.75, 27.75, 26.75, 27.0, 27.0, 27.0, 27.25, 27.25, 27.5, 27.25, 27.0, 27.5, 27.0, 27.25, 27.25, 27.0, 26.75, 27.0, 27.25, 27.0, 27.25, 27.0, 26.75, 27.0, 26.75, 26.75, 27.0, 27.0, 27.75, 27.5, 27.25, 26.75, 27.25, 27.25, 26.75, 26.75, 27.75, 27.0, 27.0, 27.5, 27.25, 27.25, 27.5, 26.5, 26.75, 27.0, 27.25, 27.5, 27.75, 27.5, 26.75, 26.75, 26.0, 26.75, 27.0, 27.0, 27.25, 27.25]",0,0,0
176,2025-05-27T19:37:50.790139,28.400000000000002,"[27.0, 27.0, 26.5, 27.25, 27.0, 27.0, 26.75, 27.75, 26.75, 27.0, 27.0, 27.0, 27.25, 27.25, 27.5, 27.25, 27.0, 27.5, 27.0, 27.25, 27.25, 27.0, 26.75, 27.0, 27.25, 27.0, 27.25, 27.0, 26.75, 27.0, 26.75, 26.75, 27.0, 27.0, 27.75, 27.5, 27.25, 26.75, 27.25, 27.25, 26.75, 26.75, 27.75, 27.0, 27.0, 27.5, 27.25, 27.25, 27.5, 26.5, 26.75, 27.0, 27.25, 27.5, 27.75, 27.5, 26.75, 26.75, 26.0, 26.75, 27.0, 27.0, 27.25, 27.25]",0,0,0
177,2025-05-27T19:37:50.923822,28.400000000000002,"[27.0, 27.0, 26.5, 27.25, 27.0, 27.0, 26.75, 27.75, 26.75, 27.0, 27.0, 27.0, 27.25, 27.25, 27.5, 27.25, 27.0, 27.5, 27.0, 27.25, 27.25, 27.0, 26.75, 27.0, 27.25, 27.0, 27.25, 27.0, 26.75, 27.0, 26.75, 26.75, 27.0, 27.0, 27.75, 27.5, 27.25, 26.75, 27.25, 27.25, 26.75, 26.75, 27.75, 27.0, 27.0, 27.5, 27.25, 27.25, 27.5, 26.5, 26.75, 27.0, 27.25, 27.5, 27.75, 27.5, 26.75, 26.75, 26.0, 26.75, 27.0, 27.0, 27.25, 27.25]",0,0,0
178,2025-05-27T19:37:51.060591,28.400000000000002,"[26.25, 27.25, 26.75, 27.25, 27.0, 27.0, 26.75, 27.25, 27.0, 26.75, 27.25, 27.0, 27.25, 26.75, 27.0, 27.25, 27.25, 27.0, 26.75, 27.25, 27.25, 27.25, 26.75, 27.25, 27.25, 26.75, 26.75, 26.5, 27.25, 26.5, 26.75, 27.25, 26.75, 27.0, 28.0, 27.25, 27.5, 27.25, 27.0, 27.25, 26.75, 26.75, 27.25, 27.25, 27.0, 27.5, 27.5, 27.25, 26.75, 27.25, 26.5, 27.5, 27.25, 27.75, 27.25, 27.5, 26.75, 26.5, 26.5, 26.75, 26.5, 27.5, 27.25, 27.25]",0,0,0
179,2025-05-27T19:37:51.185066,28.400000000000002,"[26.5, 27.0, 27.0, 27.25, 27.0, 27.25, 26.5, 27.25, 27.25, 26.25, 27.0, 27.0, 27.0, 26.5, 27.0, 27.25, 27.0, 27.25, 26.75, 27.5, 27.25, 27.0, 27.25, 27.25, 27.0, 26.5, 26.75, 26.75, 26.75, 27.25, 27.0, 27.0, 27.0, 27.5, 28.0, 27.25, 27.25, 27.0, 27.0, 27.25, 26.75, 26.75, 27.25, 27.0, 26.75, 27.25, 27.0, 27.5, 26.5, 26.75, 26.75, 27.25, 27.5, 27.5, 27.5, 27.25, 27.0, 26.5, 26.25, 27.0, 26.75, 27.0, 27.5, 27.75]",0,0,0
180,2025-05-27T19:37:51.320428,28.400000000000002,"[26.5, 27.0, 27.0, 27.25, 27.0, 27.25, 26.5, 27.25, 27.25, 26.25, 27.0, 27.0, 27.0, 26.5, 27.0, 27.25, 27.0, 27.25, 26.75, 27.5, 27.25, 27.0, 27.25, 27.25, 27.0, 26.5, 26.75, 26.75, 26.75, 27.25, 27.0, 27.0, 27.0, 27.5, 28.0, 27.25, 27.25, 27.0, 27.0, 27.25, 26.75, 26.75, 27.25, 27.0, 26.75, 27.25, 27.0, 27.5, 26.5, 26.75, 26.75, 27.25, 27.5, 27.5, 27.5, 27.25, 27.0, 26.5, 26.25, 27.0, 26.75, 27.0, 27.5, 27.75]",0,0,0
181,2025-05-27T19:37:51.444212,28.400000000000002,"[26.75, 27.0, 26.5, 27.25, 26.75, 27.0, 26.75, 27.5, 27.0, 26.5, 26.75, 27.0, 26.75, 26.75, 27.25, 27.0, 27.25, 26.75, 27.25, 27.0, 27.5, 27.0, 26.75, 27.5, 27.5, 27.0, 27.0, 26.75, 26.75, 26.5, 27.0, 27.0, 26.75, 27.25, 27.75, 27.0, 27.25, 27.25, 27.25, 27.5, 26.5, 27.0, 27.25, 27.0, 26.75, 27.75, 27.25, 27.25, 27.0, 26.25, 26.75, 27.25, 27.25, 27.5, 27.5, 27.25, 26.75, 26.75, 26.5, 27.25, 27.0, 27.0, 27.25, 27.5]",0,0,0
182,2025-05-27T19:37:51.572494,28.400000000000002,"[26.75, 27.0, 26.5, 27.25, 26.75, 27.0, 26.75, 27.5, 27.0, 26.5, 26.75, 27.0, 26.75, 26.75, 27.25, 27.0, 27.25, 26.75, 27.25, 27.0, 27.5, 27.0, 26.75, 27.5, 27.5, 27.0, 27.0, 26.75, 26.75, 26.5, 27.0, 27.0, 26.75, 27.25, 27.75, 27.0, 27.25, 27.25, 27.25, 27.5, 26.5, 27.0, 27.25, 27.0, 26.75, 27.75, 27.25, 27.25, 27.0, 26.25, 26.75, 27.25, 27.25, 27.5, 27.5, 27.25, 26.75, 26.75, 26.5, 27.25, 27.0, 27.0, 27.25, 27.5]",0,0,0
183,2025-05-27T19:37:51.700445,28.400000000000002,"[26.75, 27.0, 26.5, 27.25, 26.75, 27.0, 26.75, 27.5, 27.0, 26.5, 26.75, 27.0, 26.75, 26.75, 27.25, 27.0, 27.25, 26.75, 27.25, 27.0, 27.5, 27.0, 26.75, 27.5, 27.5, 27.0, 27.0, 26.75, 26.75, 26.5, 27.0, 27.0, 26.75, 27.25, 27.75, 27.0, 27.25, 27.25, 27.25, 27.5, 26.5, 27.0, 27.25, 27.0, 26.75, 27.75, 27.25, 27.25, 27.0, 26.25, 26.75, 27.25, 27.25, 27.5, 27.5, 27.25, 26.75, 26.75, 26.5, 27.25, 27.0, 27.0, 27.25, 27.5]",0,0,0
184,2025-05-27T19:37:51.836441,28.400000000000002,"[27.0, 26.75, 26.5, 27.25, 27.25, 27.0, 26.5, 27.5, 26.75, 27.0, 27.0, 27.0, 27.0, 27.0, 27.25, 27.25, 27.0, 26.75, 27.25, 27.5, 27.25, 27.0, 27.0, 27.0, 27.25, 27.0, 27.25, 26.75, 27.25, 27.25, 27.25, 27.0, 27.0, 27.75, 27.75, 27.5, 27.25, 26.75, 27.25, 27.5, 26.0, 26.5, 27.0, 27.0, 27.0, 27.0, 27.25, 27.25, 26.75, 27.25, 26.75, 26.75, 27.5, 27.75, 27.5, 27.75, 26.75, 26.75, 26.25, 27.0, 26.75, 27.0, 27.0, 27.25]",0,0,0
185,2025-05-27T19:37:51.962630,28.400000000000002,"[27.0, 26.75, 26.5, 27.25, 27.25, 27.0, 26.5, 27.5, 26.75, 27.0, 27.0, 27.0, 27.0, 27.0, 27.25, 27.25, 27.0, 26.75, 27.25, 27.5, 27.25, 27.0, 27.0, 27.0, 27.25, 27.0, 27.25, 26.75, 27.25, 27.25, 27.25, 27.0, 27.0, 27.75, 27.75, 27.5, 27.25, 26.75, 27.25, 27.5, 26.0, 26.5, 27.0, 27.0, 27.0, 27.0, 27.25, 27.25, 26.75, 27.25, 26.75, 26.75, 27.5, 27.75, 27.5, 27.75, 26.75, 26.75, 26.25, 27.0, 26.75, 27.0, 27.0, 27.25]",0,0,0
186,2025-05-27T19:37:52.099688,28.400000000000002,"[26.75, 27.0, 26.5, 27.5, 27.25, 27.25, 26.75, 27.25, 27.0, 26.25, 27.25, 26.75, 27.25, 27.0, 27.0, 26.75, 27.25, 27.25, 27.25, 27.5, 27.5, 27.0, 27.25, 27.25, 27.0, 26.75, 26.75, 27.0, 27.25, 27.0, 27.0, 27.25, 27.0, 27.5, 27.75, 27.25, 27.5, 27.0, 27.25, 27.5, 26.5, 27.0, 27.0, 27.25, 27.0, 27.75, 27.0, 27.25, 27.0, 26.75, 26.75, 27.0, 27.5, 27.75, 27.0, 27.25, 27.25, 26.75, 26.25, 27.0, 27.0, 27.25, 27.0, 27.5]",0,0,0
187,2025-05-27T19:37:52.224384,28.400000000000002,"[26.75, 27.0, 26.5, 27.5, 27.25, 27.25, 26.75, 27.25, 27.0, 26.25, 27.25, 26.75, 27.25, 27.0, 27.0, 26.75, 27.25, 27.25, 27.25, 27.5, 27.5, 27.0, 27.25, 27.25, 27.0, 26.75, 26.75, 27.0, 27.25, 27.0, 27.0, 27.25, 27.0, 27.5, 27.75, 27.25, 27.5, 27.0, 27.25, 27.5, 26.5, 27.0, 27.0, 27.25, 27.0, 27.75, 27.0, 27.25, 27.0, 26.75, 26.75, 27.0, 27.5, 27.75, 27.0, 27.25, 27.25, 26.75, 26.25, 27.0, 27.0, 27.25, 27.0, 27.5]",0,0,0
188,2025-05-27T19:37:52.347608,28.400000000000002,"[26.75, 27.0, 26.5, 27.5, 27.25, 27.25, 26.75, 27.25, 27.0, 26.25, 27.25, 26.75, 27.25, 27.0, 27.0, 26.75, 27.25, 27.25, 27.25, 27.5, 27.5, 27.0, 27.25, 27.25, 27.0, 26.75, 26.75, 27.0, 27.25, 27.0, 27.0, 27.25, 27.0, 27.5, 27.75, 27.25, 27.5, 27.0, 27.25, 27.5, 26.5, 27.0, 27.0, 27.25, 27.0, 27.75, 27.0, 27.25, 27.0, 26.75, 26.75, 27.0, 27.5, 27.75, 27.0, 27.25, 27.25, 26.75, 26.25, 27.0, 27.0, 27.25, 27.0, 27.5]",0,0,0
189,2025-05-27T19:37:52.472447,28.400000000000002,"[26.75, 27.0, 26.75, 27.25, 27.0, 27.0, 26.75, 27.75, 27.25, 26.75, 27.25, 27.0, 27.0, 27.0, 27.0, 27.0, 27.0, 26.75, 27.25, 27.25, 27.25, 27.0, 26.75, 27.25, 27.0, 27.0, 26.75, 27.0, 27.0, 27.25, 27.0, 27.0, 27.0, 27.5, 28.0, 27.5, 27.0, 27.0, 27.25, 27.5, 26.25, 26.75, 27.25, 26.75, 26.75, 27.25, 27.0, 27.75, 27.25, 26.5, 26.5, 27.25, 27.5, 27.5, 27.5, 27.25, 27.0, 26.25, 26.25, 26.75, 27.0, 27.0, 27.5, 27.25]",0,0,0
190,2025-05-27T19:37:52.592028,28.400000000000002,"[26.75, 27.0, 26.75, 27.25, 27.0, 27.0, 26.75, 27.75, 27.25, 26.75, 27.25, 27.0, 27.0, 27.0, 27.0, 27.0, 27.0, 26.75, 27.25, 27.25, 27.25, 27.0, 26.75, 27.25, 27.0, 27.0, 26.75, 27.0, 27.0, 27.25, 27.0, 27.0, 27.0, 27.5, 28.0, 27.5, 27.0, 27.0, 27.25, 27.5, 26.25, 26.75, 27.25, 26.75, 26.75, 27.25, 27.0, 27.75, 27.25, 26.5, 26.5, 27.25, 27.5, 27.5, 27.5, 27.25, 27.0, 26.25, 26.25, 26.75, 27.0, 27.0, 27.5, 27.25]",0,0,0
191,2025-05-27T19:37:52.721722,28.400000000000002,"[26.5, 26.25, 26.5, 27.0, 27.0, 27.0, 26.75, 27.0, 26.75, 27.0, 27.0, 27.25, 27.0, 26.75, 27.0, 27.0, 26.5, 27.25, 27.0, 27.25, 26.75, 27.0, 27.0, 27.0, 27.25, 26.75, 26.75, 26.75, 27.25, 27.0, 26.75, 26.75, 26.75, 27.25, 27.75, 27.25, 27.0, 26.75, 27.0, 26.75, 26.5, 26.75, 27.25, 26.75, 27.0, 27.25, 27.0, 27.0, 27.0, 26.5, 26.5, 26.75, 27.0, 27.0, 27.0, 27.25, 27.0, 26.5, 26.0, 26.75, 27.0, 26.75, 27.0, 27.5]",0,0,0
192,2025-05-27T19:37:52.854279,28.400000000000002,"[26.5, 26.25, 26.5, 27.0, 27.0, 27.0, 26.75, 27.0, 26.75, 27.0, 27.0, 27.25, 27.0, 26.75, 27.0, 27.0, 26.5, 27.25, 27.0, 27.25, 26.75, 27.0, 27.0, 27.0, 27.25, 26.75, 26.75, 26.75, 27.25, 27.0, 26.75, 26.75, 26.75, 27.25, 27.75, 27.25, 27.0, 26.75, 27.0, 26.75, 26.5, 26.75, 27.25, 26.75, 27.0, 27.25, 27.0, 27.0, 27.0, 26.5, 26.5, 26.75, 27.0, 27.0, 27.0, 27.25, 27.0, 26.5, 26.0, 26.75, 27.0, 26.75, 27.0, 27.5]",0,0,0
193,2025-05-27T19:37:52.985315,28.400000000000002,"[26.5, 26.75, 26.5, 27.25, 27.0, 27.25, 27.0, 27.5, 27.25, 26.75, 27.0, 27.25, 26.75, 27.0, 27.25, 26.75, 26.75, 27.0, 27.25, 27.25, 27.25, 27.0, 27.0, 27.0, 27.25, 26.5, 26.75, 26.75, 27.0, 26.75, 27.0, 26.75, 26.5, 27.0, 27.75, 27.75, 27.25, 26.75, 27.5, 27.25, 26.5, 27.0, 27.25, 27.5, 27.25, 27.5, 26.75, 27.25, 26.75, 26.25, 26.75, 27.0, 27.5, 27.5, 27.5, 27.25, 26.75, 26.75, 26.75, 26.5, 27.0, 26.75, 27.25, 28.0]",0,0,0
194,2025-05-27T19:37:53.105280,28.400000000000002,"[26.5, 26.75, 26.5, 27.25, 27.0, 27.25, 27.0, 27.5, 27.25, 26.75, 27.0, 27.25, 26.75, 27.0, 27.25, 26.75, 26.75, 27.0, 27.25, 27.25, 27.25, 27.0, 27.0, 27.0, 27.25, 26.5, 26.75, 26.75, 27.0, 26.75, 27.0, 26.75, 26.5, 27.0, 27.75, 27.75, 27.25, 26.75, 27.5, 27.25, 26.5, 27.0, 27.25, 27.5, 27.25, 27.5, 26.75, 27.25, 26.75, 26.25, 26.75, 27.0, 27.5, 27.5, 27.5, 27.25, 26.75, 26.75, 26.75, 26.5, 27.0, 26.75, 27.25, 28.0]",0,0,0
195,2025-05-27T19:37:53.232271,28.400000000000002,"[27.0, 26.25, 26.5, 27.25, 26.75, 27.25, 26.5, 27.5, 26.75, 26.75, 27.0, 26.75, 26.75, 26.75, 27.0, 26.75, 26.75, 27.25, 27.0, 27.25, 27.25, 27.0, 26.5, 26.75, 26.75, 27.0, 26.25, 27.0, 26.75, 27.0, 26.75, 27.5, 27.0, 27.25, 27.75, 27.25, 27.25, 26.75, 27.0, 27.5, 26.5, 26.75, 27.0, 26.75, 27.0, 27.75, 27.0, 27.5, 26.5, 26.25, 26.75, 26.75, 27.5, 27.25, 27.25, 27.5, 26.75, 26.5, 26.5, 26.5, 26.75, 27.25, 27.25, 27.25]",0,0,0
196,2025-05-27T19:37:53.354499,28.400000000000002,"[27.0, 26.25, 26.5, 27.25, 26.75, 27.25, 26.5, 27.5, 26.75, 26.75, 27.0, 26.75, 26.75, 26.75, 27.0, 26.75, 26.75, 27.25, 27.0, 27.25, 27.25, 27.0, 26.5, 26.75, 26.75, 27.0, 26.25, 27.0, 26.75, 27.0, 26.75, 27.5, 27.0, 27.25, 27.75, 27.25, 27.25, 26.75, 27.0, 27.5, 26.5, 26.75, 27.0, 26.75, 27.0, 27.75, 27.0, 27.5, 26.5, 26.25, 26.75, 26.75, 27.5, 27.25, 27.25, 27.5, 26.75, 26.5, 26.5, 26.5, 26.75, 27.25, 27.25, 27.25]",0,0,0
197,2025-05-27T19:37:53.483238,28.400000000000002,"[26.25, 27.0, 26.5, 27.5, 27.5, 27.5, 26.0, 27.25, 27.0, 26.75, 27.25, 27.0, 27.25, 26.75, 27.25, 27.25, 26.75, 26.75, 27.0, 27.0, 27.25, 27.25, 27.0, 27.25, 27.5, 27.25, 26.75, 27.0, 27.25, 27.0, 27.0, 27.0, 27.0, 27.0, 27.75, 27.5, 27.25, 26.5, 27.25, 27.5, 26.5, 26.5, 27.25, 27.0, 27.0, 27.75, 27.0, 27.5, 26.5, 26.75, 27.0, 27.0, 27.75, 27.5, 27.5, 27.5, 26.25, 26.75, 26.25, 26.0, 26.5, 27.0, 27.0, 27.5]",0,0,0
198,2025-05-27T19:37:53.604999,28.400000000000002,"[26.25, 27.0, 26.5, 27.5, 27.5, 27.5, 26.0, 27.25, 27.0, 26.75, 27.25, 27.0, 27.25, 26.75, 27.25, 27.25, 26.75, 26.75, 27.0, 27.0, 27.25, 27.25, 27.0, 27.25, 27.5, 27.25, 26.75, 27.0, 27.25, 27.0, 27.0, 27.0, 27.0, 27.0, 27.75, 27.5, 27.25, 26.5, 27.25, 27.5, 26.5, 26.5, 27.25, 27.0, 27.0, 27.75, 27.0, 27.5, 26.5, 26.75, 27.0, 27.0, 27.75, 27.5, 27.5, 27.5, 26.25, 26.75, 26.25, 26.0, 26.5, 27.0, 27.0, 27.5]",0,0,0
199,2025-05-27T19:37:53.728172,28.400000000000002,"[26.75, 27.0, 26.75, 27.75, 27.25, 27.5, 27.0, 27.25, 27.25, 26.5, 26.75, 27.0, 27.0, 27.0, 27.25, 27.25, 27.0, 27.0, 27.25, 27.25, 27.0, 27.0, 26.75, 26.75, 27.0, 27.0, 26.75, 26.75, 27.25, 27.25, 27.0, 27.25, 27.0, 27.25, 27.75, 27.5, 27.25, 26.75, 27.0, 27.75, 26.5, 26.5, 27.5, 27.25, 27.0, 27.25, 27.5, 26.75, 27.25, 27.75, 26.75, 27.0, 27.5, 27.5, 27.25, 27.25, 27.25, 26.75, 26.0, 26.75, 27.25, 27.25, 27.5, 27.25]",0,0,0
200,2025-05-27T19:37:53.857498,28.400000000000002,"[26.75, 27.0, 26.75, 27.75, 27.25, 27.5, 27.0, 27.25, 27.25, 26.5, 26.75, 27.0, 27.0, 27.0, 27.25, 27.25, 27.0, 27.0, 27.25, 27.25, 27.0, 27.0, 26.75, 26.75, 27.0, 27.0, 26.75, 26.75, 27.25, 27.25, 27.0, 27.25, 27.0, 27.25, 27.75, 27.5, 27.25, 26.75, 27.0, 27.75, 26.5, 26.5, 27.5, 27.25, 27.0, 27.25, 27.5, 26.75, 27.25, 27.75, 26.75, 27.0, 27.5, 27.5, 27.25, 27.25, 27.25, 26.75, 26.0, 26.75, 27.25, 27.25, 27.5, 27.25]",0,0,0
201,2025-05-27T19:37:53.976996,28.400000000000002,"[27.0, 27.25, 26.5, 27.75, 27.25, 27.0, 27.5, 27.75, 27.0, 26.5, 27.0, 27.25, 27.25, 26.75, 27.0, 27.0, 27.25, 27.25, 27.25, 27.5, 27.75, 27.25, 27.25, 27.5, 27.25, 27.0, 27.25, 26.75, 27.0, 27.0, 27.0, 27.25, 27.75, 27.75, 27.75, 27.5, 27.5, 27.0, 27.5, 27.75, 28.25, 28.0, 27.0, 27.25, 27.0, 27.75, 27.25, 27.5, 27.0, 27.25, 27.25, 27.0, 27.5, 27.5, 27.25, 27.75, 27.0, 27.5, 27.0, 26.5, 27.25, 27.0, 27.5, 28.0]",0,0,0
202,2025-05-27T19:37:54.105838,28.400000000000002,"[27.0, 27.25, 26.5, 27.75, 27.25, 27.0, 27.5, 27.75, 27.0, 26.5, 27.0, 27.25, 27.25, 26.75, 27.0, 27.0, 27.25, 27.25, 27.25, 27.5, 27.75, 27.25, 27.25, 27.5, 27.25, 27.0, 27.25, 26.75, 27.0, 27.0, 27.0, 27.25, 27.75, 27.75, 27.75, 27.5, 27.5, 27.0, 27.5, 27.75, 28.25, 28.0, 27.0, 27.25, 27.0, 27.75, 27.25, 27.5, 27.0, 27.25, 27.25, 27.0, 27.5, 27.5, 27.25, 27.75, 27.0, 27.5, 27.0, 26.5, 27.25, 27.0, 27.5, 28.0]",0,0,0
203,2025-05-27T19:37:54.229567,28.400000000000002,"[26.75, 26.75, 26.75, 27.0, 27.25, 27.25, 26.5, 27.5, 27.5, 26.75, 27.25, 27.0, 27.0, 27.0, 27.25, 27.0, 28.75, 27.0, 27.25, 27.0, 27.0, 26.75, 26.75, 27.0, 27.75, 27.25, 26.75, 26.75, 27.0, 27.0, 26.75, 27.5, 27.75, 28.5, 27.75, 27.5, 27.25, 26.75, 27.0, 26.75, 27.0, 27.5, 27.25, 27.0, 26.5, 27.25, 26.75, 27.25, 26.75, 28.0, 27.0, 27.25, 27.25, 27.25, 27.5, 27.75, 26.75, 27.0, 26.0, 26.5, 27.25, 27.0, 26.75, 27.5]",2,0,0
204,2025-05-27T19:37:54.353104,28.400000000000002,"[26.75, 26.75, 26.75, 27.0, 27.25, 27.25, 26.5, 27.5, 27.5, 26.75, 27.25, 27.0, 27.0, 27.0, 27.25, 27.0, 28.75, 27.0, 27.25, 27.0, 27.0, 26.75, 26.75, 27.0, 27.75, 27.25, 26.75, 26.75, 27.0, 27.0, 26.75, 27.5, 27.75, 28.5, 27.75, 27.5, 27.25, 26.75, 27.0, 26.75, 27.0, 27.5, 27.25, 27.0, 26.5, 27.25, 26.75, 27.25, 26.75, 28.0, 27.0, 27.25, 27.25, 27.25, 27.5, 27.75, 26.75, 27.0, 26.0, 26.5, 27.25, 27.0, 26.75, 27.5]",2,0,0
205,2025-05-27T19:37:54.477632,28.400000000000002,"[27.25, 27.25, 27.0, 27.5, 27.5, 27.25, 26.75, 27.5, 28.0, 27.0, 27.25, 27.25, 27.25, 27.25, 26.5, 26.75, 28.5, 27.0, 27.25, 27.25, 27.25, 27.25, 27.25, 26.75, 28.0, 27.75, 27.0, 26.75, 27.5, 27.0, 27.0, 27.0, 28.25, 28.5, 28.25, 27.5, 27.5, 27.25, 27.5, 27.5, 27.0, 27.75, 27.25, 27.25, 27.25, 27.5, 27.25, 27.5, 27.25, 27.25, 27.5, 27.5, 27.75, 27.25, 27.25, 27.25, 26.75, 27.25, 27.0, 27.0, 27.25, 27.75, 27.0, 28.0]",2,0,0
206,2025-05-27T19:37:54.602722,28.400000000000002,"[27.25, 27.25, 27.0, 27.5, 27.5, 27.25, 26.75, 27.5, 28.0, 27.0, 27.25, 27.25, 27.25, 27.25, 26.5, 26.75, 28.5, 27.0, 27.25, 27.25, 27.25, 27.25, 27.25, 26.75, 28.0, 27.75, 27.0, 26.75, 27.5, 27.0, 27.0, 27.0, 28.25, 28.5, 28.25, 27.5, 27.5, 27.25, 27.5, 27.5, 27.0, 27.75, 27.25, 27.25, 27.25, 27.5, 27.25, 27.5, 27.25, 27.25, 27.5, 27.5, 27.75, 27.25, 27.25, 27.25, 26.75, 27.25, 27.0, 27.0, 27.25, 27.75, 27.0, 28.0]",2,0,0
207,2025-05-27T19:37:54.726776,28.400000000000002,"[27.25, 27.25, 27.0, 27.5, 27.5, 27.25, 26.75, 27.5, 28.0, 27.0, 27.25, 27.25, 27.25, 27.25, 26.5, 26.75, 28.5, 27.0, 27.25, 27.25, 27.25, 27.25, 27.25, 26.75, 28.0, 27.75, 27.0, 26.75, 27.5, 27.0, 27.0, 27.0, 28.25, 28.5, 28.25, 27.5, 27.5, 27.25, 27.5, 27.5, 27.0, 27.75, 27.25, 27.25, 27.25, 27.5, 27.25, 27.5, 27.25, 27.25, 27.5, 27.5, 27.75, 27.25, 27.25, 27.25, 26.75, 27.25, 27.0, 27.0, 27.25, 27.75, 27.0, 28.0]",2,0,0
208,2025-05-27T19:37:54.850835,28.400000000000002,"[27.25, 27.25, 26.75, 27.25, 27.5, 27.25, 26.75, 27.5, 28.0, 26.75, 27.0, 27.0, 27.0, 27.5, 27.0, 27.25, 28.25, 27.5, 27.5, 27.25, 27.5, 27.0, 27.0, 27.0, 28.0, 28.0, 27.0, 27.25, 27.0, 27.25, 27.0, 27.25, 28.5, 28.75, 28.0, 27.25, 27.25, 26.75, 27.25, 27.75, 26.75, 27.5, 27.5, 27.25, 27.0, 27.25, 27.25, 27.5, 26.75, 27.0, 27.0, 27.5, 27.75, 27.75, 27.25, 27.5, 26.75, 27.0, 26.25, 26.75, 27.0, 26.75, 27.75, 27.25]",2,0,0
209,2025-05-27T19:37:54.977262,28.400000000000002,"[27.25, 27.25, 26.75, 27.25, 27.5, 27.25, 26.75, 27.5, 28.0, 26.75, 27.0, 27.0, 27.0, 27.5, 27.0, 27.25, 28.25, 27.5, 27.5, 27.25, 27.5, 27.0, 27.0, 27.0, 28.0, 28.0, 27.0, 27.25, 27.0, 27.25, 27.0, 27.25, 28.5, 28.75, 28.0, 27.25, 27.25, 26.75, 27.25, 27.75, 26.75, 27.5, 27.5, 27.25, 27.0, 27.25, 27.25, 27.5, 26.75, 27.0, 27.0, 27.5, 27.75, 27.75, 27.25, 27.5, 26.75, 27.0, 26.25, 26.75, 27.0, 26.75, 27.75, 27.25]",2,0,0
210,2025-05-27T19:37:55.114618,28.400000000000002,"[26.75, 27.0, 27.0, 27.25, 27.5, 27.25, 26.75, 27.25, 27.75, 27.0, 26.75, 27.25, 27.25, 27.5, 27.0, 27.0, 28.25, 28.25, 27.25, 27.25, 27.25, 27.5, 27.0, 27.5, 27.75, 28.25, 27.25, 27.25, 27.5, 27.25, 27.0, 27.0, 28.0, 28.75, 28.0, 27.75, 27.25, 27.0, 27.5, 27.5, 26.5, 27.75, 27.25, 27.75, 27.5, 27.75, 27.25, 27.5, 27.25, 27.25, 27.0, 27.0, 27.5, 27.5, 27.5, 27.5, 27.25, 27.25, 26.75, 26.5, 27.25, 27.25, 27.25, 27.75]",1,0,0
211,2025-05-27T19:37:55.236618,28.400000000000002,"[26.75, 27.0, 27.0, 27.25, 27.5, 27.25, 26.75, 27.25, 27.75, 27.0, 26.75, 27.25, 27.25, 27.5, 27.0, 27.0, 28.25, 28.25, 27.25, 27.25, 27.25, 27.5, 27.0, 27.5, 27.75, 28.25, 27.25, 27.25, 27.5, 27.25, 27.0, 27.0, 28.0, 28.75, 28.0, 27.75, 27.25, 27.0, 27.5, 27.5, 26.5, 27.75, 27.25, 27.75, 27.5, 27.75, 27.25, 27.5, 27.25, 27.25, 27.0, 27.0, 27.5, 27.5, 27.5, 27.5, 27.25, 27.25, 26.75, 26.5, 27.25, 27.25, 27.25, 27.75]",1,0,0
212,2025-05-27T19:37:55.357833,28.400000000000002,"[27.0, 27.0, 26.5, 27.25, 26.75, 27.0, 26.75, 27.25, 27.5, 27.25, 27.25, 27.25, 27.0, 26.75, 27.0, 27.0, 28.0, 27.75, 28.0, 27.25, 27.5, 27.0, 26.75, 27.0, 28.0, 28.0, 27.75, 26.75, 26.5, 27.0, 27.0, 27.0, 27.25, 27.25, 28.0, 27.5, 27.25, 26.75, 27.5, 27.5, 26.5, 27.0, 27.25, 27.75, 27.0, 27.5, 26.75, 27.25, 26.75, 26.5, 26.75, 27.0, 27.0, 27.25, 27.25, 27.0, 26.75, 26.5, 26.5, 26.5, 27.0, 26.75, 27.0, 27.0]",1,0,0
213,2025-05-27T19:37:55.487003,28.400000000000002,"[27.0, 27.0, 26.5, 27.25, 26.75, 27.0, 26.75, 27.25, 27.5, 27.25, 27.25, 27.25, 27.0, 26.75, 27.0, 27.0, 28.0, 27.75, 28.0, 27.25, 27.5, 27.0, 26.75, 27.0, 28.0, 28.0, 27.75, 26.75, 26.5, 27.0, 27.0, 27.0, 27.25, 27.25, 28.0, 27.5, 27.25, 26.75, 27.5, 27.5, 26.5, 27.0, 27.25, 27.75, 27.0, 27.5, 26.75, 27.25, 26.75, 26.5, 26.75, 27.0, 27.0, 27.25, 27.25, 27.0, 26.75, 26.5, 26.5, 26.5, 27.0, 26.75, 27.0, 27.0]",1,0,0
214,2025-05-27T19:37:55.611772,28.400000000000002,"[27.0, 27.25, 27.0, 27.5, 27.5, 27.25, 26.5, 27.75, 27.75, 27.75, 27.5, 27.25, 27.25, 27.0, 27.25, 27.0, 27.75, 28.0, 28.25, 27.5, 27.5, 27.25, 26.75, 27.25, 28.0, 28.0, 28.5, 27.25, 27.0, 27.0, 26.75, 27.5, 27.25, 27.5, 27.75, 27.75, 27.5, 27.25, 27.25, 27.5, 26.25, 27.25, 27.5, 27.5, 26.75, 27.5, 27.25, 27.25, 27.0, 26.5, 27.25, 27.0, 27.75, 27.25, 27.5, 27.5, 27.0, 26.25, 26.75, 26.75, 27.5, 27.0, 27.0, 27.25]",1,0,0
215,2025-05-27T19:37:55.735333,28.400000000000002,"[27.0, 27.25, 27.0, 27.5, 27.5, 27.25, 26.5, 27.75, 27.75, 27.75, 27.5, 27.25, 27.25, 27.0, 27.25, 27.0, 27.75, 28.0, 28.25, 27.5, 27.5, 27.25, 26.75, 27.25, 28.0, 28.0, 28.5, 27.25, 27.0, 27.0, 26.75, 27.5, 27.25, 27.5, 27.75, 27.75, 27.5, 27.25, 27.25, 27.5, 26.25, 27.25, 27.5, 27.5, 26.75, 27.5, 27.25, 27.25, 27.0, 26.5, 27.25, 27.0, 27.75, 27.25, 27.5, 27.5, 27.0, 26.25, 26.75, 26.75, 27.5, 27.0, 27.0, 27.25]",1,0,0
216,2025-05-27T19:37:55.861197,28.400000000000002,"[27.0, 26.75, 26.75, 27.5, 27.25, 27.25, 26.75, 27.0, 27.0, 27.0, 27.5, 27.0, 27.5, 27.25, 27.0, 27.0, 27.25, 28.0, 27.75, 27.25, 27.0, 26.75, 27.25, 27.0, 27.5, 28.0, 28.5, 27.25, 26.75, 27.25, 27.0, 26.75, 27.0, 27.25, 28.0, 27.5, 27.25, 27.0, 27.25, 27.25, 26.5, 26.5, 27.5, 27.5, 26.75, 27.25, 27.0, 27.25, 26.5, 26.75, 27.0, 26.75, 27.25, 27.75, 27.25, 27.5, 26.5, 26.75, 26.5, 26.5, 27.0, 27.0, 27.5, 26.75]",1,0,0
217,2025-05-27T19:37:55.994871,28.400000000000002,"[27.0, 26.75, 26.75, 27.5, 27.25, 27.25, 26.75, 27.0, 27.0, 27.0, 27.5, 27.0, 27.5, 27.25, 27.0, 27.0, 27.25, 28.0, 27.75, 27.25, 27.0, 26.75, 27.25, 27.0, 27.5, 28.0, 28.5, 27.25, 26.75, 27.25, 27.0, 26.75, 27.0, 27.25, 28.0, 27.5, 27.25, 27.0, 27.25, 27.25, 26.5, 26.5, 27.5, 27.5, 26.75, 27.25, 27.0, 27.25, 26.5, 26.75, 27.0, 26.75, 27.25, 27.75, 27.25, 27.5, 26.5, 26.75, 26.5, 26.5, 27.0, 27.0, 27.5, 26.75]",1,0,0
218,2025-05-27T19:37:56.125726,28.400000000000002,"[26.75, 26.75, 26.75, 28.0, 27.0, 27.5, 26.75, 28.0, 27.5, 26.75, 27.25, 26.75, 27.25, 27.25, 27.25, 27.5, 27.0, 27.75, 28.0, 27.5, 27.5, 27.0, 27.0, 27.0, 27.75, 27.75, 28.25, 27.25, 27.25, 27.25, 27.0, 27.5, 27.5, 28.0, 27.75, 27.75, 27.25, 27.25, 27.5, 28.0, 26.0, 27.25, 27.5, 27.5, 27.0, 27.75, 27.0, 27.5, 26.75, 26.75, 27.5, 26.75, 27.5, 27.5, 27.75, 27.75, 27.5, 26.75, 27.0, 26.75, 27.0, 27.0, 27.75, 27.75]",1,0,0
219,2025-05-27T19:37:56.270161,28.400000000000002,"[26.75, 26.75, 26.75, 28.0, 27.0, 27.5, 26.75, 28.0, 27.5, 26.75, 27.25, 26.75, 27.25, 27.25, 27.25, 27.5, 27.0, 27.75, 28.0, 27.5, 27.5, 27.0, 27.0, 27.0, 27.75, 27.75, 28.25, 27.25, 27.25, 27.25, 27.0, 27.5, 27.5, 28.0, 27.75, 27.75, 27.25, 27.25, 27.5, 28.0, 26.0, 27.25, 27.5, 27.5, 27.0, 27.75, 27.0, 27.5, 26.75, 26.75, 27.5, 26.75, 27.5, 27.5, 27.75, 27.75, 27.5, 26.75, 27.0, 26.75, 27.0, 27.0, 27.75, 27.75]",1,0,0
220,2025-05-27T19:37:56.401065,28.400000000000002,"[27.0, 27.0, 27.0, 27.25, 27.0, 27.0, 26.75, 27.25, 27.5, 26.75, 27.0, 27.0, 27.0, 26.75, 26.75, 27.25, 27.5, 27.75, 27.25, 27.5, 26.75, 27.0, 26.75, 26.75, 27.25, 27.25, 27.75, 27.0, 26.75, 26.75, 26.75, 27.25, 27.0, 27.5, 28.25, 27.5, 27.5, 26.75, 27.0, 27.25, 26.5, 26.5, 27.5, 27.25, 26.75, 27.0, 27.0, 27.5, 27.0, 26.75, 26.75, 27.25, 27.25, 27.5, 27.5, 27.25, 26.75, 26.5, 26.75, 26.75, 27.0, 26.75, 27.25, 27.25]",0,0,0
221,2025-05-27T19:37:56.527553,28.400000000000002,"[27.0, 27.0, 27.0, 27.25, 27.0, 27.0, 26.75, 27.25, 27.5, 26.75, 27.0, 27.0, 27.0, 26.75, 26.75, 27.25, 27.5, 27.75, 27.25, 27.5, 26.75, 27.0, 26.75, 26.75, 27.25, 27.25, 27.75, 27.0, 26.75, 26.75, 26.75, 27.25, 27.0, 27.5, 28.25, 27.5, 27.5, 26.75, 27.0, 27.25, 26.5, 26.5, 27.5, 27.25, 26.75, 27.0, 27.0, 27.5, 27.0, 26.75, 26.75, 27.25, 27.25, 27.5, 27.5, 27.25, 26.75, 26.5, 26.75, 26.75, 27.0, 26.75, 27.25, 27.25]",0,0,0
222,2025-05-27T19:37:56.663521,28.400000000000002,"[27.0, 27.5, 26.5, 27.75, 27.25, 27.25, 27.25, 27.5, 27.0, 27.25, 27.5, 26.75, 27.25, 27.25, 27.25, 27.0, 27.5, 28.25, 28.0, 27.5, 27.25, 27.25, 26.75, 27.0, 27.75, 28.0, 28.5, 27.25, 27.25, 27.0, 27.0, 27.0, 27.0, 27.75, 28.0, 27.25, 27.75, 27.25, 27.25, 27.5, 26.75, 27.0, 27.5, 27.25, 27.25, 27.25, 27.0, 27.5, 27.0, 26.5, 26.75, 27.25, 27.5, 27.5, 27.25, 27.5, 27.25, 26.75, 27.0, 26.75, 27.0, 27.0, 27.0, 27.25]",1,0,0
223,2025-05-27T19:37:56.790999,28.400000000000002,"[27.0, 27.5, 26.5, 27.75, 27.25, 27.25, 27.25, 27.5, 27.0, 27.25, 27.5, 26.75, 27.25, 27.25, 27.25, 27.0, 27.5, 28.25, 28.0, 27.5, 27.25, 27.25, 26.75, 27.0, 27.75, 28.0, 28.5, 27.25, 27.25, 27.0, 27.0, 27.0, 27.0, 27.75, 28.0, 27.25, 27.75, 27.25, 27.25, 27.5, 26.75, 27.0, 27.5, 27.25, 27.25, 27.25, 27.0, 27.5, 27.0, 26.5, 26.75, 27.25, 27.5, 27.5, 27.25, 27.5, 27.25, 26.75, 27.0, 26.75, 27.0, 27.0, 27.0, 27.25]",1,0,0
224,2025-05-27T19:37:56.910566,28.400000000000002,"[27.0, 27.0, 26.75, 27.25, 26.75, 27.0, 26.25, 27.0, 27.5, 26.75, 26.75, 27.0, 27.0, 27.0, 26.75, 27.0, 27.25, 28.25, 27.5, 26.75, 27.0, 27.0, 26.5, 26.75, 27.25, 27.5, 27.75, 26.75, 27.0, 27.25, 26.5, 27.25, 27.0, 27.25, 28.0, 27.25, 27.0, 27.25, 27.25, 28.0, 26.5, 26.75, 27.5, 27.0, 27.25, 27.25, 26.75, 27.5, 26.75, 26.5, 27.0, 27.0, 27.25, 27.25, 27.5, 27.0, 26.75, 26.5, 26.25, 27.0, 26.5, 27.0, 27.0, 27.0]",1,0,0
225,2025-05-27T19:37:57.038043,28.400000000000002,"[27.0, 27.0, 26.75, 27.25, 26.75, 27.0, 26.25, 27.0, 27.5, 26.75, 26.75, 27.0, 27.0, 27.0, 26.75, 27.0, 27.25, 28.25, 27.5, 26.75, 27.0, 27.0, 26.5, 26.75, 27.25, 27.5, 27.75, 26.75, 27.0, 27.25, 26.5, 27.25, 27.0, 27.25, 28.0, 27.25, 27.0, 27.25, 27.25, 28.0, 26.5, 26.75, 27.5, 27.0, 27.25, 27.25, 26.75, 27.5, 26.75, 26.5, 27.0, 27.0, 27.25, 27.25, 27.5, 27.0, 26.75, 26.5, 26.25, 27.0, 26.5, 27.0, 27.0, 27.0]",1,0,0
226,2025-05-27T19:37:57.163160,28.400000000000002,"[27.0, 27.5, 27.25, 27.75, 27.25, 27.25, 27.0, 27.25, 27.25, 27.5, 27.0, 26.75, 27.0, 27.0, 27.0, 27.25, 27.25, 28.75, 27.75, 27.75, 27.75, 27.0, 26.75, 27.0, 27.25, 27.5, 28.25, 27.25, 27.0, 27.5, 26.75, 27.25, 27.25, 28.0, 28.25, 27.5, 27.25, 26.75, 27.0, 27.75, 26.5, 26.75, 27.25, 27.5, 27.0, 27.0, 27.0, 27.25, 26.5, 26.75, 26.25, 27.75, 27.25, 27.5, 27.75, 27.5, 26.75, 26.5, 27.0, 26.5, 27.0, 27.0, 27.5, 26.75]",1,0,0
227,2025-05-27T19:37:57.299533,28.400000000000002,"[27.0, 27.5, 27.25, 27.75, 27.25, 27.25, 27.0, 27.25, 27.25, 27.5, 27.0, 26.75, 27.0, 27.0, 27.0, 27.25, 27.25, 28.75, 27.75, 27.75, 27.75, 27.0, 26.75, 27.0, 27.25, 27.5, 28.25, 27.25, 27.0, 27.5, 26.75, 27.25, 27.25, 28.0, 28.25, 27.5, 27.25, 26.75, 27.0, 27.75, 26.5, 26.75, 27.25, 27.5, 27.0, 27.0, 27.0, 27.25, 26.5, 26.75, 26.25, 27.75, 27.25, 27.5, 27.75, 27.5, 26.75, 26.5, 27.0, 26.5, 27.0, 27.0, 27.5, 26.75]",1,0,0
228,2025-05-27T19:37:57.420983,28.400000000000002,"[26.0, 27.0, 27.0, 27.25, 27.5, 27.25, 26.75, 27.25, 27.0, 27.25, 27.25, 27.0, 27.5, 27.0, 27.0, 27.0, 27.0, 28.5, 28.0, 27.5, 27.75, 27.25, 26.75, 27.0, 27.0, 27.75, 28.0, 27.25, 26.75, 27.0, 26.75, 27.25, 26.5, 27.25, 28.25, 27.25, 27.5, 26.75, 26.75, 27.5, 26.0, 26.75, 27.25, 27.5, 27.0, 27.5, 27.0, 27.25, 26.75, 26.5, 27.0, 27.0, 27.25, 27.25, 27.5, 27.25, 27.0, 26.75, 26.5, 26.5, 27.0, 26.75, 27.0, 27.5]",1,0,0
229,2025-05-27T19:37:57.552434,28.400000000000002,"[26.0, 27.0, 27.0, 27.25, 27.5, 27.25, 26.75, 27.25, 27.0, 27.25, 27.25, 27.0, 27.5, 27.0, 27.0, 27.0, 27.0, 28.5, 28.0, 27.5, 27.75, 27.25, 26.75, 27.0, 27.0, 27.75, 28.0, 27.25, 26.75, 27.0, 26.75, 27.25, 26.5, 27.25, 28.25, 27.25, 27.5, 26.75, 26.75, 27.5, 26.0, 26.75, 27.25, 27.5, 27.0, 27.5, 27.0, 27.25, 26.75, 26.5, 27.0, 27.0, 27.25, 27.25, 27.5, 27.25, 27.0, 26.75, 26.5, 26.5, 27.0, 26.75, 27.0, 27.5]",1,0,0
230,2025-05-27T19:37:57.689655,28.400000000000002,"[26.5, 27.25, 27.0, 28.0, 27.25, 27.25, 26.5, 27.5, 27.0, 27.5, 27.25, 27.0, 27.0, 27.0, 27.0, 27.25, 27.5, 28.25, 27.75, 27.75, 27.25, 27.0, 27.25, 27.0, 27.25, 27.25, 28.0, 27.0, 27.25, 27.25, 26.75, 27.5, 27.0, 27.5, 28.25, 27.0, 27.5, 27.25, 27.5, 27.5, 26.25, 27.0, 27.5, 27.5, 27.0, 27.25, 27.0, 27.5, 26.75, 27.0, 27.0, 27.0, 27.25, 27.75, 27.5, 27.5, 27.0, 27.25, 26.75, 27.0, 27.0, 27.0, 27.25, 28.0]",1,0,0
231,2025-05-27T19:37:57.815535,28.400000000000002,"[26.5, 27.25, 27.0, 28.0, 27.25, 27.25, 26.5, 27.5, 27.0, 27.5, 27.25, 27.0, 27.0, 27.0, 27.0, 27.25, 27.5, 28.25, 27.75, 27.75, 27.25, 27.0, 27.25, 27.0, 27.25, 27.25, 28.0, 27.0, 27.25, 27.25, 26.75, 27.5, 27.0, 27.5, 28.25, 27.0, 27.5, 27.25, 27.5, 27.5, 26.25, 27.0, 27.5, 27.5, 27.0, 27.25, 27.0, 27.5, 26.75, 27.0, 27.0, 27.0, 27.25, 27.75, 27.5, 27.5, 27.0, 27.25, 26.75, 27.0, 27.0, 27.0, 27.25, 28.0]",1,0,0
232,2025-05-27T19:37:57.931521,28.400000000000002,"[27.25, 27.0, 26.5, 26.75, 27.0, 27.0, 26.25, 26.75, 27.0, 26.75, 27.0, 26.75, 27.0, 26.75, 27.0, 26.75, 27.0, 28.25, 27.5, 27.0, 27.0, 27.0, 26.5, 27.0, 27.25, 27.0, 27.75, 27.0, 27.0, 27.0, 27.0, 26.75, 27.0, 27.5, 28.25, 27.25, 27.25, 26.75, 27.25, 27.0, 26.0, 26.75, 27.25, 27.5, 27.0, 27.0, 26.75, 27.25, 26.75, 26.75, 27.0, 27.0, 27.25, 27.5, 27.25, 27.25, 27.25, 26.25, 26.25, 27.0, 26.75, 27.25, 26.75, 27.0]",0,0,0
233,2025-05-27T19:37:58.065184,28.400000000000002,"[27.25, 27.0, 26.5, 26.75, 27.0, 27.0, 26.25, 26.75, 27.0, 26.75, 27.0, 26.75, 27.0, 26.75, 27.0, 26.75, 27.0, 28.25, 27.5, 27.0, 27.0, 27.0, 26.5, 27.0, 27.25, 27.0, 27.75, 27.0, 27.0, 27.0, 27.0, 26.75, 27.0, 27.5, 28.25, 27.25, 27.25, 26.75, 27.25, 27.0, 26.0, 26.75, 27.25, 27.5, 27.0, 27.0, 26.75, 27.25, 26.75, 26.75, 27.0, 27.0, 27.25, 27.5, 27.25, 27.25, 27.25, 26.25, 26.25, 27.0, 26.75, 27.25, 26.75, 27.0]",0,0,0
234,2025-05-27T19:37:58.200504,28.400000000000002,"[26.75, 27.5, 27.0, 27.25, 27.75, 26.75, 27.0, 27.25, 27.0, 26.75, 27.25, 27.25, 27.0, 27.25, 27.0, 27.0, 28.25, 28.0, 27.5, 27.5, 27.5, 27.25, 27.0, 27.25, 27.5, 27.75, 27.75, 27.0, 27.0, 27.0, 27.0, 27.25, 27.5, 27.75, 28.25, 27.75, 27.5, 27.5, 27.25, 27.5, 26.75, 26.75, 27.75, 27.5, 27.25, 27.5, 27.75, 28.0, 26.75, 26.75, 27.0, 27.25, 27.25, 27.75, 27.5, 27.25, 27.5, 27.0, 26.75, 27.25, 27.25, 27.0, 27.75, 28.5]",1,0,0
235,2025-05-27T19:37:58.325742,28.400000000000002,"[26.75, 27.5, 27.0, 27.25, 27.75, 26.75, 27.0, 27.25, 27.0, 26.75, 27.25, 27.25, 27.0, 27.25, 27.0, 27.0, 28.25, 28.0, 27.5, 27.5, 27.5, 27.25, 27.0, 27.25, 27.5, 27.75, 27.75, 27.0, 27.0, 27.0, 27.0, 27.25, 27.5, 27.75, 28.25, 27.75, 27.5, 27.5, 27.25, 27.5, 26.75, 26.75, 27.75, 27.5, 27.25, 27.5, 27.75, 28.0, 26.75, 26.75, 27.0, 27.25, 27.25, 27.75, 27.5, 27.25, 27.5, 27.0, 26.75, 27.25, 27.25, 27.0, 27.75, 28.5]",1,0,0
236,2025-05-27T19:37:58.450776,28.400000000000002,"[26.25, 27.0, 26.5, 27.5, 26.75, 26.75, 26.5, 27.25, 27.25, 26.75, 27.0, 27.0, 27.0, 27.0, 27.25, 27.25, 27.5, 28.0, 27.75, 27.25, 27.25, 27.25, 27.0, 27.25, 27.25, 27.75, 27.75, 27.25, 27.0, 26.75, 27.0, 27.0, 27.0, 28.0, 28.25, 27.75, 27.25, 27.25, 27.0, 27.25, 26.75, 26.5, 27.25, 27.0, 27.0, 27.75, 27.25, 27.5, 26.75, 26.5, 26.75, 27.0, 27.25, 27.25, 27.75, 27.5, 26.75, 26.0, 26.75, 26.25, 27.0, 27.0, 27.0, 27.25]",1,0,0
237,2025-05-27T19:37:58.578329,28.400000000000002,"[26.25, 27.0, 26.5, 27.5, 26.75, 26.75, 26.5, 27.25, 27.25, 26.75, 27.0, 27.0, 27.0, 27.0, 27.25, 27.25, 27.5, 28.0, 27.75, 27.25, 27.25, 27.25, 27.0, 27.25, 27.25, 27.75, 27.75, 27.25, 27.0, 26.75, 27.0, 27.0, 27.0, 28.0, 28.25, 27.75, 27.25, 27.25, 27.0, 27.25, 26.75, 26.5, 27.25, 27.0, 27.0, 27.75, 27.25, 27.5, 26.75, 26.5, 26.75, 27.0, 27.25, 27.25, 27.75, 27.5, 26.75, 26.0, 26.75, 26.25, 27.0, 27.0, 27.0, 27.25]",1,0,0
238,2025-05-27T19:37:58.716723,28.400000000000002,"[27.5, 27.25, 26.75, 27.5, 27.5, 27.0, 27.0, 27.75, 27.0, 27.0, 27.0, 27.25, 27.5, 27.0, 27.25, 27.25, 27.25, 28.5, 27.75, 27.5, 27.0, 27.25, 26.75, 27.25, 27.75, 27.5, 28.25, 27.0, 27.0, 27.25, 26.75, 27.25, 27.25, 28.25, 28.5, 27.5, 27.25, 27.0, 27.5, 27.0, 26.75, 27.0, 27.5, 27.5, 27.0, 27.5, 27.0, 27.75, 27.25, 26.75, 27.0, 27.25, 28.0, 27.5, 27.75, 27.25, 26.25, 27.0, 26.5, 27.0, 27.25, 26.75, 27.5, 27.25]",2,0,0
239,2025-05-27T19:37:58.843127,28.400000000000002,"[27.5, 27.25, 26.75, 27.5, 27.5, 27.0, 27.0, 27.75, 27.0, 27.0, 27.0, 27.25, 27.5, 27.0, 27.25, 27.25, 27.25, 28.5, 27.75, 27.5, 27.0, 27.25, 26.75, 27.25, 27.75, 27.5, 28.25, 27.0, 27.0, 27.25, 26.75, 27.25, 27.25, 28.25, 28.5, 27.5, 27.25, 27.0, 27.5, 27.0, 26.75, 27.0, 27.5, 27.5, 27.0, 27.5, 27.0, 27.75, 27.25, 26.75, 27.0, 27.25, 28.0, 27.5, 27.75, 27.25, 26.25, 27.0, 26.5, 27.0, 27.25, 26.75, 27.5, 27.25]",2,0,0
240,2025-05-27T19:37:58.981926,28.400000000000002,"[26.75, 27.25, 26.5, 27.5, 26.75, 26.75, 26.75, 27.75, 27.5, 27.25, 27.0, 27.0, 27.0, 26.5, 26.75, 27.25, 27.25, 28.5, 28.0, 27.0, 27.25, 27.0, 27.0, 26.75, 27.5, 27.5, 28.0, 27.0, 27.0, 26.75, 27.0, 27.0, 26.5, 28.0, 28.25, 27.25, 27.25, 26.75, 27.25, 27.5, 26.5, 27.0, 27.5, 27.25, 27.0, 27.25, 27.0, 27.5, 26.5, 26.5, 26.75, 27.0, 27.25, 27.5, 27.25, 27.25, 27.0, 26.5, 26.5, 26.25, 26.5, 27.0, 26.75, 27.5]",2,0,0
241,2025-05-27T19:37:59.102358,28.400000000000002,"[26.75, 27.25, 26.5, 27.5, 26.75, 26.75, 26.75, 27.75, 27.5, 27.25, 27.0, 27.0, 27.0, 26.5, 26.75, 27.25, 27.25, 28.5, 28.0, 27.0, 27.25, 27.0, 27.0, 26.75, 27.5, 27.5, 28.0, 27.0, 27.0, 26.75, 27.0, 27.0, 26.5, 28.0, 28.25, 27.25, 27.25, 26.75, 27.25, 27.5, 26.5, 27.0, 27.5, 27.25, 27.0, 27.25, 27.0, 27.5, 26.5, 26.5, 26.75, 27.0, 27.25, 27.5, 27.25, 27.25, 27.0, 26.5, 26.5, 26.25, 26.5, 27.0, 26.75, 27.5]",2,0,0
242,2025-05-27T19:37:59.225460,28.400000000000002,"[27.0, 27.25, 26.5, 27.5, 27.25, 27.25, 26.5, 27.25, 27.25, 27.0, 27.0, 27.0, 27.25, 26.75, 27.5, 27.5, 27.25, 28.5, 27.75, 27.5, 27.5, 27.25, 27.0, 27.0, 27.5, 27.5, 28.5, 27.25, 27.5, 27.25, 27.0, 27.25, 27.0, 27.75, 28.25, 27.75, 27.5, 26.75, 27.5, 27.0, 26.5, 27.25, 27.5, 27.25, 27.25, 27.75, 27.25, 27.5, 26.5, 27.0, 27.0, 27.5, 27.75, 27.5, 27.5, 27.75, 27.25, 27.0, 26.5, 26.5, 27.5, 27.5, 27.25, 27.75]",2,0,0
243,2025-05-27T19:37:59.358800,28.400000000000002,"[27.0, 27.25, 26.5, 27.5, 27.25, 27.25, 26.5, 27.25, 27.25, 27.0, 27.0, 27.0, 27.25, 26.75, 27.5, 27.5, 27.25, 28.5, 27.75, 27.5, 27.5, 27.25, 27.0, 27.0, 27.5, 27.5, 28.5, 27.25, 27.5, 27.25, 27.0, 27.25, 27.0, 27.75, 28.25, 27.75, 27.5, 26.75, 27.5, 27.0, 26.5, 27.25, 27.5, 27.25, 27.25, 27.75, 27.25, 27.5, 26.5, 27.0, 27.0, 27.5, 27.75, 27.5, 27.5, 27.75, 27.25, 27.0, 26.5, 26.5, 27.5, 27.5, 27.25, 27.75]",2,0,0
244,2025-05-27T19:37:59.495772,28.400000000000002,"[26.75, 27.0, 26.5, 27.25, 26.25, 27.0, 26.5, 27.5, 27.0, 27.0, 27.5, 26.75, 27.25, 27.0, 26.75, 27.0, 27.25, 28.25, 27.75, 27.0, 27.0, 27.0, 27.0, 27.0, 27.5, 27.75, 28.0, 27.25, 27.0, 27.25, 26.75, 27.25, 27.25, 27.75, 28.0, 27.5, 27.5, 26.75, 27.0, 27.0, 26.75, 26.5, 27.25, 27.25, 27.0, 27.5, 26.75, 27.25, 27.0, 26.5, 27.0, 27.0, 27.0, 27.25, 27.0, 27.5, 27.0, 26.5, 26.75, 26.25, 27.0, 26.75, 27.5, 27.0]",2,0,0
245,2025-05-27T19:37:59.622311,28.400000000000002,"[26.75, 27.0, 26.5, 27.25, 26.25, 27.0, 26.5, 27.5, 27.0, 27.0, 27.5, 26.75, 27.25, 27.0, 26.75, 27.0, 27.25, 28.25, 27.75, 27.0, 27.0, 27.0, 27.0, 27.0, 27.5, 27.75, 28.0, 27.25, 27.0, 27.25, 26.75, 27.25, 27.25, 27.75, 28.0, 27.5, 27.5, 26.75, 27.0, 27.0, 26.75, 26.5, 27.25, 27.25, 27.0, 27.5, 26.75, 27.25, 27.0, 26.5, 27.0, 27.0, 27.0, 27.25, 27.0, 27.5, 27.0, 26.5, 26.75, 26.25, 27.0, 26.75, 27.5, 27.0]",2,0,0
246,2025-05-27T19:37:59.745760,28.400000000000002,"[27.25, 26.75, 26.75, 27.5, 27.5, 27.25, 26.75, 27.25, 27.25, 27.75, 27.25, 27.25, 27.0, 27.25, 26.75, 27.0, 27.5, 28.0, 27.5, 27.5, 27.5, 27.5, 27.0, 27.25, 27.75, 27.5, 28.5, 27.25, 27.0, 27.0, 27.25, 27.25, 27.25, 27.75, 28.5, 27.5, 27.5, 27.25, 27.5, 27.75, 26.75, 26.75, 27.75, 27.5, 27.25, 27.5, 27.25, 27.25, 27.0, 27.0, 27.5, 27.5, 27.75, 27.75, 27.5, 27.25, 27.5, 26.75, 26.75, 26.75, 27.5, 27.0, 27.5, 27.5]",1,0,0
247,2025-05-27T19:37:59.869699,28.400000000000002,"[27.25, 26.75, 26.75, 27.5, 27.5, 27.25, 26.75, 27.25, 27.25, 27.75, 27.25, 27.25, 27.0, 27.25, 26.75, 27.0, 27.5, 28.0, 27.5, 27.5, 27.5, 27.5, 27.0, 27.25, 27.75, 27.5, 28.5, 27.25, 27.0, 27.0, 27.25, 27.25, 27.25, 27.75, 28.5, 27.5, 27.5, 27.25, 27.5, 27.75, 26.75, 26.75, 27.75, 27.5, 27.25, 27.5, 27.25, 27.25, 27.0, 27.0, 27.5, 27.5, 27.75, 27.75, 27.5, 27.25, 27.5, 26.75, 26.75, 26.75, 27.5, 27.0, 27.5, 27.5]",1,0,0
248,2025-05-27T19:37:59.995286,28.400000000000002,"[27.25, 26.75, 26.75, 27.5, 27.5, 27.25, 26.75, 27.25, 27.25, 27.75, 27.25, 27.25, 27.0, 27.25, 26.75, 27.0, 27.5, 28.0, 27.5, 27.5, 27.5, 27.5, 27.0, 27.25, 27.75, 27.5, 28.5, 27.25, 27.0, 27.0, 27.25, 27.25, 27.25, 27.75, 28.5, 27.5, 27.5, 27.25, 27.5, 27.75, 26.75, 26.75, 27.75, 27.5, 27.25, 27.5, 27.25, 27.25, 27.0, 27.0, 27.5, 27.5, 27.75, 27.75, 27.5, 27.25, 27.5, 26.75, 26.75, 26.75, 27.5, 27.0, 27.5, 27.5]",1,0,0
249,2025-05-27T19:38:00.114564,28.400000000000002,"[27.0, 27.25, 27.0, 27.5, 27.0, 27.0, 26.75, 27.25, 27.25, 27.25, 27.25, 27.0, 27.0, 26.75, 26.75, 27.5, 27.5, 28.0, 27.75, 27.25, 27.0, 27.0, 26.75, 27.0, 27.25, 28.0, 28.25, 26.5, 27.25, 27.0, 27.25, 27.0, 27.0, 27.25, 28.5, 27.5, 27.25, 27.0, 27.0, 27.5, 26.0, 26.75, 27.5, 27.25, 27.25, 27.5, 27.0, 27.25, 26.75, 27.0, 27.0, 27.5, 27.25, 27.25, 27.25, 27.0, 26.5, 26.5, 26.5, 26.25, 27.0, 27.0, 27.0, 27.0]",1,0,0
250,2025-05-27T19:38:00.244701,28.400000000000002,"[27.0, 27.25, 27.0, 27.5, 27.0, 27.0, 26.75, 27.25, 27.25, 27.25, 27.25, 27.0, 27.0, 26.75, 26.75, 27.5, 27.5, 28.0, 27.75, 27.25, 27.0, 27.0, 26.75, 27.0, 27.25, 28.0, 28.25, 26.5, 27.25, 27.0, 27.25, 27.0, 27.0, 27.25, 28.5, 27.5, 27.25, 27.0, 27.0, 27.5, 26.0, 26.75, 27.5, 27.25, 27.25, 27.5, 27.0, 27.25, 26.75, 27.0, 27.0, 27.5, 27.25, 27.25, 27.25, 27.0, 26.5, 26.5, 26.5, 26.25, 27.0, 27.0, 27.0, 27.0]",1,0,0
251,2025-05-27T19:38:00.368443,28.400000000000002,"[26.75, 27.25, 26.5, 27.25, 27.0, 27.25, 27.25, 27.25, 27.25, 27.25, 27.5, 27.25, 27.0, 27.0, 27.25, 26.75, 27.75, 28.5, 28.0, 27.75, 27.75, 27.0, 27.0, 27.0, 27.5, 27.75, 28.25, 27.0, 27.25, 27.25, 27.0, 27.25, 27.0, 28.0, 28.25, 27.75, 27.25, 27.0, 27.25, 27.25, 26.75, 26.75, 27.25, 27.25, 27.25, 27.5, 27.25, 27.25, 26.5, 26.5, 27.25, 27.25, 27.75, 27.5, 27.75, 27.25, 27.5, 26.75, 26.5, 26.5, 27.25, 27.5, 27.5, 27.25]",2,0,0
252,2025-05-27T19:38:00.493120,28.400000000000002,"[26.75, 27.25, 26.5, 27.25, 27.0, 27.25, 27.25, 27.25, 27.25, 27.25, 27.5, 27.25, 27.0, 27.0, 27.25, 26.75, 27.75, 28.5, 28.0, 27.75, 27.75, 27.0, 27.0, 27.0, 27.5, 27.75, 28.25, 27.0, 27.25, 27.25, 27.0, 27.25, 27.0, 28.0, 28.25, 27.75, 27.25, 27.0, 27.25, 27.25, 26.75, 26.75, 27.25, 27.25, 27.25, 27.5, 27.25, 27.25, 26.5, 26.5, 27.25, 27.25, 27.75, 27.5, 27.75, 27.25, 27.5, 26.75, 26.5, 26.5, 27.25, 27.5, 27.5, 27.25]",2,0,0
253,2025-05-27T19:38:00.618681,28.400000000000002,"[27.0, 27.25, 27.0, 27.5, 27.25, 27.0, 26.25, 27.0, 27.0, 27.25, 27.0, 27.0, 27.0, 26.75, 26.5, 27.25, 27.5, 28.5, 28.0, 27.0, 27.25, 27.0, 27.25, 27.0, 27.5, 27.75, 28.5, 26.75, 27.0, 27.0, 27.25, 27.25, 27.0, 27.5, 28.25, 27.5, 27.0, 26.75, 27.25, 27.5, 26.75, 26.5, 27.5, 27.25, 27.0, 27.5, 27.0, 27.25, 26.5, 26.75, 26.5, 27.25, 27.5, 27.25, 27.25, 27.5, 27.25, 26.75, 26.5, 27.0, 27.0, 27.25, 27.5, 27.75]",2,0,0
254,2025-05-27T19:38:00.756053,28.400000000000002,"[27.0, 27.25, 27.0, 27.5, 27.25, 27.0, 26.25, 27.0, 27.0, 27.25, 27.0, 27.0, 27.0, 26.75, 26.5, 27.25, 27.5, 28.5, 28.0, 27.0, 27.25, 27.0, 27.25, 27.0, 27.5, 27.75, 28.5, 26.75, 27.0, 27.0, 27.25, 27.25, 27.0, 27.5, 28.25, 27.5, 27.0, 26.75, 27.25, 27.5, 26.75, 26.5, 27.5, 27.25, 27.0, 27.5, 27.0, 27.25, 26.5, 26.75, 26.5, 27.25, 27.5, 27.25, 27.25, 27.5, 27.25, 26.75, 26.5, 27.0, 27.0, 27.25, 27.5, 27.75]",2,0,0
255,2025-05-27T19:38:00.886292,28.400000000000002,"[27.25, 27.75, 27.0, 27.5, 27.75, 27.25, 27.0, 27.5, 27.5, 27.25, 27.25, 26.75, 27.25, 27.0, 27.0, 27.0, 27.75, 28.5, 28.25, 28.0, 27.5, 27.25, 27.25, 27.0, 27.25, 28.0, 28.25, 27.25, 27.5, 27.25, 27.0, 27.25, 27.25, 27.0, 28.25, 27.25, 27.5, 26.0, 27.5, 27.0, 26.5, 27.0, 27.75, 27.5, 27.25, 27.5, 27.25, 27.5, 27.0, 26.5, 27.0, 27.25, 27.25, 27.5, 27.5, 27.5, 27.0, 27.0, 27.0, 27.25, 27.0, 27.25, 28.0, 27.5]",2,0,0
256,2025-05-27T19:38:01.024198,28.400000000000002,"[27.25, 27.75, 27.0, 27.5, 27.75, 27.25, 27.0, 27.5, 27.5, 27.25, 27.25, 26.75, 27.25, 27.0, 27.0, 27.0, 27.75, 28.5, 28.25, 28.0, 27.5, 27.25, 27.25, 27.0, 27.25, 28.0, 28.25, 27.25, 27.5, 27.25, 27.0, 27.25, 27.25, 27.0, 28.25, 27.25, 27.5, 26.0, 27.5, 27.0, 26.5, 27.0, 27.75, 27.5, 27.25, 27.5, 27.25, 27.5, 27.0, 26.5, 27.0, 27.25, 27.25, 27.5, 27.5, 27.5, 27.0, 27.0, 27.0, 27.25, 27.0, 27.25, 28.0, 27.5]",2,0,0
257,2025-05-27T19:38:01.146182,28.400000000000002,"[26.5, 27.0, 26.5, 27.0, 27.25, 26.5, 26.75, 26.75, 27.0, 27.0, 27.25, 26.75, 27.0, 27.25, 26.75, 26.75, 27.5, 28.25, 28.0, 27.0, 27.0, 27.0, 27.0, 27.0, 27.0, 27.5, 28.5, 27.0, 27.0, 27.25, 27.0, 27.25, 26.75, 27.5, 28.0, 27.5, 27.25, 27.0, 27.25, 27.0, 26.5, 26.75, 27.5, 27.25, 27.0, 27.5, 26.75, 27.25, 26.5, 26.5, 26.5, 27.25, 27.25, 27.25, 27.25, 27.0, 27.25, 26.5, 26.25, 26.75, 27.0, 26.5, 27.25, 27.0]",2,0,0
258,2025-05-27T19:38:01.270196,28.400000000000002,"[26.5, 27.0, 26.5, 27.0, 27.25, 26.5, 26.75, 26.75, 27.0, 27.0, 27.25, 26.75, 27.0, 27.25, 26.75, 26.75, 27.5, 28.25, 28.0, 27.0, 27.0, 27.0, 27.0, 27.0, 27.0, 27.5, 28.5, 27.0, 27.0, 27.25, 27.0, 27.25, 26.75, 27.5, 28.0, 27.5, 27.25, 27.0, 27.25, 27.0, 26.5, 26.75, 27.5, 27.25, 27.0, 27.5, 26.75, 27.25, 26.5, 26.5, 26.5, 27.25, 27.25, 27.25, 27.25, 27.0, 27.25, 26.5, 26.25, 26.75, 27.0, 26.5, 27.25, 27.0]",2,0,0
259,2025-05-27T19:38:01.394309,28.400000000000002,"[27.0, 27.0, 27.0, 27.5, 27.5, 27.0, 26.75, 27.5, 27.5, 27.5, 27.25, 27.0, 27.25, 27.0, 27.25, 27.25, 27.5, 28.25, 28.0, 27.5, 27.5, 27.0, 26.75, 27.0, 27.75, 27.5, 28.25, 27.25, 27.0, 27.25, 27.0, 27.5, 27.0, 28.0, 28.5, 27.75, 28.0, 27.5, 27.5, 27.5, 27.0, 26.75, 27.5, 27.75, 26.75, 27.75, 27.25, 27.5, 26.75, 27.0, 27.0, 27.75, 27.25, 28.0, 27.25, 27.25, 27.0, 27.0, 26.75, 26.75, 27.5, 26.75, 27.5, 28.0]",1,0,0
260,2025-05-27T19:38:01.522729,28.400000000000002,"[27.0, 27.0, 27.0, 27.5, 27.5, 27.0, 26.75, 27.5, 27.5, 27.5, 27.25, 27.0, 27.25, 27.0, 27.25, 27.25, 27.5, 28.25, 28.0, 27.5, 27.5, 27.0, 26.75, 27.0, 27.75, 27.5, 28.25, 27.25, 27.0, 27.25, 27.0, 27.5, 27.0, 28.0, 28.5, 27.75, 28.0, 27.5, 27.5, 27.5, 27.0, 26.75, 27.5, 27.75, 26.75, 27.75, 27.25, 27.5, 26.75, 27.0, 27.0, 27.75, 27.25, 28.0, 27.25, 27.25, 27.0, 27.0, 26.75, 26.75, 27.5, 26.75, 27.5, 28.0]",1,0,0
261,2025-05-27T19:38:01.653515,28.400000000000002,"[26.5, 27.0, 26.75, 27.5, 27.0, 27.25, 26.25, 27.0, 27.25, 27.5, 27.25, 26.75, 27.0, 26.5, 27.0, 27.5, 27.5, 28.75, 27.5, 27.5, 27.0, 27.25, 26.75, 27.0, 27.25, 27.75, 28.25, 27.0, 27.25, 27.25, 26.75, 27.25, 27.0, 27.5, 28.0, 27.5, 27.5, 26.75, 27.0, 27.25, 26.5, 26.5, 27.25, 27.5, 27.0, 27.5, 27.75, 27.5, 26.75, 26.75, 26.5, 27.25, 27.25, 27.0, 27.5, 27.5, 26.75, 26.5, 26.5, 26.5, 27.25, 26.75, 27.5, 27.25]",2,0,0
262,2025-05-27T19:38:01.787229,28.400000000000002,"[26.5, 27.0, 26.75, 27.5, 27.0, 27.25, 26.25, 27.0, 27.25, 27.5, 27.25, 26.75, 27.0, 26.5, 27.0, 27.5, 27.5, 28.75, 27.5, 27.5, 27.0, 27.25, 26.75, 27.0, 27.25, 27.75, 28.25, 27.0, 27.25, 27.25, 26.75, 27.25, 27.0, 27.5, 28.0, 27.5, 27.5, 26.75, 27.0, 27.25, 26.5, 26.5, 27.25, 27.5, 27.0, 27.5, 27.75, 27.5, 26.75, 26.75, 26.5, 27.25, 27.25, 27.0, 27.5, 27.5, 26.75, 26.5, 26.5, 26.5, 27.25, 26.75, 27.5, 27.25]",2,0,0
263,2025-05-27T19:38:01.910543,28.400000000000002,"[26.75, 27.0, 27.0, 27.75, 27.25, 27.25, 26.75, 27.5, 27.5, 27.25, 27.25, 27.25, 27.75, 27.0, 27.25, 27.25, 27.5, 28.75, 27.75, 27.25, 27.25, 27.25, 26.75, 27.25, 27.5, 28.0, 29.0, 27.25, 27.0, 26.75, 26.5, 27.25, 27.25, 27.5, 28.5, 27.75, 27.25, 27.25, 27.25, 27.5, 27.0, 26.75, 27.75, 27.5, 27.5, 28.0, 27.25, 27.5, 26.75, 27.0, 26.75, 27.25, 27.5, 27.25, 27.5, 28.0, 27.25, 26.5, 26.5, 26.75, 27.0, 27.0, 27.5, 27.25]",2,0,0
264,2025-05-27T19:38:02.038580,28.400000000000002,"[26.75, 27.0, 27.0, 27.75, 27.25, 27.25, 26.75, 27.5, 27.5, 27.25, 27.25, 27.25, 27.75, 27.0, 27.25, 27.25, 27.5, 28.75, 27.75, 27.25, 27.25, 27.25, 26.75, 27.25, 27.5, 28.0, 29.0, 27.25, 27.0, 26.75, 26.5, 27.25, 27.25, 27.5, 28.5, 27.75, 27.25, 27.25, 27.25, 27.5, 27.0, 26.75, 27.75, 27.5, 27.5, 28.0, 27.25, 27.5, 26.75, 27.0, 26.75, 27.25, 27.5, 27.25, 27.5, 28.0, 27.25, 26.5, 26.5, 26.75, 27.0, 27.0, 27.5, 27.25]",2,0,0
265,2025-05-27T19:38:02.177310,28.400000000000002,"[26.75, 27.5, 27.0, 27.25, 27.5, 27.75, 26.75, 27.25, 27.25, 27.25, 27.25, 27.25, 27.0, 27.25, 27.0, 27.5, 27.75, 28.5, 27.75, 27.5, 27.5, 27.25, 27.25, 26.75, 27.5, 28.0, 28.5, 27.0, 27.25, 27.25, 27.25, 27.5, 27.25, 28.25, 28.5, 27.5, 27.5, 27.5, 27.5, 27.75, 27.0, 26.75, 27.5, 27.25, 27.25, 28.0, 27.0, 27.75, 27.0, 26.75, 27.0, 27.5, 27.5, 28.0, 27.75, 27.75, 27.25, 27.25, 27.0, 27.0, 27.5, 26.75, 27.75, 27.0]",2,0,0
266,2025-05-27T19:38:02.311553,28.400000000000002,"[26.75, 27.5, 27.0, 27.25, 27.5, 27.75, 26.75, 27.25, 27.25, 27.25, 27.25, 27.25, 27.0, 27.25, 27.0, 27.5, 27.75, 28.5, 27.75, 27.5, 27.5, 27.25, 27.25, 26.75, 27.5, 28.0, 28.5, 27.0, 27.25, 27.25, 27.25, 27.5, 27.25, 28.25, 28.5, 27.5, 27.5, 27.5, 27.5, 27.75, 27.0, 26.75, 27.5, 27.25, 27.25, 28.0, 27.0, 27.75, 27.0, 26.75, 27.0, 27.5, 27.5, 28.0, 27.75, 27.75, 27.25, 27.25, 27.0, 27.0, 27.5, 26.75, 27.75, 27.0]",2,0,0
267,2025-05-27T19:38:02.438676,28.400000000000002,"[27.0, 27.0, 26.75, 27.5, 27.0, 27.25, 27.0, 27.5, 28.0, 27.75, 27.5, 27.0, 27.25, 26.75, 27.25, 27.5, 27.5, 28.5, 28.0, 28.0, 27.25, 27.5, 27.0, 27.5, 27.5, 27.5, 28.25, 27.25, 27.25, 27.25, 27.5, 27.0, 27.0, 27.5, 28.25, 27.75, 27.0, 27.25, 27.75, 27.0, 27.0, 27.0, 27.5, 27.75, 27.0, 27.5, 27.0, 27.5, 27.0, 26.75, 27.0, 27.5, 27.5, 27.25, 27.5, 27.5, 27.25, 26.75, 27.25, 26.75, 26.5, 27.0, 27.25, 28.0]",2,0,0
268,2025-05-27T19:38:02.559858,28.400000000000002,"[27.0, 27.0, 26.75, 27.5, 27.0, 27.25, 27.0, 27.5, 28.0, 27.75, 27.5, 27.0, 27.25, 26.75, 27.25, 27.5, 27.5, 28.5, 28.0, 28.0, 27.25, 27.5, 27.0, 27.5, 27.5, 27.5, 28.25, 27.25, 27.25, 27.25, 27.5, 27.0, 27.0, 27.5, 28.25, 27.75, 27.0, 27.25, 27.75, 27.0, 27.0, 27.0, 27.5, 27.75, 27.0, 27.5, 27.0, 27.5, 27.0, 26.75, 27.0, 27.5, 27.5, 27.25, 27.5, 27.5, 27.25, 26.75, 27.25, 26.75, 26.5, 27.0, 27.25, 28.0]",2,0,0
269,2025-05-27T19:38:02.687326,28.400000000000002,"[26.5, 27.0, 26.75, 27.5, 27.5, 27.0, 26.75, 27.5, 27.5, 27.75, 27.25, 27.25, 27.25, 27.0, 27.0, 26.75, 27.75, 28.5, 28.0, 27.5, 27.25, 27.25, 27.0, 27.25, 27.5, 27.5, 28.5, 27.0, 27.25, 27.25, 27.0, 27.25, 27.25, 27.75, 28.0, 27.75, 27.75, 27.25, 27.25, 27.5, 26.75, 26.75, 27.5, 27.5, 27.0, 27.5, 27.5, 27.0, 27.25, 26.75, 27.25, 27.75, 27.0, 27.5, 27.25, 28.0, 26.75, 27.25, 26.0, 27.0, 26.75, 27.25, 27.25, 27.25]",2,0,0
270,2025-05-27T19:38:02.808935,28.400000000000002,"[26.5, 27.0, 26.75, 27.5, 27.5, 27.0, 26.75, 27.5, 27.5, 27.75, 27.25, 27.25, 27.25, 27.0, 27.0, 26.75, 27.75, 28.5, 28.0, 27.5, 27.25, 27.25, 27.0, 27.25, 27.5, 27.5, 28.5, 27.0, 27.25, 27.25, 27.0, 27.25, 27.25, 27.75, 28.0, 27.75, 27.75, 27.25, 27.25, 27.5, 26.75, 26.75, 27.5, 27.5, 27.0, 27.5, 27.5, 27.0, 27.25, 26.75, 27.25, 27.75, 27.0, 27.5, 27.25, 28.0, 26.75, 27.25, 26.0, 27.0, 26.75, 27.25, 27.25, 27.25]",2,0,0
271,2025-05-27T19:38:02.936015,28.400000000000002,"[27.0, 27.25, 27.25, 27.5, 27.75, 27.25, 26.5, 27.5, 27.75, 27.75, 27.5, 27.0, 27.25, 27.25, 27.25, 26.75, 27.75, 28.5, 28.0, 27.5, 27.0, 27.5, 26.75, 27.25, 27.5, 28.0, 28.5, 27.0, 27.0, 27.5, 27.25, 27.0, 27.25, 28.25, 28.25, 27.5, 27.75, 27.25, 27.5, 27.75, 26.75, 27.25, 27.5, 27.25, 27.25, 27.5, 27.5, 27.5, 27.0, 27.0, 27.0, 27.25, 27.75, 27.25, 27.25, 27.25, 27.0, 26.5, 26.5, 27.25, 26.75, 27.5, 27.25, 27.5]",2,0,0
272,2025-05-27T19:38:03.057590,28.400000000000002,"[27.0, 27.25, 27.25, 27.5, 27.75, 27.25, 26.5, 27.5, 27.75, 27.75, 27.5, 27.0, 27.25, 27.25, 27.25, 26.75, 27.75, 28.5, 28.0, 27.5, 27.0, 27.5, 26.75, 27.25, 27.5, 28.0, 28.5, 27.0, 27.0, 27.5, 27.25, 27.0, 27.25, 28.25, 28.25, 27.5, 27.75, 27.25, 27.5, 27.75, 26.75, 27.25, 27.5, 27.25, 27.25, 27.5, 27.5, 27.5, 27.0, 27.0, 27.0, 27.25, 27.75, 27.25, 27.25, 27.25, 27.0, 26.5, 26.5, 27.25, 26.75, 27.5, 27.25, 27.5]",2,0,0
273,2025-05-27T19:38:03.182609,28.400000000000002,"[27.0, 27.5, 27.0, 27.5, 27.25, 27.25, 27.0, 27.0, 27.75, 27.25, 27.25, 27.25, 27.25, 27.25, 27.25, 27.0, 27.25, 28.25, 28.0, 27.5, 27.5, 27.0, 27.25, 27.0, 27.5, 27.75, 28.5, 27.25, 27.25, 27.5, 27.0, 27.25, 27.0, 27.5, 28.25, 27.5, 27.0, 27.0, 27.25, 27.25, 26.75, 27.0, 27.5, 27.75, 27.0, 27.75, 27.5, 27.75, 27.0, 27.0, 27.25, 27.5, 27.5, 27.75, 27.25, 27.75, 27.25, 26.5, 26.75, 26.75, 27.25, 26.75, 27.5, 27.75]",2,0,0
274,2025-05-27T19:38:03.304034,28.400000000000002,"[27.0, 27.5, 27.0, 27.5, 27.25, 27.25, 27.0, 27.0, 27.75, 27.25, 27.25, 27.25, 27.25, 27.25, 27.25, 27.0, 27.25, 28.25, 28.0, 27.5, 27.5, 27.0, 27.25, 27.0, 27.5, 27.75, 28.5, 27.25, 27.25, 27.5, 27.0, 27.25, 27.0, 27.5, 28.25, 27.5, 27.0, 27.0, 27.25, 27.25, 26.75, 27.0, 27.5, 27.75, 27.0, 27.75, 27.5, 27.75, 27.0, 27.0, 27.25, 27.5, 27.5, 27.75, 27.25, 27.75, 27.25, 26.5, 26.75, 26.75, 27.25, 26.75, 27.5, 27.75]",2,0,0
275,2025-05-27T19:38:03.427475,28.400000000000002,"[27.0, 27.0, 26.75, 27.0, 27.25, 27.0, 26.5, 27.5, 27.75, 27.25, 27.5, 27.25, 27.25, 26.75, 27.0, 27.0, 27.75, 28.5, 27.75, 28.0, 27.5, 27.5, 27.25, 27.25, 27.0, 27.5, 28.25, 27.0, 27.0, 27.5, 26.5, 27.25, 27.25, 27.5, 28.25, 27.5, 27.25, 27.0, 27.25, 27.75, 26.5, 27.0, 27.75, 27.25, 27.5, 27.75, 27.0, 27.5, 26.75, 26.75, 27.25, 27.25, 27.5, 27.75, 27.5, 27.5, 27.0, 26.75, 26.75, 27.25, 26.75, 27.25, 27.5, 27.0]",2,0,0
276,2025-05-27T19:38:03.548666,28.400000000000002,"[27.0, 27.0, 26.75, 27.0, 27.25, 27.0, 26.5, 27.5, 27.75, 27.25, 27.5, 27.25, 27.25, 26.75, 27.0, 27.0, 27.75, 28.5, 27.75, 28.0, 27.5, 27.5, 27.25, 27.25, 27.0, 27.5, 28.25, 27.0, 27.0, 27.5, 26.5, 27.25, 27.25, 27.5, 28.25, 27.5, 27.25, 27.0, 27.25, 27.75, 26.5, 27.0, 27.75, 27.25, 27.5, 27.75, 27.0, 27.5, 26.75, 26.75, 27.25, 27.25, 27.5, 27.75, 27.5, 27.5, 27.0, 26.75, 26.75, 27.25, 26.75, 27.25, 27.5, 27.0]",2,0,0
277,2025-05-27T19:38:03.678099,28.400000000000002,"[27.25, 27.25, 27.25, 27.25, 27.0, 27.25, 27.0, 27.5, 27.5, 27.25, 27.5, 27.25, 27.0, 27.0, 27.0, 27.0, 27.5, 28.5, 28.0, 27.5, 27.5, 27.0, 26.5, 27.0, 27.5, 27.75, 28.5, 27.25, 27.25, 27.5, 26.75, 27.0, 27.5, 27.25, 28.5, 27.5, 27.5, 26.75, 27.25, 27.25, 26.5, 27.0, 27.5, 27.75, 27.0, 27.75, 27.25, 27.5, 27.0, 26.75, 27.0, 27.5, 27.25, 27.25, 27.5, 27.75, 27.0, 27.0, 27.0, 26.75, 27.25, 27.25, 27.25, 27.75]",2,0,0
278,2025-05-27T19:38:03.814819,28.400000000000002,"[27.25, 27.25, 27.25, 27.25, 27.0, 27.25, 27.0, 27.5, 27.5, 27.25, 27.5, 27.25, 27.0, 27.0, 27.0, 27.0, 27.5, 28.5, 28.0, 27.5, 27.5, 27.0, 26.5, 27.0, 27.5, 27.75, 28.5, 27.25, 27.25, 27.5, 26.75, 27.0, 27.5, 27.25, 28.5, 27.5, 27.5, 26.75, 27.25, 27.25, 26.5, 27.0, 27.5, 27.75, 27.0, 27.75, 27.25, 27.5, 27.0, 26.75, 27.0, 27.5, 27.25, 27.25, 27.5, 27.75, 27.0, 27.0, 27.0, 26.75, 27.25, 27.25, 27.25, 27.75]",2,0,0
279,2025-05-27T19:38:03.939283,28.400000000000002,"[27.0, 27.25, 27.25, 27.5, 26.75, 27.25, 27.5, 27.25, 27.5, 27.25, 27.0, 26.75, 27.0, 27.25, 27.0, 27.25, 27.25, 28.25, 28.25, 27.0, 27.5, 27.0, 27.25, 26.75, 27.25, 27.75, 28.25, 27.0, 27.0, 27.0, 27.25, 27.25, 27.25, 27.5, 28.25, 27.5, 27.25, 27.25, 27.0, 27.5, 26.5, 27.0, 27.5, 27.25, 27.0, 27.5, 27.0, 27.5, 27.0, 26.75, 27.25, 27.0, 27.25, 27.25, 27.5, 28.25, 26.75, 27.0, 27.0, 27.0, 27.25, 27.0, 27.5, 28.0]",2,0,0
280,2025-05-27T19:38:04.063747,28.400000000000002,"[27.0, 27.25, 27.25, 27.5, 26.75, 27.25, 27.5, 27.25, 27.5, 27.25, 27.0, 26.75, 27.0, 27.25, 27.0, 27.25, 27.25, 28.25, 28.25, 27.0, 27.5, 27.0, 27.25, 26.75, 27.25, 27.75, 28.25, 27.0, 27.0, 27.0, 27.25, 27.25, 27.25, 27.5, 28.25, 27.5, 27.25, 27.25, 27.0, 27.5, 26.5, 27.0, 27.5, 27.25, 27.0, 27.5, 27.0, 27.5, 27.0, 26.75, 27.25, 27.0, 27.25, 27.25, 27.5, 28.25, 26.75, 27.0, 27.0, 27.0, 27.25, 27.0, 27.5, 28.0]",2,0,0
281,2025-05-27T19:38:04.184799,28.400000000000002,"[27.0, 27.25, 26.75, 27.25, 27.0, 27.25, 26.75, 27.5, 27.25, 27.5, 27.5, 27.25, 27.0, 27.0, 26.75, 27.0, 27.0, 28.0, 28.0, 27.75, 27.25, 27.0, 27.25, 27.75, 27.25, 27.75, 27.75, 27.0, 27.0, 27.25, 26.75, 27.25, 27.25, 27.75, 28.25, 27.5, 27.25, 27.25, 27.75, 27.75, 26.75, 26.75, 27.5, 27.25, 27.5, 27.25, 27.25, 27.5, 26.5, 27.0, 27.0, 27.25, 27.5, 27.5, 27.5, 27.75, 27.25, 26.25, 27.0, 27.0, 27.0, 27.0, 27.25, 27.25]",0,0,0
282,2025-05-27T19:38:04.310160,28.400000000000002,"[27.0, 27.25, 26.75, 27.25, 27.0, 27.25, 26.75, 27.5, 27.25, 27.5, 27.5, 27.25, 27.0, 27.0, 26.75, 27.0, 27.0, 28.0, 28.0, 27.75, 27.25, 27.0, 27.25, 27.75, 27.25, 27.75, 27.75, 27.0, 27.0, 27.25, 26.75, 27.25, 27.25, 27.75, 28.25, 27.5, 27.25, 27.25, 27.75, 27.75, 26.75, 26.75, 27.5, 27.25, 27.5, 27.25, 27.25, 27.5, 26.5, 27.0, 27.0, 27.25, 27.5, 27.5, 27.5, 27.75, 27.25, 26.25, 27.0, 27.0, 27.0, 27.0, 27.25, 27.25]",0,0,0
283,2025-05-27T19:38:04.440158,28.400000000000002,"[26.25, 27.0, 27.0, 27.5, 27.0, 26.5, 26.25, 27.0, 27.25, 27.0, 27.25, 27.0, 27.0, 26.75, 27.0, 27.25, 27.0, 27.25, 27.5, 27.25, 27.5, 27.25, 27.25, 27.25, 27.25, 27.75, 28.0, 27.5, 27.0, 27.25, 27.25, 27.5, 26.75, 27.75, 28.25, 27.5, 27.0, 27.25, 27.5, 27.25, 26.25, 26.75, 27.25, 27.75, 26.75, 27.5, 27.0, 27.5, 26.5, 26.5, 27.25, 27.25, 27.5, 27.25, 27.75, 27.5, 27.25, 27.0, 26.25, 26.75, 27.0, 27.0, 27.0, 27.5]",0,0,0
284,2025-05-27T19:38:04.562941,28.400000000000002,"[26.25, 27.0, 27.0, 27.5, 27.0, 26.5, 26.25, 27.0, 27.25, 27.0, 27.25, 27.0, 27.0, 26.75, 27.0, 27.25, 27.0, 27.25, 27.5, 27.25, 27.5, 27.25, 27.25, 27.25, 27.25, 27.75, 28.0, 27.5, 27.0, 27.25, 27.25, 27.5, 26.75, 27.75, 28.25, 27.5, 27.0, 27.25, 27.5, 27.25, 26.25, 26.75, 27.25, 27.75, 26.75, 27.5, 27.0, 27.5, 26.5, 26.5, 27.25, 27.25, 27.5, 27.25, 27.75, 27.5, 27.25, 27.0, 26.25, 26.75, 27.0, 27.0, 27.0, 27.5]",0,0,0
285,2025-05-27T19:38:04.686600,28.400000000000002,"[26.25, 27.0, 27.0, 27.5, 27.0, 26.5, 26.25, 27.0, 27.25, 27.0, 27.25, 27.0, 27.0, 26.75, 27.0, 27.25, 27.0, 27.25, 27.5, 27.25, 27.5, 27.25, 27.25, 27.25, 27.25, 27.75, 28.0, 27.5, 27.0, 27.25, 27.25, 27.5, 26.75, 27.75, 28.25, 27.5, 27.0, 27.25, 27.5, 27.25, 26.25, 26.75, 27.25, 27.75, 26.75, 27.5, 27.0, 27.5, 26.5, 26.5, 27.25, 27.25, 27.5, 27.25, 27.75, 27.5, 27.25, 27.0, 26.25, 26.75, 27.0, 27.0, 27.0, 27.5]",0,0,0
286,2025-05-27T19:38:04.805322,28.400000000000002,"[27.0, 27.75, 27.25, 27.25, 27.25, 27.0, 27.0, 27.75, 27.5, 26.75, 27.5, 27.0, 27.25, 26.75, 27.25, 27.0, 27.25, 27.25, 28.0, 27.25, 27.25, 27.0, 26.75, 27.0, 27.25, 27.75, 27.75, 27.5, 26.75, 27.0, 27.0, 27.25, 27.25, 28.0, 28.5, 27.25, 27.5, 27.25, 27.5, 27.25, 26.25, 27.0, 27.25, 27.5, 26.75, 27.25, 27.0, 27.75, 27.0, 27.0, 27.0, 27.5, 27.5, 27.75, 27.25, 27.5, 27.0, 26.75, 26.75, 26.75, 27.25, 26.75, 27.5, 27.75]",1,0,0
287,2025-05-27T19:38:04.926807,28.400000000000002,"[27.0, 27.75, 27.25, 27.25, 27.25, 27.0, 27.0, 27.75, 27.5, 26.75, 27.5, 27.0, 27.25, 26.75, 27.25, 27.0, 27.25, 27.25, 28.0, 27.25, 27.25, 27.0, 26.75, 27.0, 27.25, 27.75, 27.75, 27.5, 26.75, 27.0, 27.0, 27.25, 27.25, 28.0, 28.5, 27.25, 27.5, 27.25, 27.5, 27.25, 26.25, 27.0, 27.25, 27.5, 26.75, 27.25, 27.0, 27.75, 27.0, 27.0, 27.0, 27.5, 27.5, 27.75, 27.25, 27.5, 27.0, 26.75, 26.75, 26.75, 27.25, 26.75, 27.5, 27.75]",1,0,0
288,2025-05-27T19:38:05.056546,28.400000000000002,"[26.5, 27.25, 27.0, 27.0, 27.0, 27.0, 27.0, 27.5, 27.0, 27.25, 27.25, 27.0, 27.0, 26.75, 26.75, 27.0, 27.25, 28.0, 28.0, 27.75, 27.0, 27.5, 26.5, 26.75, 27.25, 27.5, 27.75, 27.5, 27.0, 27.25, 27.5, 27.25, 26.75, 27.75, 28.0, 27.75, 27.0, 26.75, 27.25, 27.25, 26.5, 27.0, 27.75, 27.75, 27.25, 27.75, 27.25, 27.5, 26.75, 26.75, 27.75, 27.0, 27.75, 27.25, 27.5, 27.5, 27.25, 27.25, 26.25, 26.75, 27.0, 27.25, 27.25, 27.5]",1,0,0
289,2025-05-27T19:38:05.182122,28.400000000000002,"[26.5, 27.25, 27.0, 27.0, 27.0, 27.0, 27.0, 27.5, 27.0, 27.25, 27.25, 27.0, 27.0, 26.75, 26.75, 27.0, 27.25, 28.0, 28.0, 27.75, 27.0, 27.5, 26.5, 26.75, 27.25, 27.5, 27.75, 27.5, 27.0, 27.25, 27.5, 27.25, 26.75, 27.75, 28.0, 27.75, 27.0, 26.75, 27.25, 27.25, 26.5, 27.0, 27.75, 27.75, 27.25, 27.75, 27.25, 27.5, 26.75, 26.75, 27.75, 27.0, 27.75, 27.25, 27.5, 27.5, 27.25, 27.25, 26.25, 26.75, 27.0, 27.25, 27.25, 27.5]",1,0,0
290,2025-05-27T19:38:05.305585,28.400000000000002,"[26.75, 27.25, 27.0, 27.25, 27.25, 27.0, 27.25, 27.5, 27.25, 27.25, 28.0, 27.0, 27.25, 27.0, 27.0, 26.5, 27.25, 27.5, 28.5, 27.5, 27.0, 27.0, 26.75, 27.25, 27.25, 27.75, 28.0, 26.75, 27.0, 27.0, 27.0, 27.5, 27.0, 27.25, 28.5, 27.5, 27.25, 27.0, 27.25, 28.0, 26.5, 27.25, 27.25, 27.75, 27.0, 27.75, 27.25, 27.5, 27.0, 27.0, 27.25, 27.0, 27.75, 27.5, 27.25, 27.5, 26.75, 27.0, 26.25, 26.75, 26.75, 27.25, 27.75, 27.75]",2,0,0
291,2025-05-27T19:38:05.432980,28.400000000000002,"[26.75, 27.25, 27.0, 27.25, 27.25, 27.0, 27.25, 27.5, 27.25, 27.25, 28.0, 27.0, 27.25, 27.0, 27.0, 26.5, 27.25, 27.5, 28.5, 27.5, 27.0, 27.0, 26.75, 27.25, 27.25, 27.75, 28.0, 26.75, 27.0, 27.0, 27.0, 27.5, 27.0, 27.25, 28.5, 27.5, 27.25, 27.0, 27.25, 28.0, 26.5, 27.25, 27.25, 27.75, 27.0, 27.75, 27.25, 27.5, 27.0, 27.0, 27.25, 27.0, 27.75, 27.5, 27.25, 27.5, 26.75, 27.0, 26.25, 26.75, 26.75, 27.25, 27.75, 27.75]",2,0,0
292,2025-05-27T19:38:05.555364,28.400000000000002,"[26.5, 27.0, 26.5, 27.25, 26.75, 27.0, 27.0, 27.75, 27.0, 27.0, 27.75, 27.25, 27.0, 26.75, 27.25, 27.0, 27.0, 27.75, 28.25, 27.5, 27.25, 27.0, 27.0, 27.0, 27.5, 27.5, 28.0, 27.5, 26.75, 27.0, 27.25, 27.0, 27.25, 27.75, 27.75, 27.5, 27.0, 27.0, 27.25, 27.5, 26.25, 26.5, 27.25, 27.75, 26.75, 27.5, 26.75, 27.25, 27.0, 26.75, 27.25, 27.25, 27.25, 27.5, 27.25, 27.25, 26.75, 27.25, 27.0, 26.5, 26.75, 27.25, 27.0, 27.25]",2,0,0
293,2025-05-27T19:38:05.680983,28.400000000000002,"[26.5, 27.0, 26.5, 27.25, 26.75, 27.0, 27.0, 27.75, 27.0, 27.0, 27.75, 27.25, 27.0, 26.75, 27.25, 27.0, 27.0, 27.75, 28.25, 27.5, 27.25, 27.0, 27.0, 27.0, 27.5, 27.5, 28.0, 27.5, 26.75, 27.0, 27.25, 27.0, 27.25, 27.75, 27.75, 27.5, 27.0, 27.0, 27.25, 27.5, 26.25, 26.5, 27.25, 27.75, 26.75, 27.5, 26.75, 27.25, 27.0, 26.75, 27.25, 27.25, 27.25, 27.5, 27.25, 27.25, 26.75, 27.25, 27.0, 26.5, 26.75, 27.25, 27.0, 27.25]",2,0,0
294,2025-05-27T19:38:05.797321,28.400000000000002,"[26.5, 26.75, 26.75, 27.25, 27.0, 26.75, 26.75, 27.0, 27.0, 27.0, 27.0, 27.0, 27.0, 26.75, 27.0, 26.75, 26.75, 27.25, 27.75, 27.25, 26.75, 26.75, 26.75, 26.75, 27.0, 27.75, 27.5, 27.0, 27.0, 27.25, 26.75, 27.5, 27.0, 27.5, 28.25, 27.25, 27.25, 26.75, 27.5, 27.25, 26.25, 26.75, 27.25, 27.5, 27.0, 27.0, 27.0, 27.0, 26.5, 26.25, 27.0, 27.0, 27.0, 27.25, 27.0, 27.25, 27.0, 26.75, 26.25, 26.5, 26.75, 27.25, 26.75, 27.25]",0,0,0
295,2025-05-27T19:38:05.927373,28.400000000000002,"[26.5, 26.75, 26.75, 27.25, 27.0, 26.75, 26.75, 27.0, 27.0, 27.0, 27.0, 27.0, 27.0, 26.75, 27.0, 26.75, 26.75, 27.25, 27.75, 27.25, 26.75, 26.75, 26.75, 26.75, 27.0, 27.75, 27.5, 27.0, 27.0, 27.25, 26.75, 27.5, 27.0, 27.5, 28.25, 27.25, 27.25, 26.75, 27.5, 27.25, 26.25, 26.75, 27.25, 27.5, 27.0, 27.0, 27.0, 27.0, 26.5, 26.25, 27.0, 27.0, 27.0, 27.25, 27.0, 27.25, 27.0, 26.75, 26.25, 26.5, 26.75, 27.25, 26.75, 27.25]",0,0,0
296,2025-05-27T19:38:06.055732,28.400000000000002,"[26.5, 26.75, 26.75, 27.25, 27.0, 26.75, 26.75, 27.0, 27.0, 27.0, 27.0, 27.0, 27.0, 26.75, 27.0, 26.75, 26.75, 27.25, 27.75, 27.25, 26.75, 26.75, 26.75, 26.75, 27.0, 27.75, 27.5, 27.0, 27.0, 27.25, 26.75, 27.5, 27.0, 27.5, 28.25, 27.25, 27.25, 26.75, 27.5, 27.25, 26.25, 26.75, 27.25, 27.5, 27.0, 27.0, 27.0, 27.0, 26.5, 26.25, 27.0, 27.0, 27.0, 27.25, 27.0, 27.25, 27.0, 26.75, 26.25, 26.5, 26.75, 27.25, 26.75, 27.25]",0,0,0
297,2025-05-27T19:38:06.182006,28.400000000000002,"[26.75, 27.0, 26.75, 27.25, 27.0, 27.25, 26.5, 27.5, 26.75, 27.25, 27.0, 27.0, 27.0, 27.0, 27.25, 27.5, 27.25, 27.5, 28.5, 27.75, 27.75, 27.0, 27.0, 27.25, 27.25, 27.5, 27.75, 27.25, 27.25, 27.25, 27.0, 27.5, 27.0, 27.5, 28.0, 27.5, 27.25, 27.25, 27.5, 27.75, 26.75, 27.25, 27.75, 27.5, 27.25, 27.5, 27.25, 27.0, 26.5, 26.5, 27.5, 27.25, 27.5, 27.25, 27.25, 27.5, 27.25, 27.0, 26.5, 27.25, 27.0, 27.25, 27.25, 27.75]",1,0,0
298,2025-05-27T19:38:06.319012,28.400000000000002,"[26.75, 27.0, 26.75, 27.25, 27.0, 27.25, 26.5, 27.5, 26.75, 27.25, 27.0, 27.0, 27.0, 27.0, 27.25, 27.5, 27.25, 27.5, 28.5, 27.75, 27.75, 27.0, 27.0, 27.25, 27.25, 27.5, 27.75, 27.25, 27.25, 27.25, 27.0, 27.5, 27.0, 27.5, 28.0, 27.5, 27.25, 27.25, 27.5, 27.75, 26.75, 27.25, 27.75, 27.5, 27.25, 27.5, 27.25, 27.0, 26.5, 26.5, 27.5, 27.25, 27.5, 27.25, 27.25, 27.5, 27.25, 27.0, 26.5, 27.25, 27.0, 27.25, 27.25, 27.75]",1,0,0
299,2025-05-27T19:38:06.442644,28.400000000000002,"[26.75, 27.0, 27.0, 27.25, 27.25, 26.75, 26.25, 27.25, 26.75, 26.75, 27.0, 27.25, 27.25, 26.5, 27.0, 27.25, 27.0, 27.25, 28.25, 27.5, 27.0, 26.75, 26.75, 26.75, 27.0, 27.0, 27.5, 27.0, 27.0, 26.75, 26.75, 27.0, 26.75, 27.25, 28.0, 27.25, 27.25, 27.0, 27.0, 27.75, 26.0, 26.75, 27.5, 27.5, 26.75, 27.5, 26.75, 27.0, 26.5, 26.25, 26.75, 27.0, 27.25, 27.25, 27.5, 27.5, 26.75, 26.5, 26.25, 26.5, 26.5, 27.25, 27.5, 27.5]",1,0,0
300,2025-05-27T19:38:06.581585,28.400000000000002,"[26.75, 27.0, 27.0, 27.25, 27.25, 26.75, 26.25, 27.25, 26.75, 26.75, 27.0, 27.25, 27.25, 26.5, 27.0, 27.25, 27.0, 27.25, 28.25, 27.5, 27.0, 26.75, 26.75, 26.75, 27.0, 27.0, 27.5, 27.0, 27.0, 26.75, 26.75, 27.0, 26.75, 27.25, 28.0, 27.25, 27.25, 27.0, 27.0, 27.75, 26.0, 26.75, 27.5, 27.5, 26.75, 27.5, 26.75, 27.0, 26.5, 26.25, 26.75, 27.0, 27.25, 27.25, 27.5, 27.5, 26.75, 26.5, 26.25, 26.5, 26.5, 27.25, 27.5, 27.5]",1,0,0
301,2025-05-27T19:38:06.703108,28.400000000000002,"[26.5, 27.25, 26.75, 27.25, 27.25, 27.0, 26.75, 27.75, 27.5, 26.5, 27.75, 26.75, 27.5, 26.75, 27.0, 27.0, 27.25, 27.25, 28.25, 27.5, 27.5, 27.25, 27.25, 27.0, 27.75, 27.5, 27.5, 27.0, 27.0, 26.5, 27.0, 27.25, 27.25, 27.5, 28.25, 27.25, 27.25, 27.0, 27.25, 27.25, 26.5, 26.75, 27.5, 27.5, 26.75, 27.5, 27.25, 27.25, 26.75, 26.75, 26.75, 27.0, 27.25, 27.5, 27.25, 27.25, 27.0, 27.0, 26.5, 27.25, 26.5, 27.0, 26.75, 27.25]",0,0,0
302,2025-05-27T19:38:06.825413,28.400000000000002,"[26.5, 27.25, 26.75, 27.25, 27.25, 27.0, 26.75, 27.75, 27.5, 26.5, 27.75, 26.75, 27.5, 26.75, 27.0, 27.0, 27.25, 27.25, 28.25, 27.5, 27.5, 27.25, 27.25, 27.0, 27.75, 27.5, 27.5, 27.0, 27.0, 26.5, 27.0, 27.25, 27.25, 27.5, 28.25, 27.25, 27.25, 27.0, 27.25, 27.25, 26.5, 26.75, 27.5, 27.5, 26.75, 27.5, 27.25, 27.25, 26.75, 26.75, 26.75, 27.0, 27.25, 27.5, 27.25, 27.25, 27.0, 27.0, 26.5, 27.25, 26.5, 27.0, 26.75, 27.25]",0,0,0
303,2025-05-27T19:38:06.955585,28.400000000000002,"[27.0, 26.75, 26.5, 27.0, 27.0, 27.0, 26.75, 27.25, 27.25, 26.5, 27.5, 27.0, 26.75, 26.75, 26.5, 27.0, 27.0, 27.5, 28.5, 27.5, 27.25, 27.0, 26.5, 27.25, 27.25, 27.0, 27.5, 26.5, 26.75, 26.75, 27.0, 27.0, 27.0, 27.5, 28.0, 27.5, 27.25, 26.5, 27.0, 27.5, 26.25, 26.75, 27.25, 27.5, 27.0, 26.75, 26.75, 27.0, 26.75, 26.5, 27.0, 26.75, 27.25, 27.5, 27.25, 27.0, 27.0, 26.25, 26.5, 26.5, 26.5, 26.5, 27.0, 27.5]",1,0,0
304,2025-05-27T19:38:07.081285,28.400000000000002,"[27.0, 26.75, 26.5, 27.0, 27.0, 27.0, 26.75, 27.25, 27.25, 26.5, 27.5, 27.0, 26.75, 26.75, 26.5, 27.0, 27.0, 27.5, 28.5, 27.5, 27.25, 27.0, 26.5, 27.25, 27.25, 27.0, 27.5, 26.5, 26.75, 26.75, 27.0, 27.0, 27.0, 27.5, 28.0, 27.5, 27.25, 26.5, 27.0, 27.5, 26.25, 26.75, 27.25, 27.5, 27.0, 26.75, 26.75, 27.0, 26.75, 26.5, 27.0, 26.75, 27.25, 27.5, 27.25, 27.0, 27.0, 26.25, 26.5, 26.5, 26.5, 26.5, 27.0, 27.5]",1,0,0
305,2025-05-27T19:38:07.205904,28.400000000000002,"[26.5, 27.25, 26.5, 27.0, 27.5, 27.0, 26.75, 27.5, 27.5, 27.25, 27.5, 27.25, 27.25, 27.0, 27.0, 27.0, 27.25, 27.25, 28.5, 27.5, 27.0, 27.0, 27.25, 27.0, 27.5, 27.25, 27.5, 27.0, 27.0, 27.25, 26.75, 26.75, 27.5, 27.75, 28.0, 27.25, 27.25, 27.0, 27.25, 27.75, 26.25, 26.75, 27.25, 27.75, 26.75, 27.5, 26.75, 28.0, 27.0, 26.25, 27.0, 27.75, 27.5, 27.5, 27.5, 27.75, 27.0, 27.25, 27.0, 27.25, 27.0, 27.0, 27.75, 27.5]",1,0,0
306,2025-05-27T19:38:07.341490,28.400000000000002,"[26.5, 27.25, 26.5, 27.0, 27.5, 27.0, 26.75, 27.5, 27.5, 27.25, 27.5, 27.25, 27.25, 27.0, 27.0, 27.0, 27.25, 27.25, 28.5, 27.5, 27.0, 27.0, 27.25, 27.0, 27.5, 27.25, 27.5, 27.0, 27.0, 27.25, 26.75, 26.75, 27.5, 27.75, 28.0, 27.25, 27.25, 27.0, 27.25, 27.75, 26.25, 26.75, 27.25, 27.75, 26.75, 27.5, 26.75, 28.0, 27.0, 26.25, 27.0, 27.75, 27.5, 27.5, 27.5, 27.75, 27.0, 27.25, 27.0, 27.25, 27.0, 27.0, 27.75, 27.5]",1,0,0
307,2025-05-27T19:38:07.464229,28.400000000000002,"[26.5, 27.0, 26.25, 27.5, 27.0, 27.0, 26.5, 27.25, 26.75, 26.25, 27.5, 27.0, 27.0, 26.75, 26.75, 27.0, 27.0, 27.5, 28.5, 27.25, 27.0, 26.75, 26.5, 26.75, 27.5, 27.5, 27.75, 27.0, 26.75, 27.0, 27.0, 27.0, 27.25, 27.25, 28.0, 27.5, 27.25, 26.75, 27.0, 27.25, 26.0, 26.5, 27.25, 27.5, 27.0, 27.25, 27.0, 27.0, 26.5, 26.5, 26.5, 27.0, 26.75, 27.5, 27.25, 26.75, 27.25, 26.5, 26.75, 26.25, 27.0, 26.5, 27.25, 27.25]",1,0,0
308,2025-05-27T19:38:07.590482,28.400000000000002,"[26.5, 27.0, 26.25, 27.5, 27.0, 27.0, 26.5, 27.25, 26.75, 26.25, 27.5, 27.0, 27.0, 26.75, 26.75, 27.0, 27.0, 27.5, 28.5, 27.25, 27.0, 26.75, 26.5, 26.75, 27.5, 27.5, 27.75, 27.0, 26.75, 27.0, 27.0, 27.0, 27.25, 27.25, 28.0, 27.5, 27.25, 26.75, 27.0, 27.25, 26.0, 26.5, 27.25, 27.5, 27.0, 27.25, 27.0, 27.0, 26.5, 26.5, 26.5, 27.0, 26.75, 27.5, 27.25, 26.75, 27.25, 26.5, 26.75, 26.25, 27.0, 26.5, 27.25, 27.25]",1,0,0
309,2025-05-27T19:38:07.711987,28.400000000000002,"[27.25, 27.25, 27.0, 27.0, 27.25, 27.25, 27.0, 27.5, 27.25, 27.25, 27.25, 27.0, 27.0, 26.75, 27.0, 27.25, 27.0, 27.75, 28.75, 27.5, 27.25, 26.75, 27.0, 27.0, 27.25, 27.5, 27.75, 27.25, 27.25, 27.25, 27.25, 26.75, 27.0, 27.5, 28.0, 27.5, 27.5, 27.0, 27.25, 27.5, 26.75, 26.75, 27.75, 28.0, 27.0, 27.75, 27.5, 27.5, 27.0, 26.5, 27.0, 27.25, 27.5, 27.75, 27.25, 27.5, 27.25, 26.75, 26.5, 26.75, 27.25, 27.0, 27.5, 27.75]",1,0,0
310,2025-05-27T19:38:07.843894,28.400000000000002,"[27.25, 27.25, 27.0, 27.0, 27.25, 27.25, 27.0, 27.5, 27.25, 27.25, 27.25, 27.0, 27.0, 26.75, 27.0, 27.25, 27.0, 27.75, 28.75, 27.5, 27.25, 26.75, 27.0, 27.0, 27.25, 27.5, 27.75, 27.25, 27.25, 27.25, 27.25, 26.75, 27.0, 27.5, 28.0, 27.5, 27.5, 27.0, 27.25, 27.5, 26.75, 26.75, 27.75, 28.0, 27.0, 27.75, 27.5, 27.5, 27.0, 26.5, 27.0, 27.25, 27.5, 27.75, 27.25, 27.5, 27.25, 26.75, 26.5, 26.75, 27.25, 27.0, 27.5, 27.75]",1,0,0
311,2025-05-27T19:38:07.962795,28.400000000000002,"[26.5, 26.75, 26.5, 26.75, 26.5, 27.0, 26.75, 27.25, 27.25, 26.75, 27.5, 27.0, 27.0, 26.75, 26.75, 26.75, 27.25, 27.5, 28.75, 27.25, 27.25, 26.5, 26.5, 26.75, 27.5, 27.5, 27.25, 27.0, 27.25, 26.75, 27.0, 27.5, 27.25, 27.25, 28.25, 27.25, 27.0, 26.75, 27.0, 27.0, 26.25, 26.5, 27.0, 27.5, 27.0, 27.25, 27.5, 27.25, 26.0, 26.75, 26.75, 27.0, 27.25, 27.0, 27.5, 27.0, 26.25, 26.5, 26.25, 26.5, 26.5, 26.5, 26.75, 27.5]",1,0,0
312,2025-05-27T19:38:08.085635,28.400000000000002,"[26.5, 26.75, 26.5, 26.75, 26.5, 27.0, 26.75, 27.25, 27.25, 26.75, 27.5, 27.0, 27.0, 26.75, 26.75, 26.75, 27.25, 27.5, 28.75, 27.25, 27.25, 26.5, 26.5, 26.75, 27.5, 27.5, 27.25, 27.0, 27.25, 26.75, 27.0, 27.5, 27.25, 27.25, 28.25, 27.25, 27.0, 26.75, 27.0, 27.0, 26.25, 26.5, 27.0, 27.5, 27.0, 27.25, 27.5, 27.25, 26.0, 26.75, 26.75, 27.0, 27.25, 27.0, 27.5, 27.0, 26.25, 26.5, 26.25, 26.5, 26.5, 26.5, 26.75, 27.5]",1,0,0
313,2025-05-27T19:38:08.215618,28.400000000000002,"[26.75, 27.0, 26.75, 27.25, 27.5, 27.0, 26.75, 27.0, 27.25, 26.75, 27.5, 27.25, 26.75, 27.25, 27.0, 27.0, 26.75, 27.75, 28.5, 28.0, 27.25, 26.75, 26.75, 26.75, 27.75, 27.75, 28.0, 27.0, 27.25, 26.5, 27.0, 27.0, 26.75, 27.5, 28.25, 27.5, 27.75, 26.75, 27.75, 27.5, 27.0, 27.0, 27.5, 27.75, 27.0, 27.5, 27.0, 27.5, 27.0, 26.75, 27.25, 26.75, 27.25, 27.5, 27.0, 27.5, 27.25, 27.0, 26.75, 26.25, 27.25, 27.0, 27.5, 27.75]",1,0,0
314,2025-05-27T19:38:08.337495,28.400000000000002,"[26.75, 27.0, 26.75, 27.25, 27.5, 27.0, 26.75, 27.0, 27.25, 26.75, 27.5, 27.25, 26.75, 27.25, 27.0, 27.0, 26.75, 27.75, 28.5, 28.0, 27.25, 26.75, 26.75, 26.75, 27.75, 27.75, 28.0, 27.0, 27.25, 26.5, 27.0, 27.0, 26.75, 27.5, 28.25, 27.5, 27.75, 26.75, 27.75, 27.5, 27.0, 27.0, 27.5, 27.75, 27.0, 27.5, 27.0, 27.5, 27.0, 26.75, 27.25, 26.75, 27.25, 27.5, 27.0, 27.5, 27.25, 27.0, 26.75, 26.25, 27.25, 27.0, 27.5, 27.75]",1,0,0
315,2025-05-27T19:38:08.463174,28.400000000000002,"[26.75, 27.25, 26.25, 27.5, 27.5, 27.25, 26.25, 27.25, 27.25, 27.0, 27.5, 27.0, 27.0, 26.75, 26.75, 26.75, 27.25, 27.25, 28.5, 27.25, 27.25, 26.5, 27.0, 26.5, 26.75, 27.25, 27.75, 27.25, 27.0, 27.0, 26.75, 27.25, 27.0, 27.25, 28.25, 27.5, 27.25, 26.75, 27.25, 27.5, 26.5, 26.75, 27.5, 27.5, 27.5, 27.5, 27.0, 27.0, 26.5, 26.25, 26.75, 27.5, 27.0, 27.25, 27.0, 27.25, 27.0, 26.5, 26.25, 26.5, 26.75, 27.5, 27.5, 27.0]",1,0,0
316,2025-05-27T19:38:08.590985,28.400000000000002,"[26.75, 27.25, 26.25, 27.5, 27.5, 27.25, 26.25, 27.25, 27.25, 27.0, 27.5, 27.0, 27.0, 26.75, 26.75, 26.75, 27.25, 27.25, 28.5, 27.25, 27.25, 26.5, 27.0, 26.5, 26.75, 27.25, 27.75, 27.25, 27.0, 27.0, 26.75, 27.25, 27.0, 27.25, 28.25, 27.5, 27.25, 26.75, 27.25, 27.5, 26.5, 26.75, 27.5, 27.5, 27.5, 27.5, 27.0, 27.0, 26.5, 26.25, 26.75, 27.5, 27.0, 27.25, 27.0, 27.25, 27.0, 26.5, 26.25, 26.5, 26.75, 27.5, 27.5, 27.0]",1,0,0
317,2025-05-27T19:38:08.711646,28.400000000000002,"[26.75, 27.25, 27.25, 27.25, 27.25, 27.25, 26.75, 27.5, 27.25, 27.25, 27.5, 27.5, 27.0, 27.0, 27.0, 26.75, 27.75, 28.0, 28.5, 27.5, 27.75, 27.25, 26.75, 27.5, 27.5, 27.75, 28.0, 27.0, 27.0, 27.5, 27.25, 27.0, 27.0, 27.5, 28.0, 27.25, 27.5, 26.75, 27.25, 28.0, 26.75, 27.0, 27.5, 27.75, 27.0, 27.5, 27.0, 27.5, 26.25, 26.75, 26.75, 27.5, 27.5, 27.75, 27.0, 27.5, 27.25, 27.5, 26.5, 27.5, 27.0, 27.75, 27.25, 28.75]",2,0,0
318,2025-05-27T19:38:08.836503,28.400000000000002,"[26.75, 27.25, 27.25, 27.25, 27.25, 27.25, 26.75, 27.5, 27.25, 27.25, 27.5, 27.5, 27.0, 27.0, 27.0, 26.75, 27.75, 28.0, 28.5, 27.5, 27.75, 27.25, 26.75, 27.5, 27.5, 27.75, 28.0, 27.0, 27.0, 27.5, 27.25, 27.0, 27.0, 27.5, 28.0, 27.25, 27.5, 26.75, 27.25, 28.0, 26.75, 27.0, 27.5, 27.75, 27.0, 27.5, 27.0, 27.5, 26.25, 26.75, 26.75, 27.5, 27.5, 27.75, 27.0, 27.5, 27.25, 27.5, 26.5, 27.5, 27.0, 27.75, 27.25, 28.75]",2,0,0
319,2025-05-27T19:38:08.961738,28.400000000000002,"[26.75, 27.0, 27.0, 27.25, 27.25, 27.5, 26.5, 27.75, 27.5, 27.5, 27.5, 27.0, 27.5, 27.0, 27.0, 27.0, 27.0, 27.75, 28.5, 27.75, 27.25, 27.25, 26.75, 26.75, 27.5, 27.5, 27.75, 27.75, 27.0, 27.0, 27.0, 26.75, 27.0, 27.75, 28.25, 27.5, 27.25, 27.0, 27.0, 27.5, 26.5, 27.0, 27.5, 27.75, 27.0, 27.75, 27.5, 27.5, 26.5, 26.5, 27.0, 27.25, 27.5, 27.25, 27.25, 27.0, 27.0, 26.5, 26.25, 27.0, 27.0, 27.25, 27.25, 27.5]",2,0,0
320,2025-05-27T19:38:09.085977,28.400000000000002,"[26.75, 27.0, 27.0, 27.25, 27.25, 27.5, 26.5, 27.75, 27.5, 27.5, 27.5, 27.0, 27.5, 27.0, 27.0, 27.0, 27.0, 27.75, 28.5, 27.75, 27.25, 27.25, 26.75, 26.75, 27.5, 27.5, 27.75, 27.75, 27.0, 27.0, 27.0, 26.75, 27.0, 27.75, 28.25, 27.5, 27.25, 27.0, 27.0, 27.5, 26.5, 27.0, 27.5, 27.75, 27.0, 27.75, 27.5, 27.5, 26.5, 26.5, 27.0, 27.25, 27.5, 27.25, 27.25, 27.0, 27.0, 26.5, 26.25, 27.0, 27.0, 27.25, 27.25, 27.5]",2,0,0
321,2025-05-27T19:38:09.211137,28.400000000000002,"[27.0, 27.75, 27.0, 27.5, 27.25, 27.0, 27.25, 27.25, 27.0, 27.25, 27.5, 27.0, 26.75, 27.25, 27.5, 27.25, 27.25, 27.25, 28.25, 27.25, 27.5, 27.0, 26.75, 27.0, 27.5, 27.75, 27.75, 27.5, 26.75, 27.0, 27.25, 27.25, 27.25, 28.0, 28.0, 27.5, 27.25, 27.0, 27.5, 27.25, 26.75, 26.75, 27.5, 27.75, 26.75, 27.5, 27.25, 27.5, 27.0, 26.75, 27.0, 27.5, 27.25, 27.5, 27.5, 27.5, 26.75, 26.5, 26.75, 26.75, 26.75, 27.5, 27.5, 27.75]",1,0,0
322,2025-05-27T19:38:09.328316,28.400000000000002,"[27.0, 27.75, 27.0, 27.5, 27.25, 27.0, 27.25, 27.25, 27.0, 27.25, 27.5, 27.0, 26.75, 27.25, 27.5, 27.25, 27.25, 27.25, 28.25, 27.25, 27.5, 27.0, 26.75, 27.0, 27.5, 27.75, 27.75, 27.5, 26.75, 27.0, 27.25, 27.25, 27.25, 28.0, 28.0, 27.5, 27.25, 27.0, 27.5, 27.25, 26.75, 26.75, 27.5, 27.75, 26.75, 27.5, 27.25, 27.5, 27.0, 26.75, 27.0, 27.5, 27.25, 27.5, 27.5, 27.5, 26.75, 26.5, 26.75, 26.75, 26.75, 27.5, 27.5, 27.75]",1,0,0
323,2025-05-27T19:38:09.456473,28.400000000000002,"[26.75, 26.75, 26.75, 27.5, 27.0, 27.0, 26.5, 27.25, 27.25, 27.0, 27.75, 27.25, 26.75, 27.0, 26.75, 27.25, 26.75, 27.5, 28.25, 27.75, 27.0, 27.0, 27.0, 27.0, 27.25, 27.5, 27.75, 27.25, 26.75, 27.0, 27.0, 27.0, 26.75, 27.25, 28.25, 27.75, 27.5, 26.75, 27.0, 27.5, 26.25, 26.75, 27.25, 27.5, 27.25, 27.0, 27.0, 27.25, 27.0, 26.75, 27.0, 27.5, 27.0, 27.25, 27.25, 27.0, 26.75, 26.75, 26.0, 26.5, 26.75, 26.75, 27.0, 27.25]",0,0,0
324,2025-05-27T19:38:09.578494,28.400000000000002,"[26.75, 26.75, 26.75, 27.5, 27.0, 27.0, 26.5, 27.25, 27.25, 27.0, 27.75, 27.25, 26.75, 27.0, 26.75, 27.25, 26.75, 27.5, 28.25, 27.75, 27.0, 27.0, 27.0, 27.0, 27.25, 27.5, 27.75, 27.25, 26.75, 27.0, 27.0, 27.0, 26.75, 27.25, 28.25, 27.75, 27.5, 26.75, 27.0, 27.5, 26.25, 26.75, 27.25, 27.5, 27.25, 27.0, 27.0, 27.25, 27.0, 26.75, 27.0, 27.5, 27.0, 27.25, 27.25, 27.0, 26.75, 26.75, 26.0, 26.5, 26.75, 26.75, 27.0, 27.25]",0,0,0
325,2025-05-27T19:38:09.705487,28.400000000000002,"[27.0, 27.5, 26.75, 27.25, 27.75, 27.0, 26.75, 27.75, 27.0, 26.75, 27.5, 27.0, 27.0, 26.75, 26.75, 27.0, 26.75, 27.5, 28.5, 27.75, 27.25, 27.25, 27.0, 26.75, 28.0, 27.5, 27.75, 27.25, 27.0, 27.0, 27.25, 27.0, 27.0, 27.5, 28.0, 27.25, 27.5, 27.0, 26.75, 27.25, 26.75, 26.25, 27.25, 27.5, 27.25, 27.5, 27.0, 26.75, 26.25, 26.75, 27.25, 27.25, 27.25, 27.75, 27.25, 27.5, 26.75, 26.75, 26.75, 26.5, 27.25, 27.0, 27.25, 27.75]",1,0,0
326,2025-05-27T19:38:09.826241,28.400000000000002,"[27.0, 27.5, 26.75, 27.25, 27.75, 27.0, 26.75, 27.75, 27.0, 26.75, 27.5, 27.0, 27.0, 26.75, 26.75, 27.0, 26.75, 27.5, 28.5, 27.75, 27.25, 27.25, 27.0, 26.75, 28.0, 27.5, 27.75, 27.25, 27.0, 27.0, 27.25, 27.0, 27.0, 27.5, 28.0, 27.25, 27.5, 27.0, 26.75, 27.25, 26.75, 26.25, 27.25, 27.5, 27.25, 27.5, 27.0, 26.75, 26.25, 26.75, 27.25, 27.25, 27.25, 27.75, 27.25, 27.5, 26.75, 26.75, 26.75, 26.5, 27.25, 27.0, 27.25, 27.75]",1,0,0
327,2025-05-27T19:38:09.950753,28.400000000000002,"[27.0, 27.5, 26.75, 27.25, 27.75, 27.0, 26.75, 27.75, 27.0, 26.75, 27.5, 27.0, 27.0, 26.75, 26.75, 27.0, 26.75, 27.5, 28.5, 27.75, 27.25, 27.25, 27.0, 26.75, 28.0, 27.5, 27.75, 27.25, 27.0, 27.0, 27.25, 27.0, 27.0, 27.5, 28.0, 27.25, 27.5, 27.0, 26.75, 27.25, 26.75, 26.25, 27.25, 27.5, 27.25, 27.5, 27.0, 26.75, 26.25, 26.75, 27.25, 27.25, 27.25, 27.75, 27.25, 27.5, 26.75, 26.75, 26.75, 26.5, 27.25, 27.0, 27.25, 27.75]",1,0,0
328,2025-05-27T19:38:10.069025,28.400000000000002,"[26.25, 26.75, 27.25, 27.25, 27.0, 26.5, 26.5, 26.75, 26.75, 27.0, 27.25, 27.25, 27.0, 27.0, 27.0, 27.0, 27.5, 27.75, 28.5, 27.75, 27.25, 27.0, 26.75, 27.25, 27.0, 27.5, 27.75, 27.25, 27.25, 27.25, 27.25, 27.5, 27.0, 27.25, 28.25, 27.5, 27.25, 27.0, 27.25, 27.5, 26.5, 26.75, 27.5, 27.25, 26.75, 27.75, 27.0, 27.0, 26.75, 27.0, 27.25, 27.0, 27.25, 27.75, 27.0, 27.25, 27.0, 26.75, 27.25, 27.25, 27.0, 27.0, 27.75, 27.25]",1,0,0
329,2025-05-27T19:38:10.200639,28.400000000000002,"[26.25, 26.75, 27.25, 27.25, 27.0, 26.5, 26.5, 26.75, 26.75, 27.0, 27.25, 27.25, 27.0, 27.0, 27.0, 27.0, 27.5, 27.75, 28.5, 27.75, 27.25, 27.0, 26.75, 27.25, 27.0, 27.5, 27.75, 27.25, 27.25, 27.25, 27.25, 27.5, 27.0, 27.25, 28.25, 27.5, 27.25, 27.0, 27.25, 27.5, 26.5, 26.75, 27.5, 27.25, 26.75, 27.75, 27.0, 27.0, 26.75, 27.0, 27.25, 27.0, 27.25, 27.75, 27.0, 27.25, 27.0, 26.75, 27.25, 27.25, 27.0, 27.0, 27.75, 27.25]",1,0,0
330,2025-05-27T19:38:10.322806,28.400000000000002,"[27.0, 27.25, 27.25, 27.5, 27.0, 26.75, 27.0, 27.5, 27.25, 27.0, 27.25, 27.25, 27.0, 27.25, 27.5, 27.5, 27.25, 28.0, 28.5, 27.5, 27.25, 27.0, 26.75, 27.0, 27.25, 27.5, 28.0, 27.5, 27.5, 27.0, 27.0, 27.25, 27.25, 27.75, 28.0, 27.5, 27.25, 27.25, 27.25, 27.5, 26.75, 26.75, 27.75, 27.75, 27.25, 27.75, 27.0, 27.0, 26.5, 26.75, 27.0, 27.25, 27.75, 27.75, 27.25, 27.5, 26.5, 27.0, 26.75, 27.5, 27.25, 27.0, 27.5, 27.25]",1,0,0
331,2025-05-27T19:38:10.443603,28.400000000000002,"[27.0, 27.25, 27.25, 27.5, 27.0, 26.75, 27.0, 27.5, 27.25, 27.0, 27.25, 27.25, 27.0, 27.25, 27.5, 27.5, 27.25, 28.0, 28.5, 27.5, 27.25, 27.0, 26.75, 27.0, 27.25, 27.5, 28.0, 27.5, 27.5, 27.0, 27.0, 27.25, 27.25, 27.75, 28.0, 27.5, 27.25, 27.25, 27.25, 27.5, 26.75, 26.75, 27.75, 27.75, 27.25, 27.75, 27.0, 27.0, 26.5, 26.75, 27.0, 27.25, 27.75, 27.75, 27.25, 27.5, 26.5, 27.0, 26.75, 27.5, 27.25, 27.0, 27.5, 27.25]",1,0,0
332,2025-05-27T19:38:10.569782,28.400000000000002,"[27.0, 27.5, 27.0, 27.25, 27.5, 26.75, 27.0, 27.25, 27.5, 26.75, 27.5, 27.25, 26.75, 27.0, 27.0, 27.0, 27.25, 27.5, 28.25, 27.75, 27.0, 27.25, 26.75, 27.0, 27.5, 27.25, 28.0, 27.25, 27.0, 27.25, 27.0, 27.25, 27.0, 27.25, 28.0, 27.5, 27.25, 27.0, 27.0, 27.25, 26.5, 27.0, 27.25, 27.75, 27.5, 27.5, 27.25, 27.0, 26.5, 26.75, 27.0, 27.0, 27.75, 27.25, 27.25, 27.75, 26.75, 26.5, 26.5, 27.0, 26.75, 27.25, 27.0, 27.25]",1,0,0
333,2025-05-27T19:38:10.694631,28.400000000000002,"[27.0, 27.5, 27.0, 27.25, 27.5, 26.75, 27.0, 27.25, 27.5, 26.75, 27.5, 27.25, 26.75, 27.0, 27.0, 27.0, 27.25, 27.5, 28.25, 27.75, 27.0, 27.25, 26.75, 27.0, 27.5, 27.25, 28.0, 27.25, 27.0, 27.25, 27.0, 27.25, 27.0, 27.25, 28.0, 27.5, 27.25, 27.0, 27.0, 27.25, 26.5, 27.0, 27.25, 27.75, 27.5, 27.5, 27.25, 27.0, 26.5, 26.75, 27.0, 27.0, 27.75, 27.25, 27.25, 27.75, 26.75, 26.5, 26.5, 27.0, 26.75, 27.25, 27.0, 27.25]",1,0,0
334,2025-05-27T19:38:10.815095,28.400000000000002,"[26.75, 27.25, 27.0, 27.25, 27.25, 27.25, 27.0, 27.5, 27.0, 27.0, 27.5, 27.5, 27.0, 27.0, 27.25, 27.25, 27.5, 27.5, 28.5, 27.75, 27.0, 27.25, 26.75, 27.25, 27.5, 27.75, 28.0, 27.25, 27.0, 26.75, 27.25, 27.25, 27.25, 27.5, 28.25, 27.5, 27.5, 27.0, 27.25, 27.5, 26.5, 27.0, 27.25, 27.75, 27.0, 27.5, 27.25, 27.75, 27.75, 26.5, 27.25, 27.25, 27.75, 27.5, 28.0, 27.5, 27.25, 26.75, 26.75, 27.0, 27.25, 27.25, 27.5, 27.25]",1,0,0
335,2025-05-27T19:38:10.939553,28.400000000000002,"[26.75, 27.25, 27.0, 27.25, 27.25, 27.25, 27.0, 27.5, 27.0, 27.0, 27.5, 27.5, 27.0, 27.0, 27.25, 27.25, 27.5, 27.5, 28.5, 27.75, 27.0, 27.25, 26.75, 27.25, 27.5, 27.75, 28.0, 27.25, 27.0, 26.75, 27.25, 27.25, 27.25, 27.5, 28.25, 27.5, 27.5, 27.0, 27.25, 27.5, 26.5, 27.0, 27.25, 27.75, 27.0, 27.5, 27.25, 27.75, 27.75, 26.5, 27.25, 27.25, 27.75, 27.5, 28.0, 27.5, 27.25, 26.75, 26.75, 27.0, 27.25, 27.25, 27.5, 27.25]",1,0,0
336,2025-05-27T19:38:11.069364,28.400000000000002,"[26.75, 27.25, 27.0, 27.5, 27.25, 27.5, 26.75, 27.25, 27.0, 27.0, 27.75, 27.25, 27.0, 27.0, 27.25, 27.5, 27.25, 27.75, 28.25, 27.5, 27.5, 27.0, 26.75, 27.0, 27.0, 27.5, 27.75, 27.25, 26.75, 27.0, 27.0, 27.25, 27.5, 27.0, 28.0, 27.5, 27.25, 27.25, 27.5, 27.25, 26.25, 27.0, 27.75, 27.5, 27.25, 27.5, 27.0, 27.75, 27.0, 26.5, 27.0, 27.25, 27.5, 28.0, 27.25, 27.5, 27.25, 27.0, 26.75, 26.75, 27.0, 27.25, 27.25, 27.5]",1,0,0
337,2025-05-27T19:38:11.197651,28.400000000000002,"[26.75, 27.25, 27.0, 27.5, 27.25, 27.5, 26.75, 27.25, 27.0, 27.0, 27.75, 27.25, 27.0, 27.0, 27.25, 27.5, 27.25, 27.75, 28.25, 27.5, 27.5, 27.0, 26.75, 27.0, 27.0, 27.5, 27.75, 27.25, 26.75, 27.0, 27.0, 27.25, 27.5, 27.0, 28.0, 27.5, 27.25, 27.25, 27.5, 27.25, 26.25, 27.0, 27.75, 27.5, 27.25, 27.5, 27.0, 27.75, 27.0, 26.5, 27.0, 27.25, 27.5, 28.0, 27.25, 27.5, 27.25, 27.0, 26.75, 26.75, 27.0, 27.25, 27.25, 27.5]",1,0,0
338,2025-05-27T19:38:11.330414,28.400000000000002,"[26.75, 27.25, 26.5, 27.25, 26.75, 27.0, 27.0, 27.0, 27.25, 27.25, 27.5, 26.75, 27.0, 27.0, 27.0, 27.5, 27.0, 27.75, 28.5, 28.0, 27.5, 27.0, 27.0, 27.0, 27.5, 27.25, 28.0, 27.5, 27.25, 27.25, 27.0, 27.25, 27.0, 27.5, 28.0, 27.5, 27.5, 27.0, 27.25, 27.5, 26.75, 26.5, 27.75, 27.75, 27.0, 27.25, 27.25, 27.5, 26.25, 27.0, 27.0, 27.0, 27.5, 28.0, 27.5, 27.5, 27.0, 26.75, 26.25, 26.75, 26.75, 27.25, 27.5, 27.75]",1,0,0
339,2025-05-27T19:38:11.455309,28.400000000000002,"[26.75, 27.25, 26.5, 27.25, 26.75, 27.0, 27.0, 27.0, 27.25, 27.25, 27.5, 26.75, 27.0, 27.0, 27.0, 27.5, 27.0, 27.75, 28.5, 28.0, 27.5, 27.0, 27.0, 27.0, 27.5, 27.25, 28.0, 27.5, 27.25, 27.25, 27.0, 27.25, 27.0, 27.5, 28.0, 27.5, 27.5, 27.0, 27.25, 27.5, 26.75, 26.5, 27.75, 27.75, 27.0, 27.25, 27.25, 27.5, 26.25, 27.0, 27.0, 27.0, 27.5, 28.0, 27.5, 27.5, 27.0, 26.75, 26.25, 26.75, 26.75, 27.25, 27.5, 27.75]",1,0,0
340,2025-05-27T19:38:11.580963,28.400000000000002,"[26.75, 26.75, 26.5, 27.25, 27.25, 27.0, 26.25, 26.75, 27.25, 27.0, 27.75, 26.75, 26.75, 27.0, 26.75, 27.25, 27.0, 27.75, 28.75, 27.25, 27.25, 27.25, 26.75, 27.0, 27.5, 27.25, 27.75, 27.0, 27.0, 26.75, 27.0, 27.25, 27.25, 27.5, 28.25, 27.0, 27.0, 26.75, 27.5, 27.25, 26.5, 26.75, 27.75, 27.5, 27.25, 27.25, 27.25, 27.5, 27.5, 26.25, 27.25, 27.0, 27.5, 27.0, 27.75, 27.5, 26.25, 26.5, 26.75, 26.75, 27.5, 26.75, 27.25, 27.0]",1,0,0
341,2025-05-27T19:38:11.711187,28.400000000000002,"[26.75, 26.75, 26.5, 27.25, 27.25, 27.0, 26.25, 26.75, 27.25, 27.0, 27.75, 26.75, 26.75, 27.0, 26.75, 27.25, 27.0, 27.75, 28.75, 27.25, 27.25, 27.25, 26.75, 27.0, 27.5, 27.25, 27.75, 27.0, 27.0, 26.75, 27.0, 27.25, 27.25, 27.5, 28.25, 27.0, 27.0, 26.75, 27.5, 27.25, 26.5, 26.75, 27.75, 27.5, 27.25, 27.25, 27.25, 27.5, 27.5, 26.25, 27.25, 27.0, 27.5, 27.0, 27.75, 27.5, 26.25, 26.5, 26.75, 26.75, 27.5, 26.75, 27.25, 27.0]",1,0,0
342,2025-05-27T19:38:11.833122,28.400000000000002,"[27.25, 26.75, 27.0, 27.0, 27.25, 27.0, 26.75, 27.5, 27.25, 27.5, 27.75, 27.25, 26.75, 26.75, 26.75, 27.25, 26.75, 27.5, 28.5, 27.75, 27.5, 27.25, 26.75, 27.0, 27.75, 27.5, 28.0, 27.25, 27.25, 27.25, 27.0, 27.25, 27.25, 27.5, 28.0, 27.75, 27.25, 27.0, 27.25, 27.5, 26.0, 26.75, 27.0, 27.25, 27.0, 27.5, 27.25, 27.0, 27.25, 26.25, 27.0, 27.0, 27.25, 27.0, 27.5, 27.5, 27.0, 26.5, 27.0, 27.0, 26.5, 27.25, 27.25, 27.5]",1,0,0
343,2025-05-27T19:38:11.956179,28.400000000000002,"[27.25, 26.75, 27.0, 27.0, 27.25, 27.0, 26.75, 27.5, 27.25, 27.5, 27.75, 27.25, 26.75, 26.75, 26.75, 27.25, 26.75, 27.5, 28.5, 27.75, 27.5, 27.25, 26.75, 27.0, 27.75, 27.5, 28.0, 27.25, 27.25, 27.25, 27.0, 27.25, 27.25, 27.5, 28.0, 27.75, 27.25, 27.0, 27.25, 27.5, 26.0, 26.75, 27.0, 27.25, 27.0, 27.5, 27.25, 27.0, 27.25, 26.25, 27.0, 27.0, 27.25, 27.0, 27.5, 27.5, 27.0, 26.5, 27.0, 27.0, 26.5, 27.25, 27.25, 27.5]",1,0,0
344,2025-05-27T19:38:12.078358,28.400000000000002,"[27.0, 27.0, 26.75, 27.5, 27.25, 27.25, 26.75, 27.75, 27.5, 27.75, 27.25, 27.5, 27.0, 27.5, 26.75, 27.75, 27.0, 27.75, 29.0, 27.25, 27.5, 27.0, 27.0, 27.25, 27.25, 27.5, 27.75, 27.25, 27.0, 26.75, 27.25, 27.0, 27.25, 27.25, 28.0, 27.5, 27.25, 27.5, 27.25, 27.25, 26.5, 27.25, 27.25, 27.75, 27.0, 27.75, 27.25, 27.25, 27.0, 26.75, 26.5, 27.5, 27.5, 27.5, 27.5, 27.5, 26.5, 27.0, 26.75, 26.5, 26.5, 26.5, 27.25, 27.5]",1,0,0
345,2025-05-27T19:38:12.209805,28.400000000000002,"[27.0, 27.0, 26.75, 27.5, 27.25, 27.25, 26.75, 27.75, 27.5, 27.75, 27.25, 27.5, 27.0, 27.5, 26.75, 27.75, 27.0, 27.75, 29.0, 27.25, 27.5, 27.0, 27.0, 27.25, 27.25, 27.5, 27.75, 27.25, 27.0, 26.75, 27.25, 27.0, 27.25, 27.25, 28.0, 27.5, 27.25, 27.5, 27.25, 27.25, 26.5, 27.25, 27.25, 27.75, 27.0, 27.75, 27.25, 27.25, 27.0, 26.75, 26.5, 27.5, 27.5, 27.5, 27.5, 27.5, 26.5, 27.0, 26.75, 26.5, 26.5, 26.5, 27.25, 27.5]",1,0,0
346,2025-05-27T19:38:12.348346,28.400000000000002,"[27.0, 27.25, 26.5, 27.0, 27.25, 27.0, 27.25, 27.0, 27.75, 26.75, 27.5, 27.25, 27.0, 27.0, 27.25, 27.0, 27.25, 27.75, 29.25, 28.0, 27.0, 27.25, 27.0, 27.25, 27.75, 28.0, 27.75, 27.0, 27.0, 27.5, 27.0, 27.5, 27.0, 27.5, 28.0, 27.75, 27.25, 27.0, 27.25, 27.5, 26.5, 26.75, 27.25, 27.75, 27.25, 27.5, 27.5, 27.75, 27.5, 26.25, 26.75, 27.5, 27.5, 27.5, 27.5, 27.5, 26.75, 26.5, 26.5, 26.75, 27.5, 27.5, 27.0, 27.0]",1,0,0
347,2025-05-27T19:38:12.481227,28.400000000000002,"[27.0, 27.25, 26.5, 27.0, 27.25, 27.0, 27.25, 27.0, 27.75, 26.75, 27.5, 27.25, 27.0, 27.0, 27.25, 27.0, 27.25, 27.75, 29.25, 28.0, 27.0, 27.25, 27.0, 27.25, 27.75, 28.0, 27.75, 27.0, 27.0, 27.5, 27.0, 27.5, 27.0, 27.5, 28.0, 27.75, 27.25, 27.0, 27.25, 27.5, 26.5, 26.75, 27.25, 27.75, 27.25, 27.5, 27.5, 27.75, 27.5, 26.25, 26.75, 27.5, 27.5, 27.5, 27.5, 27.5, 26.75, 26.5, 26.5, 26.75, 27.5, 27.5, 27.0, 27.0]",1,0,0
348,2025-05-27T19:38:12.604212,28.400000000000002,"[26.5, 26.75, 26.75, 27.25, 27.0, 27.25, 26.75, 27.5, 27.0, 27.0, 27.25, 27.0, 27.25, 27.0, 27.0, 27.0, 27.25, 27.75, 28.5, 27.75, 27.25, 27.25, 26.5, 27.5, 27.5, 28.0, 28.0, 27.25, 27.25, 27.0, 26.75, 26.75, 27.25, 27.5, 28.25, 27.25, 27.5, 27.0, 27.25, 27.5, 26.75, 26.75, 27.5, 27.75, 27.0, 27.5, 27.0, 27.25, 26.5, 27.25, 27.25, 27.0, 27.5, 27.25, 27.75, 27.5, 27.0, 26.5, 26.75, 27.0, 27.0, 27.0, 27.25, 27.75]",1,0,0
349,2025-05-27T19:38:12.729645,28.400000000000002,"[26.5, 26.75, 26.75, 27.25, 27.0, 27.25, 26.75, 27.5, 27.0, 27.0, 27.25, 27.0, 27.25, 27.0, 27.0, 27.0, 27.25, 27.75, 28.5, 27.75, 27.25, 27.25, 26.5, 27.5, 27.5, 28.0, 28.0, 27.25, 27.25, 27.0, 26.75, 26.75, 27.25, 27.5, 28.25, 27.25, 27.5, 27.0, 27.25, 27.5, 26.75, 26.75, 27.5, 27.75, 27.0, 27.5, 27.0, 27.25, 26.5, 27.25, 27.25, 27.0, 27.5, 27.25, 27.75, 27.5, 27.0, 26.5, 26.75, 27.0, 27.0, 27.0, 27.25, 27.75]",1,0,0
350,2025-05-27T19:38:12.857043,28.400000000000002,"[26.75, 27.0, 26.5, 27.5, 27.5, 27.0, 27.0, 27.75, 27.0, 26.75, 27.75, 27.0, 27.25, 27.25, 27.0, 27.25, 27.25, 27.75, 28.25, 27.75, 27.25, 27.0, 27.0, 27.25, 27.0, 27.25, 27.75, 27.25, 27.25, 27.25, 27.0, 27.25, 27.5, 27.5, 27.75, 27.25, 27.0, 27.25, 27.25, 27.5, 26.75, 26.5, 27.5, 27.75, 27.0, 27.5, 26.75, 27.25, 26.75, 26.75, 27.0, 27.0, 27.25, 27.25, 27.25, 27.25, 27.0, 27.0, 27.0, 26.75, 27.0, 27.25, 27.5, 27.5]",1,0,0
351,2025-05-27T19:38:12.976066,28.400000000000002,"[26.75, 27.0, 26.5, 27.5, 27.5, 27.0, 27.0, 27.75, 27.0, 26.75, 27.75, 27.0, 27.25, 27.25, 27.0, 27.25, 27.25, 27.75, 28.25, 27.75, 27.25, 27.0, 27.0, 27.25, 27.0, 27.25, 27.75, 27.25, 27.25, 27.25, 27.0, 27.25, 27.5, 27.5, 27.75, 27.25, 27.0, 27.25, 27.25, 27.5, 26.75, 26.5, 27.5, 27.75, 27.0, 27.5, 26.75, 27.25, 26.75, 26.75, 27.0, 27.0, 27.25, 27.25, 27.25, 27.25, 27.0, 27.0, 27.0, 26.75, 27.0, 27.25, 27.5, 27.5]",1,0,0
352,2025-05-27T19:38:13.098077,28.400000000000002,"[27.0, 26.75, 26.75, 27.5, 27.25, 27.25, 26.5, 27.25, 27.0, 27.0, 27.5, 27.0, 27.25, 26.75, 27.0, 27.25, 27.5, 27.75, 28.5, 27.5, 27.0, 27.25, 27.0, 27.0, 27.5, 27.75, 27.75, 27.25, 26.75, 27.25, 27.0, 27.0, 27.0, 27.75, 28.0, 27.25, 27.5, 27.0, 27.0, 28.0, 26.75, 26.75, 27.25, 27.5, 27.0, 27.75, 27.0, 27.5, 26.5, 26.75, 27.0, 27.0, 27.25, 27.5, 27.0, 27.5, 27.25, 26.25, 27.0, 26.75, 27.0, 27.0, 27.5, 27.5]",1,0,0
353,2025-05-27T19:38:13.231164,28.400000000000002,"[27.0, 26.75, 26.75, 27.5, 27.25, 27.25, 26.5, 27.25, 27.0, 27.0, 27.5, 27.0, 27.25, 26.75, 27.0, 27.25, 27.5, 27.75, 28.5, 27.5, 27.0, 27.25, 27.0, 27.0, 27.5, 27.75, 27.75, 27.25, 26.75, 27.25, 27.0, 27.0, 27.0, 27.75, 28.0, 27.25, 27.5, 27.0, 27.0, 28.0, 26.75, 26.75, 27.25, 27.5, 27.0, 27.75, 27.0, 27.5, 26.5, 26.75, 27.0, 27.0, 27.25, 27.5, 27.0, 27.5, 27.25, 26.25, 27.0, 26.75, 27.0, 27.0, 27.5, 27.5]",1,0,0
354,2025-05-27T19:38:13.364941,28.400000000000002,"[27.0, 27.0, 26.75, 27.25, 27.5, 27.0, 27.0, 27.5, 27.25, 27.0, 27.5, 27.25, 27.0, 27.0, 27.25, 27.25, 27.0, 28.25, 28.75, 27.5, 27.5, 27.0, 27.25, 26.75, 27.5, 27.5, 27.75, 27.25, 27.0, 27.5, 27.25, 26.75, 26.0, 27.75, 27.5, 27.5, 26.75, 27.25, 26.75, 27.75, 26.5, 27.0, 27.75, 27.5, 26.75, 27.75, 27.0, 27.25, 26.5, 27.0, 27.25, 27.25, 27.25, 27.25, 27.25, 27.5, 27.25, 27.0, 26.5, 27.0, 27.25, 27.25, 27.0, 27.5]",1,0,0
355,2025-05-27T19:38:13.491436,28.400000000000002,"[27.0, 27.0, 26.75, 27.25, 27.5, 27.0, 27.0, 27.5, 27.25, 27.0, 27.5, 27.25, 27.0, 27.0, 27.25, 27.25, 27.0, 28.25, 28.75, 27.5, 27.5, 27.0, 27.25, 26.75, 27.5, 27.5, 27.75, 27.25, 27.0, 27.5, 27.25, 26.75, 26.0, 27.75, 27.5, 27.5, 26.75, 27.25, 26.75, 27.75, 26.5, 27.0, 27.75, 27.5, 26.75, 27.75, 27.0, 27.25, 26.5, 27.0, 27.25, 27.25, 27.25, 27.25, 27.25, 27.5, 27.25, 27.0, 26.5, 27.0, 27.25, 27.25, 27.0, 27.5]",1,0,0
356,2025-05-27T19:38:13.618647,28.400000000000002,"[26.5, 27.5, 27.0, 27.25, 27.25, 27.25, 27.0, 27.25, 27.25, 27.0, 27.5, 27.0, 27.25, 26.5, 27.0, 26.5, 27.0, 28.25, 29.0, 27.75, 27.5, 27.25, 26.5, 27.0, 27.75, 27.0, 28.0, 27.25, 27.0, 27.0, 27.25, 27.0, 27.25, 27.25, 28.0, 27.5, 27.5, 27.0, 27.0, 27.25, 26.25, 26.75, 27.25, 27.5, 26.75, 26.75, 27.0, 27.0, 26.25, 27.0, 27.25, 27.25, 27.75, 27.25, 27.25, 27.5, 27.75, 26.5, 26.25, 26.75, 27.0, 26.5, 27.0, 27.75]",1,0,0
357,2025-05-27T19:38:13.745332,28.400000000000002,"[26.5, 27.5, 27.0, 27.25, 27.25, 27.25, 27.0, 27.25, 27.25, 27.0, 27.5, 27.0, 27.25, 26.5, 27.0, 26.5, 27.0, 28.25, 29.0, 27.75, 27.5, 27.25, 26.5, 27.0, 27.75, 27.0, 28.0, 27.25, 27.0, 27.0, 27.25, 27.0, 27.25, 27.25, 28.0, 27.5, 27.5, 27.0, 27.0, 27.25, 26.25, 26.75, 27.25, 27.5, 26.75, 26.75, 27.0, 27.0, 26.25, 27.0, 27.25, 27.25, 27.75, 27.25, 27.25, 27.5, 27.75, 26.5, 26.25, 26.75, 27.0, 26.5, 27.0, 27.75]",1,0,0
358,2025-05-27T19:38:13.883923,28.400000000000002,"[27.25, 26.75, 27.0, 27.25, 27.0, 27.0, 26.75, 27.5, 27.0, 27.25, 27.75, 27.0, 27.0, 26.75, 27.0, 27.0, 27.0, 27.75, 29.25, 28.0, 27.0, 27.25, 26.75, 27.0, 27.0, 27.5, 28.0, 27.25, 27.0, 27.0, 27.25, 27.25, 26.75, 27.5, 28.0, 27.25, 27.5, 27.25, 27.25, 27.5, 26.75, 27.0, 27.25, 27.75, 27.0, 27.25, 27.25, 27.5, 27.0, 26.75, 27.25, 27.25, 27.25, 27.5, 27.0, 27.75, 27.25, 26.75, 26.75, 27.0, 27.0, 27.0, 27.5, 27.5]",1,0,0
359,2025-05-27T19:38:14.002214,28.400000000000002,"[27.25, 26.75, 27.0, 27.25, 27.0, 27.0, 26.75, 27.5, 27.0, 27.25, 27.75, 27.0, 27.0, 26.75, 27.0, 27.0, 27.0, 27.75, 29.25, 28.0, 27.0, 27.25, 26.75, 27.0, 27.0, 27.5, 28.0, 27.25, 27.0, 27.0, 27.25, 27.25, 26.75, 27.5, 28.0, 27.25, 27.5, 27.25, 27.25, 27.5, 26.75, 27.0, 27.25, 27.75, 27.0, 27.25, 27.25, 27.5, 27.0, 26.75, 27.25, 27.25, 27.25, 27.5, 27.0, 27.75, 27.25, 26.75, 26.75, 27.0, 27.0, 27.0, 27.5, 27.5]",1,0,0
360,2025-05-27T19:38:14.128992,28.400000000000002,"[26.75, 27.5, 26.75, 27.5, 27.25, 27.25, 26.75, 27.5, 27.25, 27.0, 27.5, 27.0, 27.0, 27.0, 26.75, 27.25, 27.25, 27.25, 28.5, 27.75, 27.25, 27.25, 27.0, 27.25, 27.25, 27.5, 28.0, 27.0, 26.75, 27.0, 27.0, 27.0, 26.75, 27.25, 28.25, 27.5, 26.75, 27.25, 27.0, 27.5, 26.0, 26.5, 27.25, 27.0, 26.75, 27.5, 27.0, 27.75, 26.75, 26.5, 27.25, 27.0, 27.25, 27.25, 27.0, 27.25, 27.5, 26.75, 26.25, 27.0, 27.0, 27.25, 27.5, 27.75]",1,0,0
361,2025-05-27T19:38:14.255330,28.400000000000002,"[26.75, 27.5, 26.75, 27.5, 27.25, 27.25, 26.75, 27.5, 27.25, 27.0, 27.5, 27.0, 27.0, 27.0, 26.75, 27.25, 27.25, 27.25, 28.5, 27.75, 27.25, 27.25, 27.0, 27.25, 27.25, 27.5, 28.0, 27.0, 26.75, 27.0, 27.0, 27.0, 26.75, 27.25, 28.25, 27.5, 26.75, 27.25, 27.0, 27.5, 26.0, 26.5, 27.25, 27.0, 26.75, 27.5, 27.0, 27.75, 26.75, 26.5, 27.25, 27.0, 27.25, 27.25, 27.0, 27.25, 27.5, 26.75, 26.25, 27.0, 27.0, 27.25, 27.5, 27.75]",1,0,0
362,2025-05-27T19:38:14.375564,28.400000000000002,"[26.5, 27.0, 27.0, 27.5, 27.25, 27.25, 26.75, 27.75, 27.25, 26.75, 27.5, 27.25, 27.25, 27.0, 27.0, 27.0, 27.0, 27.75, 28.75, 28.0, 27.0, 27.0, 26.75, 27.25, 27.25, 27.0, 28.25, 27.25, 27.0, 27.25, 27.0, 27.25, 27.0, 27.5, 28.0, 27.0, 27.0, 27.0, 27.5, 27.5, 26.5, 26.75, 27.25, 28.0, 26.75, 27.5, 27.25, 27.5, 27.5, 27.25, 27.0, 27.25, 27.5, 27.75, 27.5, 27.75, 27.25, 27.25, 26.0, 27.0, 27.25, 27.25, 27.5, 27.75]",1,0,0
363,2025-05-27T19:38:14.499432,28.400000000000002,"[26.5, 27.0, 27.0, 27.5, 27.25, 27.25, 26.75, 27.75, 27.25, 26.75, 27.5, 27.25, 27.25, 27.0, 27.0, 27.0, 27.0, 27.75, 28.75, 28.0, 27.0, 27.0, 26.75, 27.25, 27.25, 27.0, 28.25, 27.25, 27.0, 27.25, 27.0, 27.25, 27.0, 27.5, 28.0, 27.0, 27.0, 27.0, 27.5, 27.5, 26.5, 26.75, 27.25, 28.0, 26.75, 27.5, 27.25, 27.5, 27.5, 27.25, 27.0, 27.25, 27.5, 27.75, 27.5, 27.75, 27.25, 27.25, 26.0, 27.0, 27.25, 27.25, 27.5, 27.75]",1,0,0
364,2025-05-27T19:38:14.628573,28.400000000000002,"[27.25, 27.0, 27.0, 27.0, 27.0, 27.25, 26.75, 27.5, 27.5, 27.0, 27.5, 27.25, 27.0, 27.25, 27.0, 27.0, 27.5, 27.75, 28.25, 28.0, 26.75, 27.0, 26.75, 27.0, 27.0, 27.5, 27.5, 27.25, 27.0, 27.0, 27.0, 27.25, 26.5, 27.25, 27.75, 27.5, 27.25, 27.0, 27.0, 27.5, 26.25, 26.25, 27.5, 27.25, 27.0, 27.5, 27.25, 27.25, 26.75, 26.25, 26.75, 27.0, 27.25, 27.0, 27.0, 27.0, 26.75, 26.5, 27.0, 26.75, 26.75, 26.75, 27.0, 27.5]",1,0,0
365,2025-05-27T19:38:14.754807,28.400000000000002,"[27.25, 27.0, 27.0, 27.0, 27.0, 27.25, 26.75, 27.5, 27.5, 27.0, 27.5, 27.25, 27.0, 27.25, 27.0, 27.0, 27.5, 27.75, 28.25, 28.0, 26.75, 27.0, 26.75, 27.0, 27.0, 27.5, 27.5, 27.25, 27.0, 27.0, 27.0, 27.25, 26.5, 27.25, 27.75, 27.5, 27.25, 27.0, 27.0, 27.5, 26.25, 26.25, 27.5, 27.25, 27.0, 27.5, 27.25, 27.25, 26.75, 26.25, 26.75, 27.0, 27.25, 27.0, 27.0, 27.0, 26.75, 26.5, 27.0, 26.75, 26.75, 26.75, 27.0, 27.5]",1,0,0
366,2025-05-27T19:38:14.874244,28.400000000000002,"[26.5, 27.25, 27.0, 27.25, 27.0, 27.5, 26.5, 27.25, 27.25, 27.0, 27.5, 27.25, 27.0, 27.0, 26.5, 27.0, 27.25, 27.5, 28.75, 27.75, 27.5, 27.0, 27.0, 27.25, 27.25, 27.0, 27.5, 27.0, 27.0, 27.0, 27.0, 27.0, 27.0, 27.5, 28.0, 27.25, 27.25, 26.75, 27.0, 27.5, 26.5, 27.25, 27.25, 27.5, 27.0, 27.5, 27.25, 27.25, 26.75, 26.75, 27.0, 27.0, 27.25, 27.25, 27.25, 27.75, 26.5, 26.5, 26.75, 26.75, 27.0, 27.5, 27.25, 27.5]",1,0,0
367,2025-05-27T19:38:14.994523,28.400000000000002,"[26.5, 27.25, 27.0, 27.25, 27.0, 27.5, 26.5, 27.25, 27.25, 27.0, 27.5, 27.25, 27.0, 27.0, 26.5, 27.0, 27.25, 27.5, 28.75, 27.75, 27.5, 27.0, 27.0, 27.25, 27.25, 27.0, 27.5, 27.0, 27.0, 27.0, 27.0, 27.0, 27.0, 27.5, 28.0, 27.25, 27.25, 26.75, 27.0, 27.5, 26.5, 27.25, 27.25, 27.5, 27.0, 27.5, 27.25, 27.25, 26.75, 26.75, 27.0, 27.0, 27.25, 27.25, 27.25, 27.75, 26.5, 26.5, 26.75, 26.75, 27.0, 27.5, 27.25, 27.5]",1,0,0
368,2025-05-27T19:38:15.121626,28.400000000000002,"[26.5, 27.25, 27.0, 27.25, 27.0, 27.5, 26.5, 27.25, 27.25, 27.0, 27.5, 27.25, 27.0, 27.0, 26.5, 27.0, 27.25, 27.5, 28.75, 27.75, 27.5, 27.0, 27.0, 27.25, 27.25, 27.0, 27.5, 27.0, 27.0, 27.0, 27.0, 27.0, 27.0, 27.5, 28.0, 27.25, 27.25, 26.75, 27.0, 27.5, 26.5, 27.25, 27.25, 27.5, 27.0, 27.5, 27.25, 27.25, 26.75, 26.75, 27.0, 27.0, 27.25, 27.25, 27.25, 27.75, 26.5, 26.5, 26.75, 26.75, 27.0, 27.5, 27.25, 27.5]",1,0,0
369,2025-05-27T19:38:15.250391,28.400000000000002,"[27.25, 27.25, 26.75, 27.25, 27.0, 27.25, 26.75, 27.5, 27.0, 27.25, 27.5, 27.25, 27.25, 27.0, 27.0, 27.0, 27.25, 27.5, 28.5, 27.5, 27.25, 26.75, 26.75, 26.75, 27.25, 27.25, 28.0, 27.25, 27.0, 26.75, 26.75, 27.0, 27.0, 27.5, 28.0, 27.25, 27.25, 27.25, 27.0, 27.25, 26.5, 26.75, 27.25, 27.25, 26.75, 27.25, 27.25, 27.25, 26.5, 26.75, 27.0, 27.25, 27.0, 27.25, 27.25, 27.25, 26.75, 27.25, 26.75, 26.5, 27.0, 26.75, 27.0, 27.5]",1,0,0
370,2025-05-27T19:38:15.366035,28.400000000000002,"[27.25, 27.25, 26.75, 27.25, 27.0, 27.25, 26.75, 27.5, 27.0, 27.25, 27.5, 27.25, 27.25, 27.0, 27.0, 27.0, 27.25, 27.5, 28.5, 27.5, 27.25, 26.75, 26.75, 26.75, 27.25, 27.25, 28.0, 27.25, 27.0, 26.75, 26.75, 27.0, 27.0, 27.5, 28.0, 27.25, 27.25, 27.25, 27.0, 27.25, 26.5, 26.75, 27.25, 27.25, 26.75, 27.25, 27.25, 27.25, 26.5, 26.75, 27.0, 27.25, 27.0, 27.25, 27.25, 27.25, 26.75, 27.25, 26.75, 26.5, 27.0, 26.75, 27.0, 27.5]",1,0,0
371,2025-05-27T19:38:15.496687,28.400000000000002,"[26.75, 26.75, 26.75, 27.5, 27.25, 26.5, 27.0, 27.25, 27.25, 27.25, 27.25, 27.0, 26.75, 27.0, 27.0, 27.5, 27.0, 27.5, 28.5, 28.0, 27.25, 27.0, 26.5, 27.25, 27.5, 27.5, 28.0, 27.0, 27.0, 27.0, 26.75, 26.75, 27.0, 27.75, 28.0, 27.5, 27.25, 27.0, 27.0, 27.25, 26.25, 26.75, 27.5, 27.5, 26.5, 27.5, 26.75, 27.5, 26.75, 27.25, 26.75, 27.0, 27.25, 27.5, 27.5, 27.5, 27.25, 27.25, 26.5, 26.5, 26.75, 27.0, 27.5, 27.75]",1,0,0
372,2025-05-27T19:38:15.619202,28.400000000000002,"[26.75, 26.75, 26.75, 27.5, 27.25, 26.5, 27.0, 27.25, 27.25, 27.25, 27.25, 27.0, 26.75, 27.0, 27.0, 27.5, 27.0, 27.5, 28.5, 28.0, 27.25, 27.0, 26.5, 27.25, 27.5, 27.5, 28.0, 27.0, 27.0, 27.0, 26.75, 26.75, 27.0, 27.75, 28.0, 27.5, 27.25, 27.0, 27.0, 27.25, 26.25, 26.75, 27.5, 27.5, 26.5, 27.5, 26.75, 27.5, 26.75, 27.25, 26.75, 27.0, 27.25, 27.5, 27.5, 27.5, 27.25, 27.25, 26.5, 26.5, 26.75, 27.0, 27.5, 27.75]",1,0,0
373,2025-05-27T19:38:15.748636,28.400000000000002,"[26.75, 27.0, 26.5, 27.25, 27.0, 27.25, 26.75, 27.75, 26.75, 27.25, 27.5, 27.0, 26.75, 26.75, 27.25, 26.75, 27.25, 27.75, 28.5, 27.75, 27.25, 27.25, 26.75, 27.0, 27.0, 27.25, 27.75, 27.0, 26.75, 26.75, 27.0, 27.25, 26.75, 27.75, 28.5, 27.5, 27.75, 26.75, 27.0, 28.0, 26.25, 26.75, 27.25, 27.75, 27.25, 27.5, 27.25, 27.5, 27.0, 26.75, 27.25, 27.25, 27.25, 27.5, 27.25, 27.75, 27.25, 26.25, 26.75, 26.75, 26.75, 27.0, 27.5, 27.5]",2,0,0
374,2025-05-27T19:38:15.880935,28.400000000000002,"[26.75, 27.0, 26.5, 27.25, 27.0, 27.25, 26.75, 27.75, 26.75, 27.25, 27.5, 27.0, 26.75, 26.75, 27.25, 26.75, 27.25, 27.75, 28.5, 27.75, 27.25, 27.25, 26.75, 27.0, 27.0, 27.25, 27.75, 27.0, 26.75, 26.75, 27.0, 27.25, 26.75, 27.75, 28.5, 27.5, 27.75, 26.75, 27.0, 28.0, 26.25, 26.75, 27.25, 27.75, 27.25, 27.5, 27.25, 27.5, 27.0, 26.75, 27.25, 27.25, 27.25, 27.5, 27.25, 27.75, 27.25, 26.25, 26.75, 26.75, 26.75, 27.0, 27.5, 27.5]",2,0,0
375,2025-05-27T19:38:16.009226,28.400000000000002,"[26.5, 27.5, 26.75, 27.25, 27.0, 27.25, 26.75, 27.25, 26.5, 27.25, 27.25, 27.0, 27.25, 27.0, 27.0, 27.0, 27.25, 27.75, 28.5, 27.5, 27.25, 26.75, 27.0, 27.25, 27.25, 27.75, 28.0, 27.25, 27.0, 27.0, 27.0, 27.25, 27.25, 27.5, 28.0, 27.5, 27.5, 27.25, 27.0, 27.25, 26.25, 26.75, 27.0, 27.5, 27.0, 27.5, 27.0, 27.5, 27.25, 26.5, 27.0, 27.0, 27.5, 27.25, 27.25, 27.5, 26.75, 26.25, 26.75, 26.25, 27.25, 27.0, 27.0, 27.5]",2,0,0
376,2025-05-27T19:38:16.136378,28.400000000000002,"[26.5, 27.5, 26.75, 27.25, 27.0, 27.25, 26.75, 27.25, 26.5, 27.25, 27.25, 27.0, 27.25, 27.0, 27.0, 27.0, 27.25, 27.75, 28.5, 27.5, 27.25, 26.75, 27.0, 27.25, 27.25, 27.75, 28.0, 27.25, 27.0, 27.0, 27.0, 27.25, 27.25, 27.5, 28.0, 27.5, 27.5, 27.25, 27.0, 27.25, 26.25, 26.75, 27.0, 27.5, 27.0, 27.5, 27.0, 27.5, 27.25, 26.5, 27.0, 27.0, 27.5, 27.25, 27.25, 27.5, 26.75, 26.25, 26.75, 26.25, 27.25, 27.0, 27.0, 27.5]",2,0,0
377,2025-05-27T19:38:16.261714,28.400000000000002,"[26.75, 26.5, 26.75, 27.5, 27.25, 27.25, 26.25, 27.25, 27.0, 27.0, 27.0, 26.75, 27.0, 27.0, 27.25, 26.75, 27.25, 27.5, 29.0, 27.75, 27.25, 27.0, 27.0, 26.75, 27.0, 27.5, 27.5, 27.25, 27.25, 27.25, 26.75, 27.0, 27.0, 27.5, 28.25, 27.25, 27.25, 27.0, 27.0, 27.5, 26.5, 26.75, 27.5, 27.25, 27.0, 27.5, 27.0, 27.25, 27.0, 26.75, 27.25, 27.25, 27.25, 27.25, 27.5, 27.5, 27.25, 27.0, 26.25, 26.25, 26.5, 26.75, 27.25, 27.25]",1,0,0
378,2025-05-27T19:38:16.394558,28.400000000000002,"[26.75, 26.5, 26.75, 27.5, 27.25, 27.25, 26.25, 27.25, 27.0, 27.0, 27.0, 26.75, 27.0, 27.0, 27.25, 26.75, 27.25, 27.5, 29.0, 27.75, 27.25, 27.0, 27.0, 26.75, 27.0, 27.5, 27.5, 27.25, 27.25, 27.25, 26.75, 27.0, 27.0, 27.5, 28.25, 27.25, 27.25, 27.0, 27.0, 27.5, 26.5, 26.75, 27.5, 27.25, 27.0, 27.5, 27.0, 27.25, 27.0, 26.75, 27.25, 27.25, 27.25, 27.25, 27.5, 27.5, 27.25, 27.0, 26.25, 26.25, 26.5, 26.75, 27.25, 27.25]",1,0,0
379,2025-05-27T19:38:16.525087,28.400000000000002,"[27.0, 27.25, 26.75, 27.5, 27.0, 27.0, 27.0, 27.75, 27.25, 27.25, 27.75, 27.0, 27.25, 27.0, 27.0, 27.0, 26.75, 27.5, 28.5, 27.75, 27.5, 26.75, 26.75, 27.0, 27.5, 27.75, 27.75, 27.5, 26.75, 27.0, 27.25, 27.0, 26.75, 27.75, 27.75, 27.75, 27.5, 27.0, 27.0, 27.5, 26.75, 27.25, 27.5, 27.5, 27.25, 27.75, 27.25, 27.25, 27.0, 26.5, 27.25, 26.75, 27.5, 27.5, 27.5, 27.5, 27.0, 26.5, 27.0, 27.0, 27.25, 27.25, 27.25, 28.25]",1,0,0
380,2025-05-27T19:38:16.662699,28.400000000000002,"[27.0, 27.25, 26.75, 27.5, 27.0, 27.0, 27.0, 27.75, 27.25, 27.25, 27.75, 27.0, 27.25, 27.0, 27.0, 27.0, 26.75, 27.5, 28.5, 27.75, 27.5, 26.75, 26.75, 27.0, 27.5, 27.75, 27.75, 27.5, 26.75, 27.0, 27.25, 27.0, 26.75, 27.75, 27.75, 27.75, 27.5, 27.0, 27.0, 27.5, 26.75, 27.25, 27.5, 27.5, 27.25, 27.75, 27.25, 27.25, 27.0, 26.5, 27.25, 26.75, 27.5, 27.5, 27.5, 27.5, 27.0, 26.5, 27.0, 27.0, 27.25, 27.25, 27.25, 28.25]",1,0,0
381,2025-05-27T19:38:16.785366,28.400000000000002,"[26.5, 27.25, 26.5, 27.75, 27.0, 27.0, 26.75, 27.25, 27.5, 27.0, 27.0, 27.0, 27.75, 27.0, 27.0, 27.5, 27.0, 28.0, 28.75, 28.0, 27.5, 26.5, 26.75, 26.75, 27.25, 27.25, 27.75, 27.25, 26.75, 27.0, 26.75, 27.25, 27.0, 27.5, 28.0, 27.5, 27.25, 27.25, 27.25, 27.5, 26.0, 27.0, 27.25, 27.5, 27.0, 27.5, 27.75, 27.25, 27.0, 26.75, 27.0, 27.0, 27.25, 27.25, 27.0, 27.25, 27.0, 26.75, 27.0, 26.5, 26.5, 27.25, 27.5, 27.25]",1,0,0
382,2025-05-27T19:38:16.909026,28.400000000000002,"[26.5, 27.25, 26.5, 27.75, 27.0, 27.0, 26.75, 27.25, 27.5, 27.0, 27.0, 27.0, 27.75, 27.0, 27.0, 27.5, 27.0, 28.0, 28.75, 28.0, 27.5, 26.5, 26.75, 26.75, 27.25, 27.25, 27.75, 27.25, 26.75, 27.0, 26.75, 27.25, 27.0, 27.5, 28.0, 27.5, 27.25, 27.25, 27.25, 27.5, 26.0, 27.0, 27.25, 27.5, 27.0, 27.5, 27.75, 27.25, 27.0, 26.75, 27.0, 27.0, 27.25, 27.25, 27.0, 27.25, 27.0, 26.75, 27.0, 26.5, 26.5, 27.25, 27.5, 27.25]",1,0,0
383,2025-05-27T19:38:17.038126,28.400000000000002,"[26.75, 27.75, 27.0, 27.25, 27.5, 27.0, 26.5, 27.5, 27.25, 26.75, 27.5, 27.0, 27.25, 27.0, 27.25, 27.0, 27.25, 27.5, 28.5, 28.0, 27.25, 27.25, 26.75, 27.25, 27.25, 27.5, 27.5, 27.5, 27.0, 27.0, 27.0, 26.75, 27.5, 27.75, 28.5, 27.5, 27.25, 27.25, 27.25, 27.5, 26.5, 27.0, 27.5, 27.75, 26.75, 27.5, 26.75, 27.25, 26.75, 26.75, 27.25, 27.0, 27.0, 26.75, 27.5, 27.5, 26.75, 26.75, 26.5, 27.0, 27.0, 27.0, 27.75, 27.25]",2,0,0
384,2025-05-27T19:38:17.176994,28.400000000000002,"[26.75, 27.75, 27.0, 27.25, 27.5, 27.0, 26.5, 27.5, 27.25, 26.75, 27.5, 27.0, 27.25, 27.0, 27.25, 27.0, 27.25, 27.5, 28.5, 28.0, 27.25, 27.25, 26.75, 27.25, 27.25, 27.5, 27.5, 27.5, 27.0, 27.0, 27.0, 26.75, 27.5, 27.75, 28.5, 27.5, 27.25, 27.25, 27.25, 27.5, 26.5, 27.0, 27.5, 27.75, 26.75, 27.5, 26.75, 27.25, 26.75, 26.75, 27.25, 27.0, 27.0, 26.75, 27.5, 27.5, 26.75, 26.75, 26.5, 27.0, 27.0, 27.0, 27.75, 27.25]",2,0,0
385,2025-05-27T19:38:17.310502,28.400000000000002,"[26.75, 27.0, 27.25, 27.25, 27.0, 27.0, 27.0, 27.5, 27.25, 27.25, 27.25, 27.0, 27.0, 27.0, 27.0, 26.75, 27.25, 27.75, 28.5, 27.75, 27.5, 27.0, 26.75, 27.0, 27.5, 27.25, 27.75, 27.5, 27.0, 27.0, 26.75, 26.75, 27.25, 27.25, 28.25, 27.25, 27.25, 27.25, 27.25, 27.5, 26.5, 26.75, 27.25, 27.5, 27.0, 27.5, 27.25, 27.5, 27.25, 27.25, 27.0, 27.0, 27.5, 27.5, 27.5, 27.75, 26.75, 27.0, 26.25, 26.75, 26.75, 27.25, 27.25, 27.75]",2,0,0
386,2025-05-27T19:38:17.436798,28.400000000000002,"[26.75, 27.0, 27.25, 27.25, 27.0, 27.0, 27.0, 27.5, 27.25, 27.25, 27.25, 27.0, 27.0, 27.0, 27.0, 26.75, 27.25, 27.75, 28.5, 27.75, 27.5, 27.0, 26.75, 27.0, 27.5, 27.25, 27.75, 27.5, 27.0, 27.0, 26.75, 26.75, 27.25, 27.25, 28.25, 27.25, 27.25, 27.25, 27.25, 27.5, 26.5, 26.75, 27.25, 27.5, 27.0, 27.5, 27.25, 27.5, 27.25, 27.25, 27.0, 27.0, 27.5, 27.5, 27.5, 27.75, 26.75, 27.0, 26.25, 26.75, 26.75, 27.25, 27.25, 27.75]",2,0,0
387,2025-05-27T19:38:17.559262,28.400000000000002,"[27.0, 27.25, 26.75, 27.5, 27.25, 27.5, 26.75, 26.5, 27.25, 27.25, 27.25, 27.0, 26.75, 27.0, 26.75, 27.0, 27.25, 27.5, 28.75, 27.5, 27.25, 27.0, 27.0, 27.25, 27.25, 28.0, 27.75, 27.5, 27.5, 27.25, 27.25, 27.25, 27.0, 27.25, 28.0, 27.25, 27.25, 26.75, 27.25, 27.25, 27.0, 26.75, 27.25, 27.75, 27.0, 27.5, 27.0, 27.5, 27.0, 26.75, 27.0, 27.25, 27.25, 27.5, 27.75, 27.5, 27.0, 26.75, 27.0, 26.5, 27.0, 27.0, 27.5, 27.25]",1,0,0
388,2025-05-27T19:38:17.682333,28.400000000000002,"[27.0, 27.25, 26.75, 27.5, 27.25, 27.5, 26.75, 26.5, 27.25, 27.25, 27.25, 27.0, 26.75, 27.0, 26.75, 27.0, 27.25, 27.5, 28.75, 27.5, 27.25, 27.0, 27.0, 27.25, 27.25, 28.0, 27.75, 27.5, 27.5, 27.25, 27.25, 27.25, 27.0, 27.25, 28.0, 27.25, 27.25, 26.75, 27.25, 27.25, 27.0, 26.75, 27.25, 27.75, 27.0, 27.5, 27.0, 27.5, 27.0, 26.75, 27.0, 27.25, 27.25, 27.5, 27.75, 27.5, 27.0, 26.75, 27.0, 26.5, 27.0, 27.0, 27.5, 27.25]",1,0,0
389,2025-05-27T19:38:17.812953,28.400000000000002,"[27.0, 26.75, 27.25, 27.75, 27.25, 27.25, 26.75, 27.5, 27.25, 27.25, 28.0, 27.25, 27.0, 27.25, 27.0, 27.0, 27.25, 27.5, 29.25, 27.75, 27.25, 27.5, 26.75, 26.75, 27.5, 27.25, 28.0, 27.25, 27.5, 27.25, 26.75, 27.25, 26.75, 27.5, 28.25, 27.5, 27.5, 27.0, 27.0, 27.5, 26.75, 27.0, 27.25, 27.25, 26.75, 27.0, 27.25, 27.25, 27.0, 26.5, 26.75, 27.0, 27.5, 27.25, 27.25, 27.5, 26.75, 26.75, 26.5, 26.5, 26.5, 26.75, 27.0, 26.75]",1,0,0
390,2025-05-27T19:38:17.950207,28.400000000000002,"[27.0, 26.75, 27.25, 27.75, 27.25, 27.25, 26.75, 27.5, 27.25, 27.25, 28.0, 27.25, 27.0, 27.25, 27.0, 27.0, 27.25, 27.5, 29.25, 27.75, 27.25, 27.5, 26.75, 26.75, 27.5, 27.25, 28.0, 27.25, 27.5, 27.25, 26.75, 27.25, 26.75, 27.5, 28.25, 27.5, 27.5, 27.0, 27.0, 27.5, 26.75, 27.0, 27.25, 27.25, 26.75, 27.0, 27.25, 27.25, 27.0, 26.5, 26.75, 27.0, 27.5, 27.25, 27.25, 27.5, 26.75, 26.75, 26.5, 26.5, 26.5, 26.75, 27.0, 26.75]",1,0,0
391,2025-05-27T19:38:18.074893,28.400000000000002,"[27.0, 26.75, 26.75, 27.5, 27.0, 27.0, 27.0, 27.5, 27.0, 27.0, 27.0, 27.25, 26.75, 27.25, 27.0, 27.25, 27.25, 27.5, 28.5, 27.5, 27.25, 27.25, 27.0, 26.75, 27.25, 27.25, 27.5, 27.5, 26.75, 26.75, 27.0, 27.0, 27.0, 27.25, 27.75, 27.25, 27.25, 26.75, 26.75, 27.5, 26.5, 27.0, 27.25, 27.0, 26.75, 27.5, 27.5, 27.5, 27.0, 26.25, 26.5, 26.75, 27.0, 27.0, 27.75, 27.25, 27.0, 26.75, 26.25, 26.25, 26.5, 27.0, 27.25, 27.0]",1,0,0
392,2025-05-27T19:38:18.198146,28.400000000000002,"[27.0, 26.75, 26.75, 27.5, 27.0, 27.0, 27.0, 27.5, 27.0, 27.0, 27.0, 27.25, 26.75, 27.25, 27.0, 27.25, 27.25, 27.5, 28.5, 27.5, 27.25, 27.25, 27.0, 26.75, 27.25, 27.25, 27.5, 27.5, 26.75, 26.75, 27.0, 27.0, 27.0, 27.25, 27.75, 27.25, 27.25, 26.75, 26.75, 27.5, 26.5, 27.0, 27.25, 27.0, 26.75, 27.5, 27.5, 27.5, 27.0, 26.25, 26.5, 26.75, 27.0, 27.0, 27.75, 27.25, 27.0, 26.75, 26.25, 26.25, 26.5, 27.0, 27.25, 27.0]",1,0,0
393,2025-05-27T19:38:18.323818,28.400000000000002,"[26.75, 26.5, 27.0, 27.5, 27.25, 27.0, 27.0, 27.5, 27.5, 26.5, 27.25, 26.5, 27.0, 26.5, 27.0, 26.5, 27.5, 27.5, 28.5, 28.0, 26.75, 27.25, 26.75, 27.5, 27.75, 27.25, 27.75, 27.0, 27.0, 27.0, 27.0, 26.75, 26.75, 27.5, 28.25, 27.25, 27.0, 26.75, 27.0, 27.25, 26.5, 26.75, 27.0, 27.0, 26.75, 27.75, 26.75, 27.5, 26.75, 26.25, 27.0, 26.75, 27.5, 27.0, 27.0, 27.0, 27.0, 26.75, 26.0, 26.75, 26.5, 27.0, 27.25, 27.25]",1,0,0
394,2025-05-27T19:38:18.459441,28.400000000000002,"[26.75, 26.5, 27.0, 27.5, 27.25, 27.0, 27.0, 27.5, 27.5, 26.5, 27.25, 26.5, 27.0, 26.5, 27.0, 26.5, 27.5, 27.5, 28.5, 28.0, 26.75, 27.25, 26.75, 27.5, 27.75, 27.25, 27.75, 27.0, 27.0, 27.0, 27.0, 26.75, 26.75, 27.5, 28.25, 27.25, 27.0, 26.75, 27.0, 27.25, 26.5, 26.75, 27.0, 27.0, 26.75, 27.75, 26.75, 27.5, 26.75, 26.25, 27.0, 26.75, 27.5, 27.0, 27.0, 27.0, 27.0, 26.75, 26.0, 26.75, 26.5, 27.0, 27.25, 27.25]",1,0,0
395,2025-05-27T19:38:18.584906,28.400000000000002,"[27.0, 27.0, 27.0, 27.0, 27.0, 27.0, 27.0, 27.25, 27.25, 27.25, 27.25, 27.0, 27.0, 27.0, 26.75, 27.5, 27.0, 27.5, 28.5, 27.5, 27.25, 26.5, 26.75, 26.75, 27.0, 27.75, 27.75, 27.25, 26.75, 27.0, 26.75, 27.25, 27.25, 27.25, 28.25, 27.0, 27.25, 26.75, 27.0, 27.25, 26.5, 26.5, 27.5, 27.25, 27.0, 27.25, 27.0, 27.0, 26.75, 26.5, 27.0, 26.75, 27.5, 27.0, 27.75, 27.25, 26.5, 26.5, 27.0, 26.5, 27.0, 26.25, 27.25, 27.75]",1,0,0
396,2025-05-27T19:38:18.712040,28.400000000000002,"[27.0, 27.0, 27.0, 27.0, 27.0, 27.0, 27.0, 27.25, 27.25, 27.25, 27.25, 27.0, 27.0, 27.0, 26.75, 27.5, 27.0, 27.5, 28.5, 27.5, 27.25, 26.5, 26.75, 26.75, 27.0, 27.75, 27.75, 27.25, 26.75, 27.0, 26.75, 27.25, 27.25, 27.25, 28.25, 27.0, 27.25, 26.75, 27.0, 27.25, 26.5, 26.5, 27.5, 27.25, 27.0, 27.25, 27.0, 27.0, 26.75, 26.5, 27.0, 26.75, 27.5, 27.0, 27.75, 27.25, 26.5, 26.5, 27.0, 26.5, 27.0, 26.25, 27.25, 27.75]",1,0,0
397,2025-05-27T19:38:18.838511,28.400000000000002,"[27.0, 27.5, 27.0, 27.25, 27.25, 27.0, 26.5, 27.0, 27.25, 27.0, 27.25, 26.75, 27.25, 26.5, 26.75, 27.0, 26.75, 27.25, 28.0, 27.5, 27.5, 27.0, 26.5, 26.75, 27.0, 27.5, 27.5, 26.75, 27.0, 27.0, 26.75, 26.75, 26.75, 27.25, 28.0, 27.25, 27.25, 27.0, 27.25, 27.5, 26.75, 26.5, 27.0, 27.5, 27.0, 27.5, 26.5, 27.25, 27.0, 26.5, 26.75, 26.75, 27.25, 27.25, 27.0, 27.75, 27.5, 26.5, 26.75, 26.5, 27.0, 27.25, 27.75, 27.0]",1,0,0
398,2025-05-27T19:38:18.973836,28.400000000000002,"[27.0, 27.5, 27.0, 27.25, 27.25, 27.0, 26.5, 27.0, 27.25, 27.0, 27.25, 26.75, 27.25, 26.5, 26.75, 27.0, 26.75, 27.25, 28.0, 27.5, 27.5, 27.0, 26.5, 26.75, 27.0, 27.5, 27.5, 26.75, 27.0, 27.0, 26.75, 26.75, 26.75, 27.25, 28.0, 27.25, 27.25, 27.0, 27.25, 27.5, 26.75, 26.5, 27.0, 27.5, 27.0, 27.5, 26.5, 27.25, 27.0, 26.5, 26.75, 26.75, 27.25, 27.25, 27.0, 27.75, 27.5, 26.5, 26.75, 26.5, 27.0, 27.25, 27.75, 27.0]",1,0,0
399,2025-05-27T19:38:19.100495,28.400000000000002,"[26.75, 27.25, 26.5, 27.25, 27.25, 27.0, 26.5, 27.0, 27.25, 27.25, 26.75, 26.75, 26.75, 27.0, 27.0, 26.75, 27.75, 27.75, 28.75, 27.25, 27.0, 27.25, 26.75, 27.0, 27.25, 27.5, 27.5, 27.25, 26.75, 27.0, 27.0, 27.25, 26.75, 27.25, 28.0, 27.25, 27.25, 27.0, 27.5, 27.25, 26.25, 26.5, 27.25, 27.0, 27.0, 26.75, 27.0, 27.25, 26.75, 26.5, 26.5, 27.0, 27.5, 27.25, 27.25, 27.25, 26.75, 26.75, 26.5, 27.0, 27.0, 27.0, 27.5, 27.5]",1,0,0
400,2025-05-27T19:38:19.222284,28.400000000000002,"[26.75, 27.25, 26.5, 27.25, 27.25, 27.0, 26.5, 27.0, 27.25, 27.25, 26.75, 26.75, 26.75, 27.0, 27.0, 26.75, 27.75, 27.75, 28.75, 27.25, 27.0, 27.25, 26.75, 27.0, 27.25, 27.5, 27.5, 27.25, 26.75, 27.0, 27.0, 27.25, 26.75, 27.25, 28.0, 27.25, 27.25, 27.0, 27.5, 27.25, 26.25, 26.5, 27.25, 27.0, 27.0, 26.75, 27.0, 27.25, 26.75, 26.5, 26.5, 27.0, 27.5, 27.25, 27.25, 27.25, 26.75, 26.75, 26.5, 27.0, 27.0, 27.0, 27.5, 27.5]",1,0,0
401,2025-05-27T19:38:19.348509,28.400000000000002,"[27.25, 26.75, 26.75, 27.5, 27.0, 26.75, 26.5, 27.0, 26.75, 27.0, 27.0, 27.25, 27.0, 26.75, 27.0, 27.25, 27.25, 27.5, 27.75, 27.5, 27.5, 27.0, 26.75, 27.0, 27.0, 27.5, 27.75, 27.0, 26.75, 26.75, 26.75, 27.0, 27.0, 27.25, 28.0, 27.25, 27.0, 26.5, 27.25, 27.5, 26.5, 26.75, 27.25, 27.0, 26.75, 27.25, 27.25, 27.5, 26.5, 26.5, 27.0, 27.0, 27.25, 27.25, 27.5, 27.25, 27.25, 26.5, 26.25, 26.5, 26.75, 27.25, 27.0, 27.25]",1,0,0
402,2025-05-27T19:38:19.470417,28.400000000000002,"[27.25, 26.75, 26.75, 27.5, 27.0, 26.75, 26.5, 27.0, 26.75, 27.0, 27.0, 27.25, 27.0, 26.75, 27.0, 27.25, 27.25, 27.5, 27.75, 27.5, 27.5, 27.0, 26.75, 27.0, 27.0, 27.5, 27.75, 27.0, 26.75, 26.75, 26.75, 27.0, 27.0, 27.25, 28.0, 27.25, 27.0, 26.5, 27.25, 27.5, 26.5, 26.75, 27.25, 27.0, 26.75, 27.25, 27.25, 27.5, 26.5, 26.5, 27.0, 27.0, 27.25, 27.25, 27.5, 27.25, 27.25, 26.5, 26.25, 26.5, 26.75, 27.25, 27.0, 27.25]",1,0,0
403,2025-05-27T19:38:19.611995,28.400000000000002,"[26.75, 26.75, 26.5, 27.0, 26.75, 26.25, 26.5, 27.0, 27.0, 26.25, 27.0, 26.75, 27.25, 27.0, 26.75, 27.0, 27.0, 27.0, 27.25, 27.25, 27.0, 26.75, 26.5, 27.0, 27.0, 27.25, 27.75, 26.75, 26.75, 26.75, 26.75, 27.0, 26.75, 27.75, 28.5, 27.0, 27.25, 26.75, 27.0, 27.5, 26.0, 26.5, 26.75, 27.0, 26.5, 27.25, 26.75, 27.25, 26.25, 26.5, 26.75, 26.75, 26.75, 27.0, 26.75, 27.0, 26.5, 26.75, 26.5, 26.5, 26.5, 26.5, 26.75, 27.0]",1,0,0
404,2025-05-27T19:38:19.738777,28.400000000000002,"[26.75, 26.75, 26.5, 27.0, 26.75, 26.25, 26.5, 27.0, 27.0, 26.25, 27.0, 26.75, 27.25, 27.0, 26.75, 27.0, 27.0, 27.0, 27.25, 27.25, 27.0, 26.75, 26.5, 27.0, 27.0, 27.25, 27.75, 26.75, 26.75, 26.75, 26.75, 27.0, 26.75, 27.75, 28.5, 27.0, 27.25, 26.75, 27.0, 27.5, 26.0, 26.5, 26.75, 27.0, 26.5, 27.25, 26.75, 27.25, 26.25, 26.5, 26.75, 26.75, 26.75, 27.0, 26.75, 27.0, 26.5, 26.75, 26.5, 26.5, 26.5, 26.5, 26.75, 27.0]",1,0,0
405,2025-05-27T19:38:19.877145,28.400000000000002,"[26.75, 27.25, 26.5, 27.25, 27.0, 27.0, 26.5, 27.25, 27.25, 26.75, 27.0, 27.0, 27.0, 27.0, 27.25, 27.25, 27.5, 28.0, 27.75, 27.25, 27.0, 27.0, 26.75, 26.5, 27.25, 28.25, 28.0, 26.5, 26.75, 26.75, 27.0, 27.25, 27.25, 28.0, 28.25, 27.25, 27.5, 27.25, 27.25, 27.75, 26.5, 26.5, 27.25, 27.25, 26.75, 27.25, 27.0, 27.0, 26.75, 26.5, 26.75, 27.25, 27.25, 27.25, 27.5, 27.75, 27.5, 26.75, 26.5, 26.75, 27.25, 26.25, 26.75, 26.75]",1,0,0
406,2025-05-27T19:38:20.015020,28.400000000000002,"[26.75, 27.25, 26.5, 27.25, 27.0, 27.0, 26.5, 27.25, 27.25, 26.75, 27.0, 27.0, 27.0, 27.0, 27.25, 27.25, 27.5, 28.0, 27.75, 27.25, 27.0, 27.0, 26.75, 26.5, 27.25, 28.25, 28.0, 26.5, 26.75, 26.75, 27.0, 27.25, 27.25, 28.0, 28.25, 27.25, 27.5, 27.25, 27.25, 27.75, 26.5, 26.5, 27.25, 27.25, 26.75, 27.25, 27.0, 27.0, 26.75, 26.5, 26.75, 27.25, 27.25, 27.25, 27.5, 27.75, 27.5, 26.75, 26.5, 26.75, 27.25, 26.25, 26.75, 26.75]",1,0,0
407,2025-05-27T19:38:20.139932,28.400000000000002,"[27.0, 27.0, 26.5, 26.75, 27.0, 27.0, 26.5, 26.75, 27.5, 26.75, 27.25, 27.0, 26.75, 26.75, 27.0, 26.25, 28.5, 28.25, 28.0, 27.25, 27.0, 26.75, 26.5, 26.75, 27.75, 28.0, 27.75, 26.25, 26.5, 27.0, 26.75, 27.0, 27.5, 28.25, 28.0, 27.25, 27.0, 27.0, 27.0, 27.25, 26.75, 26.5, 27.25, 27.25, 26.75, 27.25, 26.75, 27.0, 26.5, 26.0, 26.75, 27.0, 27.0, 27.25, 27.25, 27.0, 27.0, 26.5, 26.5, 26.25, 27.25, 26.75, 27.0, 27.25]",1,0,0
408,2025-05-27T19:38:20.275946,28.400000000000002,"[27.0, 27.0, 26.5, 26.75, 27.0, 27.0, 26.5, 26.75, 27.5, 26.75, 27.25, 27.0, 26.75, 26.75, 27.0, 26.25, 28.5, 28.25, 28.0, 27.25, 27.0, 26.75, 26.5, 26.75, 27.75, 28.0, 27.75, 26.25, 26.5, 27.0, 26.75, 27.0, 27.5, 28.25, 28.0, 27.25, 27.0, 27.0, 27.0, 27.25, 26.75, 26.5, 27.25, 27.25, 26.75, 27.25, 26.75, 27.0, 26.5, 26.0, 26.75, 27.0, 27.0, 27.25, 27.25, 27.0, 27.0, 26.5, 26.5, 26.25, 27.25, 26.75, 27.0, 27.25]",1,0,0
409,2025-05-27T19:38:20.403601,28.400000000000002,"[27.0, 27.25, 26.75, 27.25, 27.25, 27.25, 26.75, 27.5, 28.0, 27.0, 27.25, 27.0, 27.0, 27.0, 27.25, 26.75, 29.0, 28.0, 27.5, 27.25, 27.0, 27.0, 26.5, 26.75, 28.25, 28.0, 27.25, 26.75, 27.0, 26.75, 27.25, 27.25, 28.5, 29.0, 28.25, 27.0, 27.0, 27.25, 26.75, 27.5, 28.0, 27.0, 27.75, 27.75, 26.75, 27.25, 27.25, 27.0, 26.5, 27.0, 26.75, 27.0, 27.25, 27.25, 27.25, 27.5, 26.5, 26.75, 26.5, 26.5, 27.0, 27.25, 27.25, 27.25]",2,0,0
410,2025-05-27T19:38:20.526911,28.400000000000002,"[27.0, 27.25, 26.75, 27.25, 27.25, 27.25, 26.75, 27.5, 28.0, 27.0, 27.25, 27.0, 27.0, 27.0, 27.25, 26.75, 29.0, 28.0, 27.5, 27.25, 27.0, 27.0, 26.5, 26.75, 28.25, 28.0, 27.25, 26.75, 27.0, 26.75, 27.25, 27.25, 28.5, 29.0, 28.25, 27.0, 27.0, 27.25, 26.75, 27.5, 28.0, 27.0, 27.75, 27.75, 26.75, 27.25, 27.25, 27.0, 26.5, 27.0, 26.75, 27.0, 27.25, 27.25, 27.25, 27.5, 26.5, 26.75, 26.5, 26.5, 27.0, 27.25, 27.25, 27.25]",2,0,0
411,2025-05-27T19:38:20.647869,28.400000000000002,"[26.75, 27.25, 26.5, 26.5, 27.25, 27.0, 26.75, 26.75, 27.5, 26.5, 27.0, 26.75, 26.75, 27.0, 27.25, 26.75, 28.5, 27.75, 27.5, 27.25, 27.25, 27.0, 26.75, 26.75, 28.25, 27.75, 27.75, 26.75, 26.75, 26.75, 26.5, 26.75, 28.75, 28.25, 27.75, 26.75, 27.0, 27.0, 27.0, 27.0, 27.25, 27.75, 27.5, 26.75, 26.75, 27.5, 27.0, 26.75, 27.25, 26.75, 27.25, 27.0, 27.25, 27.25, 27.0, 27.0, 27.0, 26.75, 26.25, 26.5, 26.5, 26.75, 27.0, 27.25]",2,0,0
412,2025-05-27T19:38:20.774052,28.400000000000002,"[26.75, 27.25, 26.5, 26.5, 27.25, 27.0, 26.75, 26.75, 27.5, 26.5, 27.0, 26.75, 26.75, 27.0, 27.25, 26.75, 28.5, 27.75, 27.5, 27.25, 27.25, 27.0, 26.75, 26.75, 28.25, 27.75, 27.75, 26.75, 26.75, 26.75, 26.5, 26.75, 28.75, 28.25, 27.75, 26.75, 27.0, 27.0, 27.0, 27.0, 27.25, 27.75, 27.5, 26.75, 26.75, 27.5, 27.0, 26.75, 27.25, 26.75, 27.25, 27.0, 27.25, 27.25, 27.0, 27.0, 27.0, 26.75, 26.25, 26.5, 26.5, 26.75, 27.0, 27.25]",2,0,0
413,2025-05-27T19:38:20.893437,28.400000000000002,"[27.25, 27.25, 26.75, 27.25, 27.25, 27.25, 26.75, 27.5, 27.75, 26.75, 27.0, 27.25, 26.75, 26.75, 27.0, 26.75, 28.25, 27.5, 27.25, 27.0, 27.25, 26.75, 26.75, 26.75, 28.0, 28.0, 27.25, 27.0, 27.0, 27.0, 26.75, 27.0, 28.75, 28.25, 27.75, 27.0, 27.25, 27.0, 27.25, 27.25, 27.5, 28.5, 27.5, 27.25, 26.75, 27.25, 27.5, 27.25, 27.0, 27.5, 27.75, 27.0, 27.5, 27.25, 27.25, 27.5, 26.75, 27.5, 26.5, 26.25, 26.75, 26.75, 27.0, 27.0]",3,0,0
414,2025-05-27T19:38:21.016767,28.400000000000002,"[27.25, 27.25, 26.75, 27.25, 27.25, 27.25, 26.75, 27.5, 27.75, 26.75, 27.0, 27.25, 26.75, 26.75, 27.0, 26.75, 28.25, 27.5, 27.25, 27.0, 27.25, 26.75, 26.75, 26.75, 28.0, 28.0, 27.25, 27.0, 27.0, 27.0, 26.75, 27.0, 28.75, 28.25, 27.75, 27.0, 27.25, 27.0, 27.25, 27.25, 27.5, 28.5, 27.5, 27.25, 26.75, 27.25, 27.5, 27.25, 27.0, 27.5, 27.75, 27.0, 27.5, 27.25, 27.25, 27.5, 26.75, 27.5, 26.5, 26.25, 26.75, 26.75, 27.0, 27.0]",3,0,0
415,2025-05-27T19:38:21.144493,28.400000000000002,"[27.0, 27.5, 26.75, 27.25, 27.25, 27.0, 26.75, 27.75, 27.25, 27.0, 27.0, 26.75, 26.75, 27.0, 27.25, 27.0, 28.0, 27.25, 27.25, 27.0, 27.0, 26.25, 26.75, 26.75, 28.0, 28.0, 27.25, 26.75, 27.25, 26.75, 27.25, 27.0, 28.5, 28.75, 28.0, 27.0, 27.5, 26.75, 27.0, 26.75, 27.0, 27.5, 27.5, 27.25, 26.5, 27.25, 27.0, 27.25, 27.0, 26.75, 27.5, 26.75, 27.0, 27.75, 27.5, 27.25, 27.5, 27.0, 26.75, 27.0, 26.75, 27.0, 27.0, 27.5]",2,0,0
416,2025-05-27T19:38:21.271393,28.400000000000002,"[27.0, 27.5, 26.75, 27.25, 27.25, 27.0, 26.75, 27.75, 27.25, 27.0, 27.0, 26.75, 26.75, 27.0, 27.25, 27.0, 28.0, 27.25, 27.25, 27.0, 27.0, 26.25, 26.75, 26.75, 28.0, 28.0, 27.25, 26.75, 27.25, 26.75, 27.25, 27.0, 28.5, 28.75, 28.0, 27.0, 27.5, 26.75, 27.0, 26.75, 27.0, 27.5, 27.5, 27.25, 26.5, 27.25, 27.0, 27.25, 27.0, 26.75, 27.5, 26.75, 27.0, 27.75, 27.5, 27.25, 27.5, 27.0, 26.75, 27.0, 26.75, 27.0, 27.0, 27.5]",2,0,0
417,2025-05-27T19:38:21.394614,28.400000000000002,"[27.0, 27.0, 26.75, 27.5, 27.0, 27.0, 27.5, 27.5, 27.25, 26.75, 27.25, 27.0, 27.25, 27.25, 27.25, 27.25, 27.25, 27.25, 27.0, 27.5, 27.25, 27.25, 27.25, 27.25, 28.25, 27.25, 27.5, 27.0, 27.5, 27.0, 27.25, 26.75, 28.25, 28.0, 28.0, 26.75, 27.0, 26.75, 26.75, 27.25, 28.0, 27.5, 27.5, 27.0, 26.75, 27.25, 27.25, 27.25, 27.5, 27.5, 27.5, 27.25, 27.0, 27.75, 27.5, 27.75, 27.0, 27.0, 27.25, 26.5, 26.75, 27.0, 27.5, 27.25]",1,0,0
418,2025-05-27T19:38:21.516024,28.400000000000002,"[27.0, 27.0, 26.75, 27.5, 27.0, 27.0, 27.5, 27.5, 27.25, 26.75, 27.25, 27.0, 27.25, 27.25, 27.25, 27.25, 27.25, 27.25, 27.0, 27.5, 27.25, 27.25, 27.25, 27.25, 28.25, 27.25, 27.5, 27.0, 27.5, 27.0, 27.25, 26.75, 28.25, 28.0, 28.0, 26.75, 27.0, 26.75, 26.75, 27.25, 28.0, 27.5, 27.5, 27.0, 26.75, 27.25, 27.25, 27.25, 27.5, 27.5, 27.5, 27.25, 27.0, 27.75, 27.5, 27.75, 27.0, 27.0, 27.25, 26.5, 26.75, 27.0, 27.5, 27.25]",1,0,0
419,2025-05-27T19:38:21.639601,28.400000000000002,"[26.5, 27.0, 27.0, 27.25, 26.75, 27.0, 26.5, 27.0, 27.25, 26.5, 27.0, 26.75, 27.0, 26.75, 27.0, 27.25, 26.75, 27.0, 27.0, 27.25, 27.0, 27.0, 26.75, 26.75, 27.25, 26.75, 27.5, 27.0, 27.0, 27.0, 26.5, 27.0, 27.75, 27.0, 28.0, 27.0, 27.25, 26.75, 26.75, 27.0, 27.75, 26.75, 27.25, 27.0, 27.0, 27.5, 26.75, 27.5, 27.0, 27.5, 27.0, 27.0, 27.5, 27.0, 27.25, 26.75, 27.0, 26.75, 26.5, 26.5, 26.5, 26.75, 26.75, 27.75]",0,0,0
420,2025-05-27T19:38:21.769192,28.400000000000002,"[26.5, 27.0, 27.0, 27.25, 26.75, 27.0, 26.5, 27.0, 27.25, 26.5, 27.0, 26.75, 27.0, 26.75, 27.0, 27.25, 26.75, 27.0, 27.0, 27.25, 27.0, 27.0, 26.75, 26.75, 27.25, 26.75, 27.5, 27.0, 27.0, 27.0, 26.5, 27.0, 27.75, 27.0, 28.0, 27.0, 27.25, 26.75, 26.75, 27.0, 27.75, 26.75, 27.25, 27.0, 27.0, 27.5, 26.75, 27.5, 27.0, 27.5, 27.0, 27.0, 27.5, 27.0, 27.25, 26.75, 27.0, 26.75, 26.5, 26.5, 26.5, 26.75, 26.75, 27.75]",0,0,0
421,2025-05-27T19:38:21.890047,28.400000000000002,"[26.75, 27.0, 26.75, 27.5, 27.25, 27.25, 27.0, 27.5, 27.25, 27.0, 27.25, 27.0, 27.25, 26.75, 26.75, 27.25, 27.0, 27.25, 27.0, 27.25, 26.75, 27.25, 26.75, 27.25, 27.25, 26.75, 27.5, 26.75, 27.0, 26.75, 26.75, 27.0, 26.75, 26.75, 27.5, 27.0, 27.0, 27.25, 27.25, 27.5, 26.25, 26.75, 27.25, 26.75, 26.5, 27.5, 26.5, 27.0, 26.75, 26.75, 26.5, 27.0, 27.0, 27.5, 27.25, 27.0, 27.5, 27.0, 26.75, 27.0, 27.25, 27.5, 26.75, 27.5]",0,0,0
422,2025-05-27T19:38:22.012862,28.400000000000002,"[26.75, 27.0, 26.75, 27.5, 27.25, 27.25, 27.0, 27.5, 27.25, 27.0, 27.25, 27.0, 27.25, 26.75, 26.75, 27.25, 27.0, 27.25, 27.0, 27.25, 26.75, 27.25, 26.75, 27.25, 27.25, 26.75, 27.5, 26.75, 27.0, 26.75, 26.75, 27.0, 26.75, 26.75, 27.5, 27.0, 27.0, 27.25, 27.25, 27.5, 26.25, 26.75, 27.25, 26.75, 26.5, 27.5, 26.5, 27.0, 26.75, 26.75, 26.5, 27.0, 27.0, 27.5, 27.25, 27.0, 27.5, 27.0, 26.75, 27.0, 27.25, 27.5, 26.75, 27.5]",0,0,0
423,2025-05-27T19:38:22.143312,28.400000000000002,"[26.75, 27.0, 26.75, 27.5, 27.25, 27.25, 27.0, 27.5, 27.25, 27.0, 27.25, 27.0, 27.25, 26.75, 26.75, 27.25, 27.0, 27.25, 27.0, 27.25, 26.75, 27.25, 26.75, 27.25, 27.25, 26.75, 27.5, 26.75, 27.0, 26.75, 26.75, 27.0, 26.75, 26.75, 27.5, 27.0, 27.0, 27.25, 27.25, 27.5, 26.25, 26.75, 27.25, 26.75, 26.5, 27.5, 26.5, 27.0, 26.75, 26.75, 26.5, 27.0, 27.0, 27.5, 27.25, 27.0, 27.5, 27.0, 26.75, 27.0, 27.25, 27.5, 26.75, 27.5]",0,0,0
424,2025-05-27T19:38:22.275383,28.400000000000002,"[26.5, 27.0, 26.25, 27.25, 27.0, 27.0, 26.75, 27.0, 26.75, 26.75, 26.75, 27.0, 27.0, 26.75, 27.25, 27.0, 26.75, 27.0, 27.0, 27.25, 27.0, 26.75, 27.0, 27.0, 27.0, 26.75, 27.0, 26.75, 26.75, 26.75, 27.0, 27.25, 27.0, 27.0, 27.5, 26.75, 27.0, 27.0, 27.0, 27.0, 26.25, 26.5, 26.5, 27.0, 26.75, 26.75, 26.75, 27.25, 26.25, 26.5, 27.0, 27.0, 27.25, 27.25, 27.25, 27.5, 26.5, 26.5, 26.25, 26.5, 26.75, 26.5, 27.0, 27.75]",0,0,0
425,2025-05-27T19:38:22.406499,28.400000000000002,"[26.5, 26.75, 26.5, 27.25, 26.75, 27.0, 27.0, 27.5, 27.25, 26.5, 26.75, 26.75, 27.0, 27.0, 26.75, 27.25, 27.25, 27.25, 27.5, 27.5, 27.0, 27.0, 26.75, 27.0, 27.25, 27.0, 27.25, 27.0, 27.0, 27.25, 27.0, 27.25, 26.75, 27.0, 27.75, 27.0, 27.0, 27.0, 27.25, 27.5, 26.75, 26.75, 27.25, 27.5, 27.0, 27.5, 27.25, 27.5, 26.5, 26.25, 26.5, 26.75, 27.25, 27.25, 27.25, 27.5, 26.5, 26.75, 26.5, 26.5, 27.0, 26.75, 27.25, 27.5]",0,0,0
426,2025-05-27T19:38:22.530907,28.400000000000002,"[26.5, 26.75, 26.5, 27.25, 26.75, 27.0, 27.0, 27.5, 27.25, 26.5, 26.75, 26.75, 27.0, 27.0, 26.75, 27.25, 27.25, 27.25, 27.5, 27.5, 27.0, 27.0, 26.75, 27.0, 27.25, 27.0, 27.25, 27.0, 27.0, 27.25, 27.0, 27.25, 26.75, 27.0, 27.75, 27.0, 27.0, 27.0, 27.25, 27.5, 26.75, 26.75, 27.25, 27.5, 27.0, 27.5, 27.25, 27.5, 26.5, 26.25, 26.5, 26.75, 27.25, 27.25, 27.25, 27.5, 26.5, 26.75, 26.5, 26.5, 27.0, 26.75, 27.25, 27.5]",0,0,0
427,2025-05-27T19:38:22.654724,28.400000000000002,"[26.5, 26.75, 26.5, 27.25, 26.75, 27.0, 27.0, 27.5, 27.25, 26.5, 26.75, 26.75, 27.0, 27.0, 26.75, 27.25, 27.25, 27.25, 27.5, 27.5, 27.0, 27.0, 26.75, 27.0, 27.25, 27.0, 27.25, 27.0, 27.0, 27.25, 27.0, 27.25, 26.75, 27.0, 27.75, 27.0, 27.0, 27.0, 27.25, 27.5, 26.75, 26.75, 27.25, 27.5, 27.0, 27.5, 27.25, 27.5, 26.5, 26.25, 26.5, 26.75, 27.25, 27.25, 27.25, 27.5, 26.5, 26.75, 26.5, 26.5, 27.0, 26.75, 27.25, 27.5]",0,0,0
428,2025-05-27T19:38:22.776837,28.400000000000002,"[26.25, 27.0, 26.5, 27.0, 26.75, 26.5, 26.25, 27.0, 27.0, 26.5, 26.75, 26.5, 27.0, 26.75, 26.75, 27.25, 26.75, 26.25, 27.0, 27.0, 27.0, 26.75, 26.5, 27.0, 26.75, 26.75, 27.0, 26.75, 26.5, 26.75, 27.0, 27.25, 27.5, 27.0, 27.5, 27.0, 27.25, 26.5, 27.0, 27.5, 26.0, 26.25, 27.0, 26.75, 26.75, 27.25, 26.75, 26.75, 26.5, 26.5, 26.25, 26.5, 27.0, 27.0, 27.0, 27.25, 26.25, 26.5, 26.25, 26.5, 26.25, 26.5, 27.25, 26.75]",0,0,0
429,2025-05-27T19:38:22.899746,28.400000000000002,"[26.25, 27.0, 26.5, 27.0, 26.75, 26.5, 26.25, 27.0, 27.0, 26.5, 26.75, 26.5, 27.0, 26.75, 26.75, 27.25, 26.75, 26.25, 27.0, 27.0, 27.0, 26.75, 26.5, 27.0, 26.75, 26.75, 27.0, 26.75, 26.5, 26.75, 27.0, 27.25, 27.5, 27.0, 27.5, 27.0, 27.25, 26.5, 27.0, 27.5, 26.0, 26.25, 27.0, 26.75, 26.75, 27.25, 26.75, 26.75, 26.5, 26.5, 26.25, 26.5, 27.0, 27.0, 27.0, 27.25, 26.25, 26.5, 26.25, 26.5, 26.25, 26.5, 27.25, 26.75]",0,0,0
430,2025-05-27T19:38:23.023986,28.400000000000002,"[27.0, 26.75, 26.75, 27.25, 27.25, 27.0, 26.5, 27.75, 26.5, 26.75, 26.75, 26.75, 27.0, 27.25, 26.75, 27.0, 27.0, 27.0, 27.0, 27.5, 27.25, 27.0, 26.75, 27.0, 27.75, 27.0, 26.75, 27.0, 27.25, 27.0, 27.0, 27.0, 27.25, 27.5, 28.25, 27.25, 27.5, 27.0, 27.25, 27.75, 26.5, 26.75, 27.0, 27.5, 26.75, 27.5, 27.0, 27.25, 26.75, 26.5, 26.75, 27.0, 27.0, 27.75, 28.0, 27.25, 27.0, 26.75, 26.5, 26.5, 26.75, 26.75, 27.25, 27.5]",0,0,0
431,2025-05-27T19:38:23.151196,28.400000000000002,"[27.0, 26.75, 26.75, 27.25, 27.25, 27.0, 26.5, 27.75, 26.5, 26.75, 26.75, 26.75, 27.0, 27.25, 26.75, 27.0, 27.0, 27.0, 27.0, 27.5, 27.25, 27.0, 26.75, 27.0, 27.75, 27.0, 26.75, 27.0, 27.25, 27.0, 27.0, 27.0, 27.25, 27.5, 28.25, 27.25, 27.5, 27.0, 27.25, 27.75, 26.5, 26.75, 27.0, 27.5, 26.75, 27.5, 27.0, 27.25, 26.75, 26.5, 26.75, 27.0, 27.0, 27.75, 28.0, 27.25, 27.0, 26.75, 26.5, 26.5, 26.75, 26.75, 27.25, 27.5]",0,0,0
432,2025-05-27T19:38:23.272230,28.400000000000002,"[26.5, 26.75, 26.5, 27.0, 26.75, 26.75, 27.0, 26.75, 26.75, 26.25, 26.75, 26.75, 26.75, 26.75, 27.0, 26.75, 27.25, 26.75, 27.0, 27.25, 27.25, 26.75, 26.5, 26.5, 27.0, 26.75, 27.0, 27.0, 27.0, 27.0, 26.75, 26.75, 26.5, 27.25, 27.75, 27.0, 27.25, 26.75, 27.0, 26.75, 26.5, 27.0, 27.25, 26.75, 26.5, 27.0, 27.0, 27.0, 26.75, 26.25, 26.5, 26.75, 27.0, 27.25, 27.0, 27.25, 26.5, 26.25, 26.5, 26.75, 26.75, 26.75, 27.25, 28.0]",0,0,0
433,2025-05-27T19:38:23.398764,28.400000000000002,"[26.5, 26.75, 26.5, 27.0, 26.75, 26.75, 27.0, 26.75, 26.75, 26.25, 26.75, 26.75, 26.75, 26.75, 27.0, 26.75, 27.25, 26.75, 27.0, 27.25, 27.25, 26.75, 26.5, 26.5, 27.0, 26.75, 27.0, 27.0, 27.0, 27.0, 26.75, 26.75, 26.5, 27.25, 27.75, 27.0, 27.25, 26.75, 27.0, 26.75, 26.5, 27.0, 27.25, 26.75, 26.5, 27.0, 27.0, 27.0, 26.75, 26.25, 26.5, 26.75, 27.0, 27.25, 27.0, 27.25, 26.5, 26.25, 26.5, 26.75, 26.75, 26.75, 27.25, 28.0]",0,0,0
434,2025-05-27T19:38:23.516318,28.400000000000002,"[27.0, 27.25, 26.75, 27.75, 27.25, 27.25, 26.75, 27.0, 26.75, 26.5, 26.75, 26.5, 26.75, 27.25, 27.0, 27.0, 27.0, 27.0, 27.5, 27.0, 27.0, 27.0, 26.75, 26.5, 27.5, 26.75, 27.25, 27.0, 27.0, 26.75, 27.0, 27.0, 27.0, 26.75, 28.0, 27.5, 27.5, 26.75, 27.0, 27.5, 26.25, 26.5, 27.25, 27.25, 26.75, 27.5, 26.75, 27.5, 26.75, 26.5, 26.75, 27.0, 27.0, 26.75, 27.0, 27.25, 27.0, 26.75, 26.5, 26.25, 26.75, 27.25, 27.5, 27.5]",0,0,0
435,2025-05-27T19:38:23.642214,28.400000000000002,"[27.0, 27.25, 26.75, 27.75, 27.25, 27.25, 26.75, 27.0, 26.75, 26.5, 26.75, 26.5, 26.75, 27.25, 27.0, 27.0, 27.0, 27.0, 27.5, 27.0, 27.0, 27.0, 26.75, 26.5, 27.5, 26.75, 27.25, 27.0, 27.0, 26.75, 27.0, 27.0, 27.0, 26.75, 28.0, 27.5, 27.5, 26.75, 27.0, 27.5, 26.25, 26.5, 27.25, 27.25, 26.75, 27.5, 26.75, 27.5, 26.75, 26.5, 26.75, 27.0, 27.0, 26.75, 27.0, 27.25, 27.0, 26.75, 26.5, 26.25, 26.75, 27.25, 27.5, 27.5]",0,0,0
436,2025-05-27T19:38:23.771693,28.400000000000002,"[26.5, 26.5, 26.75, 27.0, 26.75, 27.25, 26.75, 27.0, 26.75, 27.0, 27.0, 26.75, 26.75, 26.75, 26.75, 27.0, 27.0, 27.0, 26.75, 27.0, 26.75, 26.75, 26.5, 27.0, 27.0, 26.5, 27.25, 26.5, 26.75, 26.75, 27.0, 27.0, 26.75, 26.75, 27.5, 27.0, 26.75, 26.5, 27.0, 27.0, 26.25, 26.5, 27.25, 27.0, 26.75, 27.5, 27.0, 27.5, 26.25, 26.75, 26.5, 27.0, 27.0, 27.5, 27.5, 26.75, 26.5, 26.25, 26.25, 26.25, 26.75, 26.5, 27.25, 26.5]",0,0,0
437,2025-05-27T19:38:23.894401,28.400000000000002,"[26.5, 26.5, 26.75, 27.0, 26.75, 27.25, 26.75, 27.0, 26.75, 27.0, 27.0, 26.75, 26.75, 26.75, 26.75, 27.0, 27.0, 27.0, 26.75, 27.0, 26.75, 26.75, 26.5, 27.0, 27.0, 26.5, 27.25, 26.5, 26.75, 26.75, 27.0, 27.0, 26.75, 26.75, 27.5, 27.0, 26.75, 26.5, 27.0, 27.0, 26.25, 26.5, 27.25, 27.0, 26.75, 27.5, 27.0, 27.5, 26.25, 26.75, 26.5, 27.0, 27.0, 27.5, 27.5, 26.75, 26.5, 26.25, 26.25, 26.25, 26.75, 26.5, 27.25, 26.5]",0,0,0
438,2025-05-27T19:38:24.020607,28.400000000000002,"[26.75, 27.0, 26.5, 27.0, 26.75, 26.75, 26.75, 27.0, 27.25, 26.75, 27.0, 27.0, 26.75, 26.75, 27.0, 26.75, 26.75, 27.0, 27.25, 26.75, 27.25, 27.25, 26.5, 27.0, 27.0, 26.75, 26.5, 27.0, 26.75, 27.25, 26.75, 27.0, 26.5, 27.25, 28.0, 27.25, 27.0, 26.75, 27.0, 27.25, 26.0, 26.25, 27.0, 26.75, 27.0, 27.75, 27.0, 27.0, 26.75, 26.5, 26.75, 26.75, 27.25, 27.25, 27.25, 27.25, 27.0, 26.5, 26.0, 26.5, 26.75, 27.0, 27.0, 27.0]",0,0,0
439,2025-05-27T19:38:24.146085,28.400000000000002,"[26.75, 27.0, 26.5, 27.0, 26.75, 26.75, 26.75, 27.0, 27.25, 26.75, 27.0, 27.0, 26.75, 26.75, 27.0, 26.75, 26.75, 27.0, 27.25, 26.75, 27.25, 27.25, 26.5, 27.0, 27.0, 26.75, 26.5, 27.0, 26.75, 27.25, 26.75, 27.0, 26.5, 27.25, 28.0, 27.25, 27.0, 26.75, 27.0, 27.25, 26.0, 26.25, 27.0, 26.75, 27.0, 27.75, 27.0, 27.0, 26.75, 26.5, 26.75, 26.75, 27.25, 27.25, 27.25, 27.25, 27.0, 26.5, 26.0, 26.5, 26.75, 27.0, 27.0, 27.0]",0,0,0
440,2025-05-27T19:38:24.283626,28.400000000000002,"[26.25, 26.75, 27.0, 27.25, 26.5, 27.0, 26.25, 27.25, 26.75, 26.25, 27.0, 26.5, 26.75, 26.5, 26.75, 27.0, 26.5, 27.0, 27.0, 27.0, 27.25, 26.75, 26.75, 26.75, 26.5, 26.75, 27.0, 26.5, 26.75, 26.5, 26.75, 27.0, 27.25, 26.75, 27.75, 26.75, 27.0, 27.0, 26.5, 27.25, 26.0, 26.75, 26.5, 27.0, 26.5, 27.25, 26.75, 27.25, 26.5, 26.5, 26.25, 27.0, 27.25, 27.0, 27.0, 27.0, 26.5, 26.25, 26.75, 26.25, 26.5, 27.0, 27.25, 27.5]",0,0,0
441,2025-05-27T19:38:24.406620,28.400000000000002,"[26.25, 26.75, 27.0, 27.25, 26.5, 27.0, 26.25, 27.25, 26.75, 26.25, 27.0, 26.5, 26.75, 26.5, 26.75, 27.0, 26.5, 27.0, 27.0, 27.0, 27.25, 26.75, 26.75, 26.75, 26.5, 26.75, 27.0, 26.5, 26.75, 26.5, 26.75, 27.0, 27.25, 26.75, 27.75, 26.75, 27.0, 27.0, 26.5, 27.25, 26.0, 26.75, 26.5, 27.0, 26.5, 27.25, 26.75, 27.25, 26.5, 26.5, 26.25, 27.0, 27.25, 27.0, 27.0, 27.0, 26.5, 26.25, 26.75, 26.25, 26.5, 27.0, 27.25, 27.5]",0,0,0
442,2025-05-27T19:38:24.526253,28.400000000000002,"[26.75, 27.0, 26.5, 27.25, 27.0, 26.75, 26.5, 27.25, 27.0, 26.5, 27.25, 26.75, 27.0, 26.5, 26.75, 26.75, 27.0, 26.5, 27.25, 27.5, 27.25, 27.0, 26.5, 26.75, 26.5, 26.75, 27.0, 27.0, 26.75, 27.0, 26.5, 26.75, 27.0, 27.25, 27.75, 27.0, 27.5, 27.0, 27.0, 27.75, 26.5, 26.25, 27.25, 27.25, 26.75, 27.25, 27.0, 27.25, 26.75, 26.25, 26.25, 27.25, 27.25, 27.75, 27.0, 27.0, 26.5, 26.75, 26.5, 27.0, 26.75, 27.0, 27.5, 27.75]",0,0,0
443,2025-05-27T19:38:24.658749,28.400000000000002,"[26.75, 27.0, 26.5, 27.25, 27.0, 26.75, 26.5, 27.25, 27.0, 26.5, 27.25, 26.75, 27.0, 26.5, 26.75, 26.75, 27.0, 26.5, 27.25, 27.5, 27.25, 27.0, 26.5, 26.75, 26.5, 26.75, 27.0, 27.0, 26.75, 27.0, 26.5, 26.75, 27.0, 27.25, 27.75, 27.0, 27.5, 27.0, 27.0, 27.75, 26.5, 26.25, 27.25, 27.25, 26.75, 27.25, 27.0, 27.25, 26.75, 26.25, 26.25, 27.25, 27.25, 27.75, 27.0, 27.0, 26.5, 26.75, 26.5, 27.0, 26.75, 27.0, 27.5, 27.75]",0,0,0
444,2025-05-27T19:38:24.789418,28.400000000000002,"[26.0, 27.0, 26.25, 27.0, 26.75, 26.75, 26.25, 27.25, 26.75, 26.75, 27.0, 26.5, 26.75, 26.75, 26.5, 26.75, 26.75, 27.25, 27.0, 27.0, 26.5, 26.75, 26.5, 26.75, 27.25, 26.5, 27.0, 26.75, 27.0, 26.5, 27.0, 26.5, 26.75, 27.0, 27.5, 27.25, 27.0, 26.75, 27.25, 27.0, 26.5, 26.25, 26.5, 27.0, 26.75, 27.25, 27.25, 27.0, 26.25, 26.25, 26.5, 27.0, 26.75, 26.75, 27.25, 27.0, 26.5, 26.5, 25.75, 26.25, 27.0, 27.0, 27.25, 26.75]",0,0,0
445,2025-05-27T19:38:24.919990,28.400000000000002,"[26.0, 27.0, 26.25, 27.0, 26.75, 26.75, 26.25, 27.25, 26.75, 26.75, 27.0, 26.5, 26.75, 26.75, 26.5, 26.75, 26.75, 27.25, 27.0, 27.0, 26.5, 26.75, 26.5, 26.75, 27.25, 26.5, 27.0, 26.75, 27.0, 26.5, 27.0, 26.5, 26.75, 27.0, 27.5, 27.25, 27.0, 26.75, 27.25, 27.0, 26.5, 26.25, 26.5, 27.0, 26.75, 27.25, 27.25, 27.0, 26.25, 26.25, 26.5, 27.0, 26.75, 26.75, 27.25, 27.0, 26.5, 26.5, 25.75, 26.25, 27.0, 27.0, 27.25, 26.75]",0,0,0
446,2025-05-27T19:38:25.043032,28.400000000000002,"[27.0, 27.25, 26.5, 27.25, 27.0, 26.5, 26.5, 27.5, 27.0, 27.25, 27.0, 27.0, 26.5, 26.75, 26.75, 27.25, 27.0, 27.0, 26.75, 27.25, 26.75, 27.0, 26.5, 27.0, 27.5, 26.5, 27.0, 26.75, 26.5, 26.75, 26.75, 26.75, 26.5, 27.0, 27.5, 27.0, 27.0, 26.75, 27.0, 27.5, 26.25, 26.75, 27.25, 27.25, 27.0, 27.5, 27.0, 27.25, 26.75, 26.5, 27.0, 27.25, 27.0, 27.5, 27.5, 27.75, 26.5, 26.75, 26.5, 26.75, 26.5, 26.5, 27.25, 26.75]",0,0,0
447,2025-05-27T19:38:25.168337,28.400000000000002,"[27.0, 27.25, 26.5, 27.25, 27.0, 26.5, 26.5, 27.5, 27.0, 27.25, 27.0, 27.0, 26.5, 26.75, 26.75, 27.25, 27.0, 27.0, 26.75, 27.25, 26.75, 27.0, 26.5, 27.0, 27.5, 26.5, 27.0, 26.75, 26.5, 26.75, 26.75, 26.75, 26.5, 27.0, 27.5, 27.0, 27.0, 26.75, 27.0, 27.5, 26.25, 26.75, 27.25, 27.25, 27.0, 27.5, 27.0, 27.25, 26.75, 26.5, 27.0, 27.25, 27.0, 27.5, 27.5, 27.75, 26.5, 26.75, 26.5, 26.75, 26.5, 26.5, 27.25, 26.75]",0,0,0
448,2025-05-27T19:38:25.291263,28.400000000000002,"[26.5, 26.75, 26.0, 26.75, 26.5, 26.25, 26.5, 26.75, 26.75, 26.5, 26.75, 26.5, 26.75, 26.5, 26.25, 26.25, 26.5, 26.5, 27.0, 27.0, 26.75, 26.75, 26.5, 27.0, 27.0, 26.5, 27.0, 26.75, 26.75, 26.75, 26.5, 26.5, 27.0, 27.0, 27.5, 26.75, 27.0, 26.75, 27.0, 27.25, 26.0, 26.5, 26.75, 27.0, 27.0, 27.25, 26.75, 27.0, 26.25, 26.25, 27.0, 26.75, 27.25, 27.0, 27.0, 27.0, 26.5, 26.5, 25.75, 26.5, 27.0, 26.5, 26.75, 26.75]",0,0,0
449,2025-05-27T19:38:25.416428,28.400000000000002,"[26.5, 26.75, 26.0, 26.75, 26.5, 26.25, 26.5, 26.75, 26.75, 26.5, 26.75, 26.5, 26.75, 26.5, 26.25, 26.25, 26.5, 26.5, 27.0, 27.0, 26.75, 26.75, 26.5, 27.0, 27.0, 26.5, 27.0, 26.75, 26.75, 26.75, 26.5, 26.5, 27.0, 27.0, 27.5, 26.75, 27.0, 26.75, 27.0, 27.25, 26.0, 26.5, 26.75, 27.0, 27.0, 27.25, 26.75, 27.0, 26.25, 26.25, 27.0, 26.75, 27.25, 27.0, 27.0, 27.0, 26.5, 26.5, 25.75, 26.5, 27.0, 26.5, 26.75, 26.75]",0,0,0
450,2025-05-27T19:38:25.542307,28.400000000000002,"[26.5, 27.0, 26.5, 27.5, 27.0, 27.0, 26.5, 27.5, 26.75, 26.5, 26.75, 26.75, 26.75, 27.0, 27.0, 27.0, 27.0, 27.25, 26.75, 26.75, 27.0, 27.0, 26.5, 27.0, 27.0, 27.0, 27.0, 26.5, 26.75, 26.75, 27.0, 27.0, 27.0, 27.75, 28.0, 27.25, 27.25, 27.0, 27.0, 27.5, 26.25, 26.5, 27.0, 27.25, 26.75, 27.25, 27.0, 26.75, 27.0, 26.75, 26.5, 26.75, 27.0, 26.75, 27.5, 27.5, 26.75, 26.25, 26.25, 26.5, 26.75, 27.0, 27.0, 27.75]",0,0,0
451,2025-05-27T19:38:25.670704,28.400000000000002,"[26.5, 27.0, 26.5, 27.5, 27.0, 27.0, 26.5, 27.5, 26.75, 26.5, 26.75, 26.75, 26.75, 27.0, 27.0, 27.0, 27.0, 27.25, 26.75, 26.75, 27.0, 27.0, 26.5, 27.0, 27.0, 27.0, 27.0, 26.5, 26.75, 26.75, 27.0, 27.0, 27.0, 27.75, 28.0, 27.25, 27.25, 27.0, 27.0, 27.5, 26.25, 26.5, 27.0, 27.25, 26.75, 27.25, 27.0, 26.75, 27.0, 26.75, 26.5, 26.75, 27.0, 26.75, 27.5, 27.5, 26.75, 26.25, 26.25, 26.5, 26.75, 27.0, 27.0, 27.75]",0,0,0
452,2025-05-27T19:38:25.807121,28.400000000000002,"[26.5, 27.0, 26.5, 27.5, 27.0, 27.0, 26.5, 27.5, 26.75, 26.5, 26.75, 26.75, 26.75, 27.0, 27.0, 27.0, 27.0, 27.25, 26.75, 26.75, 27.0, 27.0, 26.5, 27.0, 27.0, 27.0, 27.0, 26.5, 26.75, 26.75, 27.0, 27.0, 27.0, 27.75, 28.0, 27.25, 27.25, 27.0, 27.0, 27.5, 26.25, 26.5, 27.0, 27.25, 26.75, 27.25, 27.0, 26.75, 27.0, 26.75, 26.5, 26.75, 27.0, 26.75, 27.5, 27.5, 26.75, 26.25, 26.25, 26.5, 26.75, 27.0, 27.0, 27.75]",0,0,0
453,2025-05-27T19:38:25.930496,28.400000000000002,"[26.5, 26.75, 26.75, 27.0, 26.75, 26.75, 26.5, 27.25, 26.75, 26.5, 26.75, 26.5, 26.75, 26.5, 26.75, 26.5, 27.25, 26.75, 27.0, 27.0, 26.75, 26.75, 27.0, 26.5, 27.0, 27.0, 27.0, 26.75, 26.75, 26.5, 27.25, 27.0, 27.25, 26.75, 27.75, 26.75, 27.25, 26.5, 27.25, 27.5, 26.25, 26.25, 26.75, 27.0, 26.5, 27.25, 26.25, 27.0, 26.25, 26.0, 26.5, 26.75, 27.25, 27.0, 27.25, 27.5, 26.5, 26.0, 26.5, 26.25, 26.25, 26.5, 26.25, 27.0]",0,0,0
454,2025-05-27T19:38:26.047132,28.400000000000002,"[26.5, 26.75, 26.75, 27.0, 26.75, 26.75, 26.5, 27.25, 26.75, 26.5, 26.75, 26.5, 26.75, 26.5, 26.75, 26.5, 27.25, 26.75, 27.0, 27.0, 26.75, 26.75, 27.0, 26.5, 27.0, 27.0, 27.0, 26.75, 26.75, 26.5, 27.25, 27.0, 27.25, 26.75, 27.75, 26.75, 27.25, 26.5, 27.25, 27.5, 26.25, 26.25, 26.75, 27.0, 26.5, 27.25, 26.25, 27.0, 26.25, 26.0, 26.5, 26.75, 27.25, 27.0, 27.25, 27.5, 26.5, 26.0, 26.5, 26.25, 26.25, 26.5, 26.25, 27.0]",0,0,0
455,2025-05-27T19:38:26.177472,28.400000000000002,"[27.25, 27.0, 26.75, 27.0, 27.25, 27.0, 26.5, 27.25, 26.5, 26.5, 27.0, 27.0, 26.75, 26.75, 26.5, 26.75, 27.0, 27.0, 27.25, 27.0, 27.0, 26.75, 27.0, 26.75, 27.0, 27.25, 27.0, 27.25, 26.75, 27.25, 27.0, 27.0, 26.5, 27.0, 27.75, 26.5, 27.0, 26.5, 27.0, 27.25, 26.5, 26.5, 27.0, 27.5, 26.75, 27.25, 27.0, 27.25, 26.5, 26.25, 26.75, 27.25, 27.5, 27.0, 27.25, 27.0, 27.25, 26.75, 26.25, 26.5, 26.5, 26.75, 27.25, 27.0]",0,0,0
456,2025-05-27T19:38:26.299623,28.400000000000002,"[27.25, 27.0, 26.75, 27.0, 27.25, 27.0, 26.5, 27.25, 26.5, 26.5, 27.0, 27.0, 26.75, 26.75, 26.5, 26.75, 27.0, 27.0, 27.25, 27.0, 27.0, 26.75, 27.0, 26.75, 27.0, 27.25, 27.0, 27.25, 26.75, 27.25, 27.0, 27.0, 26.5, 27.0, 27.75, 26.5, 27.0, 26.5, 27.0, 27.25, 26.5, 26.5, 27.0, 27.5, 26.75, 27.25, 27.0, 27.25, 26.5, 26.25, 26.75, 27.25, 27.5, 27.0, 27.25, 27.0, 27.25, 26.75, 26.25, 26.5, 26.5, 26.75, 27.25, 27.0]",0,0,0
457,2025-05-27T19:38:26.428822,28.400000000000002,"[26.5, 26.75, 26.5, 26.75, 27.0, 27.0, 26.75, 26.5, 27.25, 27.0, 27.25, 26.75, 27.0, 26.75, 27.0, 26.75, 26.75, 27.0, 27.0, 27.25, 27.0, 27.0, 26.75, 27.0, 27.0, 26.75, 26.75, 27.0, 26.75, 26.5, 26.75, 26.75, 26.5, 27.25, 27.75, 27.0, 27.25, 26.5, 26.75, 27.0, 26.25, 26.5, 27.0, 26.75, 26.5, 27.0, 26.75, 26.75, 26.5, 26.25, 26.25, 26.75, 27.25, 27.25, 27.5, 27.5, 26.0, 26.5, 26.25, 26.5, 26.75, 27.0, 27.0, 27.75]",0,0,0
458,2025-05-27T19:38:26.562463,28.400000000000002,"[26.5, 26.75, 26.5, 26.75, 27.0, 27.0, 26.75, 26.5, 27.25, 27.0, 27.25, 26.75, 27.0, 26.75, 27.0, 26.75, 26.75, 27.0, 27.0, 27.25, 27.0, 27.0, 26.75, 27.0, 27.0, 26.75, 26.75, 27.0, 26.75, 26.5, 26.75, 26.75, 26.5, 27.25, 27.75, 27.0, 27.25, 26.5, 26.75, 27.0, 26.25, 26.5, 27.0, 26.75, 26.5, 27.0, 26.75, 26.75, 26.5, 26.25, 26.25, 26.75, 27.25, 27.25, 27.5, 27.5, 26.0, 26.5, 26.25, 26.5, 26.75, 27.0, 27.0, 27.75]",0,0,0
459,2025-05-27T19:38:26.691853,28.400000000000002,"[26.75, 26.75, 26.5, 27.0, 26.75, 26.75, 26.75, 26.75, 27.0, 26.75, 27.0, 27.25, 26.75, 27.25, 27.0, 27.25, 27.0, 26.75, 27.25, 27.0, 27.25, 27.25, 27.0, 27.0, 27.0, 27.0, 27.25, 27.0, 26.75, 27.25, 26.75, 27.25, 26.5, 27.25, 28.0, 27.25, 27.25, 27.0, 27.25, 27.5, 26.5, 26.75, 27.5, 27.0, 27.25, 27.0, 27.0, 27.25, 27.0, 26.5, 26.5, 27.0, 27.25, 27.25, 27.25, 27.25, 26.75, 26.5, 26.5, 26.75, 27.25, 27.0, 27.5, 27.25]",0,0,0
460,2025-05-27T19:38:26.815764,28.400000000000002,"[26.75, 26.75, 26.5, 27.0, 26.75, 26.75, 26.75, 26.75, 27.0, 26.75, 27.0, 27.25, 26.75, 27.25, 27.0, 27.25, 27.0, 26.75, 27.25, 27.0, 27.25, 27.25, 27.0, 27.0, 27.0, 27.0, 27.25, 27.0, 26.75, 27.25, 26.75, 27.25, 26.5, 27.25, 28.0, 27.25, 27.25, 27.0, 27.25, 27.5, 26.5, 26.75, 27.5, 27.0, 27.25, 27.0, 27.0, 27.25, 27.0, 26.5, 26.5, 27.0, 27.25, 27.25, 27.25, 27.25, 26.75, 26.5, 26.5, 26.75, 27.25, 27.0, 27.5, 27.25]",0,0,0
461,2025-05-27T19:38:26.936164,28.400000000000002,"[26.5, 27.25, 26.5, 27.25, 27.25, 26.5, 26.25, 27.0, 27.0, 26.75, 26.75, 27.0, 27.0, 26.75, 27.0, 26.75, 26.5, 26.75, 27.0, 27.0, 26.75, 27.0, 26.5, 26.0, 27.0, 26.5, 27.0, 27.0, 26.75, 27.0, 26.25, 27.0, 27.0, 26.75, 27.75, 27.0, 27.25, 26.75, 27.0, 27.25, 26.0, 26.5, 27.0, 26.75, 27.0, 27.0, 26.75, 27.0, 26.25, 26.25, 26.25, 26.75, 27.0, 27.0, 26.75, 27.25, 26.5, 26.5, 26.25, 26.0, 26.5, 27.0, 26.75, 27.75]",0,0,0
462,2025-05-27T19:38:27.063463,28.400000000000002,"[26.5, 27.25, 26.5, 27.25, 27.25, 26.5, 26.25, 27.0, 27.0, 26.75, 26.75, 27.0, 27.0, 26.75, 27.0, 26.75, 26.5, 26.75, 27.0, 27.0, 26.75, 27.0, 26.5, 26.0, 27.0, 26.5, 27.0, 27.0, 26.75, 27.0, 26.25, 27.0, 27.0, 26.75, 27.75, 27.0, 27.25, 26.75, 27.0, 27.25, 26.0, 26.5, 27.0, 26.75, 27.0, 27.0, 26.75, 27.0, 26.25, 26.25, 26.25, 26.75, 27.0, 27.0, 26.75, 27.25, 26.5, 26.5, 26.25, 26.0, 26.5, 27.0, 26.75, 27.75]",0,0,0
463,2025-05-27T19:38:27.191305,28.400000000000002,"[26.75, 27.0, 27.0, 27.25, 26.75, 26.5, 26.75, 27.25, 27.0, 26.75, 26.75, 27.0, 27.0, 27.25, 27.25, 27.25, 27.25, 27.0, 27.25, 27.5, 27.25, 27.0, 27.0, 27.25, 27.25, 27.0, 27.5, 26.75, 27.25, 26.75, 27.25, 26.75, 27.0, 27.25, 28.0, 27.0, 27.25, 27.0, 27.25, 27.5, 26.25, 27.0, 27.0, 27.25, 27.5, 27.5, 27.0, 27.25, 27.0, 26.5, 26.75, 26.75, 27.25, 27.5, 27.25, 27.5, 26.5, 26.75, 26.0, 26.75, 26.75, 26.75, 27.75, 27.25]",0,0,0
464,2025-05-27T19:38:27.324166,28.400000000000002,"[26.75, 27.0, 27.0, 27.25, 26.75, 26.5, 26.75, 27.25, 27.0, 26.75, 26.75, 27.0, 27.0, 27.25, 27.25, 27.25, 27.25, 27.0, 27.25, 27.5, 27.25, 27.0, 27.0, 27.25, 27.25, 27.0, 27.5, 26.75, 27.25, 26.75, 27.25, 26.75, 27.0, 27.25, 28.0, 27.0, 27.25, 27.0, 27.25, 27.5, 26.25, 27.0, 27.0, 27.25, 27.5, 27.5, 27.0, 27.25, 27.0, 26.5, 26.75, 26.75, 27.25, 27.5, 27.25, 27.5, 26.5, 26.75, 26.0, 26.75, 26.75, 26.75, 27.75, 27.25]",0,0,0
465,2025-05-27T19:38:27.452259,28.400000000000002,"[27.0, 26.75, 26.5, 27.0, 26.75, 26.5, 26.5, 27.25, 27.25, 26.75, 26.75, 27.25, 26.75, 26.75, 26.75, 27.0, 26.75, 27.0, 27.0, 27.25, 27.0, 27.25, 27.0, 27.0, 27.0, 26.75, 27.25, 26.75, 26.75, 26.75, 27.0, 27.0, 26.5, 27.0, 27.5, 27.0, 27.0, 26.5, 27.25, 27.25, 26.25, 27.0, 27.25, 27.25, 26.5, 27.0, 26.5, 27.25, 26.5, 26.75, 26.5, 27.25, 27.25, 27.25, 27.25, 27.0, 26.5, 26.5, 26.5, 26.25, 26.75, 27.0, 27.0, 26.75]",0,0,0
466,2025-05-27T19:38:27.572462,28.400000000000002,"[27.0, 26.75, 26.5, 27.0, 26.75, 26.5, 26.5, 27.25, 27.25, 26.75, 26.75, 27.25, 26.75, 26.75, 26.75, 27.0, 26.75, 27.0, 27.0, 27.25, 27.0, 27.25, 27.0, 27.0, 27.0, 26.75, 27.25, 26.75, 26.75, 26.75, 27.0, 27.0, 26.5, 27.0, 27.5, 27.0, 27.0, 26.5, 27.25, 27.25, 26.25, 27.0, 27.25, 27.25, 26.5, 27.0, 26.5, 27.25, 26.5, 26.75, 26.5, 27.25, 27.25, 27.25, 27.25, 27.0, 26.5, 26.5, 26.5, 26.25, 26.75, 27.0, 27.0, 26.75]",0,0,0
467,2025-05-27T19:38:27.699292,28.400000000000002,"[26.75, 27.0, 26.75, 26.75, 27.0, 26.75, 27.0, 27.5, 27.25, 26.75, 27.0, 26.75, 26.75, 26.75, 27.0, 27.25, 27.0, 27.0, 27.5, 27.0, 27.0, 27.0, 26.75, 27.0, 27.25, 27.25, 27.25, 27.0, 27.25, 27.0, 26.75, 27.0, 26.75, 27.25, 27.75, 27.0, 27.25, 27.25, 27.25, 27.75, 26.25, 26.25, 27.25, 27.25, 26.5, 27.5, 27.25, 27.25, 27.0, 26.75, 26.75, 27.0, 27.5, 27.25, 27.25, 27.0, 26.75, 26.75, 26.5, 26.75, 26.5, 27.0, 27.5, 27.25]",0,0,0
468,2025-05-27T19:38:27.816493,28.400000000000002,"[26.75, 27.0, 26.75, 26.75, 27.0, 26.75, 27.0, 27.5, 27.25, 26.75, 27.0, 26.75, 26.75, 26.75, 27.0, 27.25, 27.0, 27.0, 27.5, 27.0, 27.0, 27.0, 26.75, 27.0, 27.25, 27.25, 27.25, 27.0, 27.25, 27.0, 26.75, 27.0, 26.75, 27.25, 27.75, 27.0, 27.25, 27.25, 27.25, 27.75, 26.25, 26.25, 27.25, 27.25, 26.5, 27.5, 27.25, 27.25, 27.0, 26.75, 26.75, 27.0, 27.5, 27.25, 27.25, 27.0, 26.75, 26.75, 26.5, 26.75, 26.5, 27.0, 27.5, 27.25]",0,0,0
469,2025-05-27T19:38:27.945225,28.400000000000002,"[26.25, 26.75, 26.25, 26.75, 26.75, 26.5, 26.5, 27.5, 26.75, 26.75, 26.75, 26.75, 26.75, 26.5, 27.0, 27.25, 26.75, 26.75, 27.0, 27.25, 27.25, 27.0, 26.75, 26.75, 27.0, 26.75, 27.0, 26.5, 26.75, 27.0, 27.0, 27.0, 27.0, 27.0, 27.75, 26.75, 27.25, 26.75, 27.0, 27.0, 26.0, 26.25, 27.25, 27.0, 27.0, 27.5, 26.75, 27.25, 26.5, 26.5, 27.0, 26.75, 27.0, 27.5, 26.75, 27.25, 26.25, 27.0, 25.75, 26.5, 26.75, 27.25, 26.75, 27.5]",0,0,0
470,2025-05-27T19:38:28.070053,28.400000000000002,"[26.25, 26.75, 26.25, 26.75, 26.75, 26.5, 26.5, 27.5, 26.75, 26.75, 26.75, 26.75, 26.75, 26.5, 27.0, 27.25, 26.75, 26.75, 27.0, 27.25, 27.25, 27.0, 26.75, 26.75, 27.0, 26.75, 27.0, 26.5, 26.75, 27.0, 27.0, 27.0, 27.0, 27.0, 27.75, 26.75, 27.25, 26.75, 27.0, 27.0, 26.0, 26.25, 27.25, 27.0, 27.0, 27.5, 26.75, 27.25, 26.5, 26.5, 27.0, 26.75, 27.0, 27.5, 26.75, 27.25, 26.25, 27.0, 25.75, 26.5, 26.75, 27.25, 26.75, 27.5]",0,0,0
471,2025-05-27T19:38:28.197824,28.400000000000002,"[27.0, 27.25, 26.5, 27.25, 27.25, 27.25, 26.75, 27.25, 26.5, 26.75, 26.75, 26.75, 26.75, 26.5, 27.0, 26.75, 27.0, 27.5, 27.0, 27.0, 27.0, 26.75, 26.75, 26.75, 27.0, 27.0, 27.25, 26.5, 27.0, 27.0, 27.0, 27.0, 26.75, 27.25, 27.5, 27.25, 27.0, 26.75, 27.25, 27.0, 26.25, 26.75, 27.25, 27.0, 27.0, 27.25, 27.25, 27.0, 26.5, 26.75, 26.25, 27.0, 27.25, 27.25, 27.25, 27.25, 26.5, 26.75, 26.5, 26.25, 26.75, 26.5, 27.25, 27.25]",0,0,0
472,2025-05-27T19:38:28.321460,28.400000000000002,"[27.0, 27.25, 26.5, 27.25, 27.25, 27.25, 26.75, 27.25, 26.5, 26.75, 26.75, 26.75, 26.75, 26.5, 27.0, 26.75, 27.0, 27.5, 27.0, 27.0, 27.0, 26.75, 26.75, 26.75, 27.0, 27.0, 27.25, 26.5, 27.0, 27.0, 27.0, 27.0, 26.75, 27.25, 27.5, 27.25, 27.0, 26.75, 27.25, 27.0, 26.25, 26.75, 27.25, 27.0, 27.0, 27.25, 27.25, 27.0, 26.5, 26.75, 26.25, 27.0, 27.25, 27.25, 27.25, 27.25, 26.5, 26.75, 26.5, 26.25, 26.75, 26.5, 27.25, 27.25]",0,0,0
473,2025-05-27T19:38:28.442932,28.400000000000002,"[26.75, 26.75, 26.5, 27.0, 27.0, 26.75, 26.5, 26.75, 26.75, 27.0, 26.75, 26.75, 27.0, 26.75, 27.0, 26.75, 27.0, 26.75, 27.0, 27.25, 27.5, 26.75, 26.75, 26.75, 27.25, 26.75, 27.0, 26.75, 26.75, 26.75, 27.0, 26.5, 26.75, 27.25, 27.5, 27.0, 27.5, 27.0, 26.75, 27.0, 26.25, 27.0, 27.25, 27.0, 26.75, 27.0, 27.25, 27.5, 26.0, 26.5, 27.0, 26.75, 27.25, 27.0, 27.25, 27.5, 26.75, 26.75, 26.5, 26.5, 26.5, 26.5, 27.0, 27.0]",0,0,0
474,2025-05-27T19:38:28.567596,28.400000000000002,"[26.75, 26.75, 26.5, 27.0, 27.0, 26.75, 26.5, 26.75, 26.75, 27.0, 26.75, 26.75, 27.0, 26.75, 27.0, 26.75, 27.0, 26.75, 27.0, 27.25, 27.5, 26.75, 26.75, 26.75, 27.25, 26.75, 27.0, 26.75, 26.75, 26.75, 27.0, 26.5, 26.75, 27.25, 27.5, 27.0, 27.5, 27.0, 26.75, 27.0, 26.25, 27.0, 27.25, 27.0, 26.75, 27.0, 27.25, 27.5, 26.0, 26.5, 27.0, 26.75, 27.25, 27.0, 27.25, 27.5, 26.75, 26.75, 26.5, 26.5, 26.5, 26.5, 27.0, 27.0]",0,0,0
475,2025-05-27T19:38:28.692007,28.400000000000002,"[26.75, 26.75, 26.25, 27.0, 27.0, 27.25, 26.5, 27.5, 27.25, 26.75, 27.25, 26.75, 27.0, 27.0, 26.75, 27.0, 27.0, 27.0, 26.75, 27.5, 27.25, 27.25, 26.75, 27.25, 27.25, 27.0, 27.0, 26.75, 27.25, 26.75, 27.0, 27.25, 27.0, 27.25, 27.5, 27.0, 27.25, 26.75, 27.0, 27.5, 26.5, 27.0, 27.25, 27.0, 27.25, 27.5, 27.0, 27.5, 27.0, 26.5, 26.75, 27.0, 27.25, 27.25, 27.25, 27.75, 27.0, 27.0, 27.0, 26.75, 27.25, 26.5, 27.25, 28.0]",0,0,0
476,2025-05-27T19:38:28.819189,28.400000000000002,"[26.75, 26.75, 26.25, 27.0, 27.0, 27.25, 26.5, 27.5, 27.25, 26.75, 27.25, 26.75, 27.0, 27.0, 26.75, 27.0, 27.0, 27.0, 26.75, 27.5, 27.25, 27.25, 26.75, 27.25, 27.25, 27.0, 27.0, 26.75, 27.25, 26.75, 27.0, 27.25, 27.0, 27.25, 27.5, 27.0, 27.25, 26.75, 27.0, 27.5, 26.5, 27.0, 27.25, 27.0, 27.25, 27.5, 27.0, 27.5, 27.0, 26.5, 26.75, 27.0, 27.25, 27.25, 27.25, 27.75, 27.0, 27.0, 27.0, 26.75, 27.25, 26.5, 27.25, 28.0]",0,0,0
477,2025-05-27T19:38:28.947311,28.400000000000002,"[27.0, 26.25, 27.0, 27.25, 27.0, 27.25, 26.75, 27.25, 26.5, 26.75, 26.75, 26.75, 27.0, 27.0, 27.0, 27.0, 27.0, 27.0, 27.25, 27.5, 26.75, 26.75, 27.0, 27.0, 27.25, 26.75, 27.0, 26.5, 27.25, 26.75, 27.0, 27.25, 26.75, 27.25, 27.75, 27.0, 26.75, 27.25, 27.0, 27.25, 26.25, 26.5, 27.0, 27.0, 26.75, 27.25, 27.0, 26.75, 26.75, 26.75, 26.75, 27.0, 27.5, 27.25, 27.25, 27.5, 27.0, 26.75, 26.5, 26.75, 26.5, 27.0, 27.0, 27.25]",0,0,0
478,2025-05-27T19:38:29.084089,28.400000000000002,"[27.0, 26.25, 27.0, 27.25, 27.0, 27.25, 26.75, 27.25, 26.5, 26.75, 26.75, 26.75, 27.0, 27.0, 27.0, 27.0, 27.0, 27.0, 27.25, 27.5, 26.75, 26.75, 27.0, 27.0, 27.25, 26.75, 27.0, 26.5, 27.25, 26.75, 27.0, 27.25, 26.75, 27.25, 27.75, 27.0, 26.75, 27.25, 27.0, 27.25, 26.25, 26.5, 27.0, 27.0, 26.75, 27.25, 27.0, 26.75, 26.75, 26.75, 26.75, 27.0, 27.5, 27.25, 27.25, 27.5, 27.0, 26.75, 26.5, 26.75, 26.5, 27.0, 27.0, 27.25]",0,0,0
479,2025-05-27T19:38:29.208794,28.400000000000002,"[26.75, 27.0, 26.5, 27.25, 26.75, 27.0, 26.5, 27.25, 27.25, 27.0, 27.25, 26.5, 26.75, 27.0, 26.75, 26.75, 27.0, 27.0, 26.75, 27.0, 27.0, 27.0, 27.0, 27.5, 27.25, 26.75, 26.75, 27.0, 26.5, 26.5, 27.0, 27.0, 26.75, 27.25, 27.75, 27.0, 26.75, 27.0, 27.0, 27.25, 26.25, 26.75, 26.75, 27.0, 26.75, 27.25, 27.0, 27.5, 26.5, 26.5, 26.75, 26.75, 27.25, 27.0, 27.25, 27.0, 26.75, 26.25, 26.75, 27.0, 27.0, 26.75, 27.5, 27.0]",0,0,0
480,2025-05-27T19:38:29.330411,28.400000000000002,"[26.75, 27.0, 26.5, 27.25, 26.75, 27.0, 26.5, 27.25, 27.25, 27.0, 27.25, 26.5, 26.75, 27.0, 26.75, 26.75, 27.0, 27.0, 26.75, 27.0, 27.0, 27.0, 27.0, 27.5, 27.25, 26.75, 26.75, 27.0, 26.5, 26.5, 27.0, 27.0, 26.75, 27.25, 27.75, 27.0, 26.75, 27.0, 27.0, 27.25, 26.25, 26.75, 26.75, 27.0, 26.75, 27.25, 27.0, 27.5, 26.5, 26.5, 26.75, 26.75, 27.25, 27.0, 27.25, 27.0, 26.75, 26.25, 26.75, 27.0, 27.0, 26.75, 27.5, 27.0]",0,0,0
481,2025-05-27T19:38:29.453120,28.400000000000002,"[26.75, 26.75, 26.75, 27.25, 27.0, 26.75, 26.5, 26.75, 26.75, 26.5, 27.0, 27.0, 27.0, 26.75, 27.0, 27.0, 27.5, 27.0, 27.0, 27.0, 27.75, 27.0, 26.5, 26.5, 27.0, 26.75, 27.25, 26.75, 26.75, 27.0, 26.75, 27.0, 26.75, 27.5, 27.75, 27.0, 27.5, 27.0, 27.0, 27.0, 26.5, 26.75, 27.0, 26.75, 26.75, 27.5, 27.0, 27.0, 26.5, 26.75, 26.75, 27.0, 27.25, 27.25, 27.25, 27.75, 26.75, 26.75, 26.75, 26.25, 26.75, 26.75, 27.0, 27.75]",0,0,0
482,2025-05-27T19:38:29.582175,28.400000000000002,"[26.75, 26.75, 26.75, 27.25, 27.0, 26.75, 26.5, 26.75, 26.75, 26.5, 27.0, 27.0, 27.0, 26.75, 27.0, 27.0, 27.5, 27.0, 27.0, 27.0, 27.75, 27.0, 26.5, 26.5, 27.0, 26.75, 27.25, 26.75, 26.75, 27.0, 26.75, 27.0, 26.75, 27.5, 27.75, 27.0, 27.5, 27.0, 27.0, 27.0, 26.5, 26.75, 27.0, 26.75, 26.75, 27.5, 27.0, 27.0, 26.5, 26.75, 26.75, 27.0, 27.25, 27.25, 27.25, 27.75, 26.75, 26.75, 26.75, 26.25, 26.75, 26.75, 27.0, 27.75]",0,0,0
483,2025-05-27T19:38:29.699032,28.400000000000002,"[26.75, 26.75, 26.25, 27.25, 26.75, 26.75, 26.5, 27.25, 27.25, 26.75, 26.5, 26.75, 27.0, 26.75, 27.0, 27.25, 26.5, 27.0, 27.0, 27.25, 27.25, 26.75, 26.75, 27.0, 27.0, 26.75, 27.0, 26.75, 26.5, 27.0, 26.5, 27.0, 26.75, 27.0, 27.5, 27.0, 27.0, 26.75, 27.0, 27.5, 26.5, 26.75, 26.75, 26.75, 27.0, 27.0, 27.0, 27.25, 26.75, 26.75, 26.75, 27.25, 27.25, 27.25, 27.0, 27.75, 27.0, 26.75, 26.25, 26.5, 26.75, 27.25, 26.75, 27.0]",0,0,0
484,2025-05-27T19:38:29.830490,28.400000000000002,"[26.75, 26.75, 26.25, 27.25, 26.75, 26.75, 26.5, 27.25, 27.25, 26.75, 26.5, 26.75, 27.0, 26.75, 27.0, 27.25, 26.5, 27.0, 27.0, 27.25, 27.25, 26.75, 26.75, 27.0, 27.0, 26.75, 27.0, 26.75, 26.5, 27.0, 26.5, 27.0, 26.75, 27.0, 27.5, 27.0, 27.0, 26.75, 27.0, 27.5, 26.5, 26.75, 26.75, 26.75, 27.0, 27.0, 27.0, 27.25, 26.75, 26.75, 26.75, 27.25, 27.25, 27.25, 27.0, 27.75, 27.0, 26.75, 26.25, 26.5, 26.75, 27.25, 26.75, 27.0]",0,0,0
485,2025-05-27T19:38:29.951261,28.400000000000002,"[26.5, 27.0, 26.5, 27.0, 27.0, 27.0, 26.5, 27.25, 26.75, 26.25, 26.75, 27.25, 26.75, 26.5, 26.75, 26.75, 26.75, 26.75, 27.0, 27.0, 27.0, 26.75, 26.5, 26.5, 27.0, 26.75, 26.75, 26.75, 27.25, 26.5, 27.0, 27.0, 26.75, 27.0, 27.5, 27.25, 27.0, 26.75, 26.5, 27.25, 26.0, 26.5, 26.5, 27.25, 27.0, 27.0, 27.0, 27.5, 26.25, 26.0, 26.5, 26.75, 27.25, 27.25, 27.25, 27.0, 26.75, 26.5, 26.5, 26.25, 26.75, 26.75, 27.0, 27.0]",0,0,0
486,2025-05-27T19:38:30.074990,28.400000000000002,"[26.5, 27.0, 26.5, 27.0, 27.0, 27.0, 26.5, 27.25, 26.75, 26.25, 26.75, 27.25, 26.75, 26.5, 26.75, 26.75, 26.75, 26.75, 27.0, 27.0, 27.0, 26.75, 26.5, 26.5, 27.0, 26.75, 26.75, 26.75, 27.25, 26.5, 27.0, 27.0, 26.75, 27.0, 27.5, 27.25, 27.0, 26.75, 26.5, 27.25, 26.0, 26.5, 26.5, 27.25, 27.0, 27.0, 27.0, 27.5, 26.25, 26.0, 26.5, 26.75, 27.25, 27.25, 27.25, 27.0, 26.75, 26.5, 26.5, 26.25, 26.75, 26.75, 27.0, 27.0]",0,0,0
487,2025-05-27T19:38:30.202217,28.400000000000002,"[26.5, 26.75, 26.5, 27.0, 26.75, 26.75, 27.0, 27.5, 27.0, 26.5, 27.25, 26.75, 26.75, 26.75, 26.75, 27.25, 27.0, 26.75, 27.0, 27.0, 27.25, 26.75, 27.25, 27.25, 27.0, 27.0, 26.75, 27.0, 26.75, 26.75, 27.0, 27.0, 27.0, 26.75, 27.75, 27.25, 27.0, 27.0, 27.0, 27.5, 26.25, 26.0, 27.0, 26.75, 26.75, 27.25, 27.25, 26.75, 26.75, 26.25, 26.75, 26.5, 27.5, 27.25, 27.5, 27.25, 26.75, 26.75, 26.25, 26.75, 26.75, 26.75, 27.0, 27.0]",0,0,0
488,2025-05-27T19:38:30.321366,28.400000000000002,"[26.5, 26.75, 26.5, 27.0, 26.75, 26.75, 27.0, 27.5, 27.0, 26.5, 27.25, 26.75, 26.75, 26.75, 26.75, 27.25, 27.0, 26.75, 27.0, 27.0, 27.25, 26.75, 27.25, 27.25, 27.0, 27.0, 26.75, 27.0, 26.75, 26.75, 27.0, 27.0, 27.0, 26.75, 27.75, 27.25, 27.0, 27.0, 27.0, 27.5, 26.25, 26.0, 27.0, 26.75, 26.75, 27.25, 27.25, 26.75, 26.75, 26.25, 26.75, 26.5, 27.5, 27.25, 27.5, 27.25, 26.75, 26.75, 26.25, 26.75, 26.75, 26.75, 27.0, 27.0]",0,0,0
489,2025-05-27T19:38:30.451581,28.400000000000002,"[27.0, 27.25, 26.5, 27.0, 27.0, 27.0, 26.75, 27.0, 27.0, 26.5, 26.75, 26.75, 27.25, 27.0, 26.75, 26.75, 26.75, 26.75, 26.75, 27.25, 26.75, 26.5, 26.5, 27.0, 26.5, 26.5, 26.75, 26.5, 26.75, 27.0, 26.75, 26.75, 26.75, 27.0, 27.25, 27.0, 27.25, 27.0, 26.75, 27.0, 26.25, 26.75, 27.0, 27.0, 27.0, 27.25, 26.5, 27.5, 27.0, 26.25, 26.5, 26.75, 27.25, 27.25, 27.0, 27.25, 26.75, 27.0, 26.5, 26.25, 26.75, 26.5, 27.5, 27.75]",0,0,0
490,2025-05-27T19:38:30.579570,28.400000000000002,"[27.0, 27.25, 26.5, 27.0, 27.0, 27.0, 26.75, 27.0, 27.0, 26.5, 26.75, 26.75, 27.25, 27.0, 26.75, 26.75, 26.75, 26.75, 26.75, 27.25, 26.75, 26.5, 26.5, 27.0, 26.5, 26.5, 26.75, 26.5, 26.75, 27.0, 26.75, 26.75, 26.75, 27.0, 27.25, 27.0, 27.25, 27.0, 26.75, 27.0, 26.25, 26.75, 27.0, 27.0, 27.0, 27.25, 26.5, 27.5, 27.0, 26.25, 26.5, 26.75, 27.25, 27.25, 27.0, 27.25, 26.75, 27.0, 26.5, 26.25, 26.75, 26.5, 27.5, 27.75]",0,0,0
491,2025-05-27T19:38:30.698968,28.400000000000002,"[26.5, 27.0, 26.5, 27.25, 27.25, 26.75, 26.5, 27.25, 27.0, 26.5, 26.75, 26.75, 26.75, 27.0, 26.5, 26.75, 26.75, 27.0, 27.0, 27.0, 27.0, 27.0, 26.75, 26.75, 26.75, 26.75, 27.0, 26.5, 27.0, 26.75, 27.0, 27.25, 26.5, 27.25, 27.25, 27.25, 27.25, 27.0, 26.75, 27.0, 26.25, 26.75, 27.0, 27.0, 26.5, 27.0, 27.0, 27.25, 26.75, 26.25, 26.5, 27.0, 27.0, 27.0, 27.25, 27.5, 27.25, 26.75, 26.5, 26.75, 26.5, 27.0, 27.0, 28.0]",0,0,0
492,2025-05-27T19:38:30.826786,28.400000000000002,"[26.5, 27.0, 26.5, 27.25, 27.25, 26.75, 26.5, 27.25, 27.0, 26.5, 26.75, 26.75, 26.75, 27.0, 26.5, 26.75, 26.75, 27.0, 27.0, 27.0, 27.0, 27.0, 26.75, 26.75, 26.75, 26.75, 27.0, 26.5, 27.0, 26.75, 27.0, 27.25, 26.5, 27.25, 27.25, 27.25, 27.25, 27.0, 26.75, 27.0, 26.25, 26.75, 27.0, 27.0, 26.5, 27.0, 27.0, 27.25, 26.75, 26.25, 26.5, 27.0, 27.0, 27.0, 27.25, 27.5, 27.25, 26.75, 26.5, 26.75, 26.5, 27.0, 27.0, 28.0]",0,0,0
493,2025-05-27T19:38:30.946932,28.400000000000002,"[26.5, 27.0, 26.5, 27.25, 27.25, 26.75, 26.5, 27.25, 27.0, 26.5, 26.75, 26.75, 26.75, 27.0, 26.5, 26.75, 26.75, 27.0, 27.0, 27.0, 27.0, 27.0, 26.75, 26.75, 26.75, 26.75, 27.0, 26.5, 27.0, 26.75, 27.0, 27.25, 26.5, 27.25, 27.25, 27.25, 27.25, 27.0, 26.75, 27.0, 26.25, 26.75, 27.0, 27.0, 26.5, 27.0, 27.0, 27.25, 26.75, 26.25, 26.5, 27.0, 27.0, 27.0, 27.25, 27.5, 27.25, 26.75, 26.5, 26.75, 26.5, 27.0, 27.0, 28.0]",0,0,0
494,2025-05-27T19:38:31.073945,28.400000000000002,"[26.5, 27.0, 26.25, 27.0, 26.5, 27.0, 26.25, 26.75, 26.75, 27.0, 26.75, 27.0, 27.0, 26.75, 26.75, 27.25, 27.0, 27.0, 26.75, 27.25, 27.25, 26.5, 26.5, 27.25, 27.0, 26.5, 27.0, 26.5, 26.75, 26.75, 27.0, 26.5, 26.5, 26.75, 27.25, 26.75, 27.0, 27.0, 27.0, 27.5, 26.5, 26.5, 27.0, 26.75, 26.5, 27.25, 27.25, 27.25, 26.5, 26.25, 26.5, 27.25, 26.75, 27.25, 27.25, 27.25, 26.25, 26.25, 26.5, 26.25, 27.0, 26.75, 26.75, 26.5]",0,0,0
495,2025-05-27T19:38:31.195160,28.400000000000002,"[26.5, 27.0, 26.25, 27.0, 26.5, 27.0, 26.25, 26.75, 26.75, 27.0, 26.75, 27.0, 27.0, 26.75, 26.75, 27.25, 27.0, 27.0, 26.75, 27.25, 27.25, 26.5, 26.5, 27.25, 27.0, 26.5, 27.0, 26.5, 26.75, 26.75, 27.0, 26.5, 26.5, 26.75, 27.25, 26.75, 27.0, 27.0, 27.0, 27.5, 26.5, 26.5, 27.0, 26.75, 26.5, 27.25, 27.25, 27.25, 26.5, 26.25, 26.5, 27.25, 26.75, 27.25, 27.25, 27.25, 26.25, 26.25, 26.5, 26.25, 27.0, 26.75, 26.75, 26.5]",0,0,0
496,2025-05-27T19:38:31.320709,28.400000000000002,"[26.5, 26.75, 26.75, 27.0, 27.25, 27.0, 26.5, 27.25, 26.75, 26.5, 26.75, 26.5, 26.5, 27.25, 26.75, 26.5, 27.0, 26.75, 26.75, 27.25, 27.0, 26.75, 26.5, 27.0, 27.0, 27.0, 26.5, 26.5, 26.75, 26.75, 26.75, 27.25, 27.0, 27.0, 27.5, 26.75, 27.0, 27.0, 26.75, 27.25, 26.25, 26.5, 26.75, 27.0, 26.75, 27.25, 27.0, 26.75, 26.75, 26.25, 26.75, 27.25, 27.0, 27.25, 27.25, 27.25, 27.0, 26.25, 27.0, 26.5, 27.0, 27.0, 27.25, 27.5]",0,0,0
497,2025-05-27T19:38:31.442897,28.400000000000002,"[26.5, 26.75, 26.75, 27.0, 27.25, 27.0, 26.5, 27.25, 26.75, 26.5, 26.75, 26.5, 26.5, 27.25, 26.75, 26.5, 27.0, 26.75, 26.75, 27.25, 27.0, 26.75, 26.5, 27.0, 27.0, 27.0, 26.5, 26.5, 26.75, 26.75, 26.75, 27.25, 27.0, 27.0, 27.5, 26.75, 27.0, 27.0, 26.75, 27.25, 26.25, 26.5, 26.75, 27.0, 26.75, 27.25, 27.0, 26.75, 26.75, 26.25, 26.75, 27.25, 27.0, 27.25, 27.25, 27.25, 27.0, 26.25, 27.0, 26.5, 27.0, 27.0, 27.25, 27.5]",0,0,0
498,2025-05-27T19:38:31.574482,28.400000000000002,"[26.5, 26.75, 26.5, 27.0, 27.25, 26.75, 26.5, 27.0, 27.25, 26.5, 27.0, 27.25, 27.0, 26.75, 26.5, 27.0, 26.75, 26.75, 26.5, 27.25, 26.75, 26.5, 26.5, 26.25, 27.0, 26.5, 27.0, 26.5, 26.75, 26.75, 26.75, 26.75, 26.75, 27.0, 27.5, 27.25, 26.75, 26.75, 26.5, 27.5, 26.25, 26.75, 27.0, 27.0, 26.75, 27.0, 26.75, 27.25, 26.75, 26.25, 26.5, 27.0, 27.0, 26.75, 27.0, 27.0, 27.0, 26.5, 26.25, 26.5, 27.25, 27.0, 27.25, 27.0]",0,0,0
499,2025-05-27T19:38:31.696971,28.400000000000002,"[26.5, 26.75, 26.5, 27.0, 27.25, 26.75, 26.5, 27.0, 27.25, 26.5, 27.0, 27.25, 27.0, 26.75, 26.5, 27.0, 26.75, 26.75, 26.5, 27.25, 26.75, 26.5, 26.5, 26.25, 27.0, 26.5, 27.0, 26.5, 26.75, 26.75, 26.75, 26.75, 26.75, 27.0, 27.5, 27.25, 26.75, 26.75, 26.5, 27.5, 26.25, 26.75, 27.0, 27.0, 26.75, 27.0, 26.75, 27.25, 26.75, 26.25, 26.5, 27.0, 27.0, 26.75, 27.0, 27.0, 27.0, 26.5, 26.25, 26.5, 27.25, 27.0, 27.25, 27.0]",0,0,0
500,2025-05-27T19:38:31.824768,28.400000000000002,"[27.0, 27.25, 26.75, 26.5, 26.75, 26.75, 26.5, 26.5, 27.0, 26.75, 27.0, 26.75, 27.0, 26.25, 26.75, 27.25, 27.0, 27.25, 27.0, 27.0, 27.0, 26.75, 26.5, 27.25, 26.75, 27.0, 27.0, 26.75, 27.0, 26.5, 27.0, 27.0, 26.75, 27.5, 28.0, 27.0, 27.25, 26.5, 27.25, 27.0, 26.5, 26.25, 27.25, 27.25, 26.75, 27.5, 27.0, 26.75, 26.75, 26.5, 26.5, 27.0, 27.25, 27.25, 27.25, 27.25, 26.75, 27.25, 26.5, 27.0, 26.25, 27.0, 27.25, 27.5]",0,0,0
501,2025-05-27T19:38:31.949655,28.400000000000002,"[27.0, 27.25, 26.75, 26.5, 26.75, 26.75, 26.5, 26.5, 27.0, 26.75, 27.0, 26.75, 27.0, 26.25, 26.75, 27.25, 27.0, 27.25, 27.0, 27.0, 27.0, 26.75, 26.5, 27.25, 26.75, 27.0, 27.0, 26.75, 27.0, 26.5, 27.0, 27.0, 26.75, 27.5, 28.0, 27.0, 27.25, 26.5, 27.25, 27.0, 26.5, 26.25, 27.25, 27.25, 26.75, 27.5, 27.0, 26.75, 26.75, 26.5, 26.5, 27.0, 27.25, 27.25, 27.25, 27.25, 26.75, 27.25, 26.5, 27.0, 26.25, 27.0, 27.25, 27.5]",0,0,0
502,2025-05-27T19:38:32.068516,28.400000000000002,"[26.5, 27.25, 26.5, 27.0, 26.75, 26.5, 27.0, 27.25, 27.25, 26.5, 27.25, 26.75, 27.0, 26.75, 27.0, 27.25, 26.75, 27.0, 27.0, 27.0, 27.25, 27.0, 26.75, 26.75, 27.25, 26.75, 27.0, 26.75, 26.5, 26.5, 26.5, 26.75, 27.0, 26.75, 27.75, 27.0, 26.75, 26.75, 27.0, 27.0, 26.0, 26.5, 27.0, 26.75, 26.5, 27.25, 27.0, 27.0, 26.5, 26.25, 26.5, 27.0, 27.0, 27.5, 26.75, 27.5, 27.0, 26.25, 26.25, 26.75, 27.0, 26.75, 27.0, 27.0]",0,0,0
503,2025-05-27T19:38:32.192756,28.400000000000002,"[26.5, 27.25, 26.5, 27.0, 26.75, 26.5, 27.0, 27.25, 27.25, 26.5, 27.25, 26.75, 27.0, 26.75, 27.0, 27.25, 26.75, 27.0, 27.0, 27.0, 27.25, 27.0, 26.75, 26.75, 27.25, 26.75, 27.0, 26.75, 26.5, 26.5, 26.5, 26.75, 27.0, 26.75, 27.75, 27.0, 26.75, 26.75, 27.0, 27.0, 26.0, 26.5, 27.0, 26.75, 26.5, 27.25, 27.0, 27.0, 26.5, 26.25, 26.5, 27.0, 27.0, 27.5, 26.75, 27.5, 27.0, 26.25, 26.25, 26.75, 27.0, 26.75, 27.0, 27.0]",0,0,0
504,2025-05-27T19:38:32.320685,28.400000000000002,"[26.75, 27.0, 26.25, 27.25, 26.75, 26.75, 26.75, 26.75, 27.25, 26.75, 27.0, 26.75, 27.0, 26.75, 27.25, 27.25, 26.75, 26.25, 27.25, 27.0, 26.75, 27.0, 26.5, 27.0, 26.75, 26.75, 26.75, 26.5, 26.75, 26.75, 26.25, 27.0, 26.5, 27.25, 27.5, 27.0, 26.75, 27.0, 27.0, 27.5, 26.0, 26.5, 27.25, 27.0, 26.5, 27.5, 26.75, 27.0, 26.5, 26.5, 26.25, 27.0, 27.25, 27.25, 27.0, 27.5, 26.5, 26.0, 26.25, 26.25, 27.0, 26.75, 26.75, 27.25]",0,0,0
505,2025-05-27T19:38:32.447416,28.400000000000002,"[26.75, 27.0, 26.25, 27.25, 26.75, 26.75, 26.75, 26.75, 27.25, 26.75, 27.0, 26.75, 27.0, 26.75, 27.25, 27.25, 26.75, 26.25, 27.25, 27.0, 26.75, 27.0, 26.5, 27.0, 26.75, 26.75, 26.75, 26.5, 26.75, 26.75, 26.25, 27.0, 26.5, 27.25, 27.5, 27.0, 26.75, 27.0, 27.0, 27.5, 26.0, 26.5, 27.25, 27.0, 26.5, 27.5, 26.75, 27.0, 26.5, 26.5, 26.25, 27.0, 27.25, 27.25, 27.0, 27.5, 26.5, 26.0, 26.25, 26.25, 27.0, 26.75, 26.75, 27.25]",0,0,0
506,2025-05-27T19:38:32.577766,28.400000000000002,"[27.0, 27.25, 26.25, 27.25, 27.0, 26.75, 27.0, 27.0, 27.0, 26.75, 26.75, 26.75, 26.75, 26.75, 26.75, 26.75, 26.75, 27.0, 27.0, 27.0, 26.75, 26.75, 27.0, 26.75, 27.0, 26.5, 26.5, 26.75, 26.75, 27.0, 26.75, 27.0, 27.0, 27.25, 27.5, 27.0, 27.5, 26.75, 27.0, 27.75, 26.25, 26.25, 26.75, 27.0, 26.75, 27.25, 27.0, 27.0, 26.5, 26.25, 26.25, 26.75, 27.0, 27.0, 27.5, 27.25, 26.25, 26.25, 26.25, 26.25, 27.0, 26.75, 26.75, 27.75]",0,0,0
507,2025-05-27T19:38:32.705953,28.400000000000002,"[27.0, 27.25, 26.25, 27.25, 27.0, 26.75, 27.0, 27.0, 27.0, 26.75, 26.75, 26.75, 26.75, 26.75, 26.75, 26.75, 26.75, 27.0, 27.0, 27.0, 26.75, 26.75, 27.0, 26.75, 27.0, 26.5, 26.5, 26.75, 26.75, 27.0, 26.75, 27.0, 27.0, 27.25, 27.5, 27.0, 27.5, 26.75, 27.0, 27.75, 26.25, 26.25, 26.75, 27.0, 26.75, 27.25, 27.0, 27.0, 26.5, 26.25, 26.25, 26.75, 27.0, 27.0, 27.5, 27.25, 26.25, 26.25, 26.25, 26.25, 27.0, 26.75, 26.75, 27.75]",0,0,0
508,2025-05-27T19:38:32.831982,28.400000000000002,"[26.75, 27.0, 27.0, 27.25, 27.25, 27.0, 26.75, 27.5, 26.75, 26.5, 26.75, 26.75, 27.0, 26.75, 26.75, 26.75, 27.0, 27.0, 26.75, 27.25, 27.0, 27.0, 26.75, 26.75, 27.0, 27.0, 26.75, 26.75, 26.75, 27.0, 26.75, 27.5, 27.0, 27.0, 27.75, 26.75, 27.25, 27.25, 27.25, 27.25, 26.5, 26.75, 27.0, 27.25, 26.75, 27.25, 27.0, 27.0, 26.5, 26.5, 26.75, 27.0, 27.0, 27.5, 26.75, 26.75, 26.75, 26.25, 26.25, 26.25, 26.25, 27.25, 27.5, 27.5]",0,0,0
509,2025-05-27T19:38:32.954640,28.400000000000002,"[26.75, 27.0, 27.0, 27.25, 27.25, 27.0, 26.75, 27.5, 26.75, 26.5, 26.75, 26.75, 27.0, 26.75, 26.75, 26.75, 27.0, 27.0, 26.75, 27.25, 27.0, 27.0, 26.75, 26.75, 27.0, 27.0, 26.75, 26.75, 26.75, 27.0, 26.75, 27.5, 27.0, 27.0, 27.75, 26.75, 27.25, 27.25, 27.25, 27.25, 26.5, 26.75, 27.0, 27.25, 26.75, 27.25, 27.0, 27.0, 26.5, 26.5, 26.75, 27.0, 27.0, 27.5, 26.75, 26.75, 26.75, 26.25, 26.25, 26.25, 26.25, 27.25, 27.5, 27.5]",0,0,0
510,2025-05-27T19:38:33.078517,28.400000000000002,"[27.0, 26.75, 27.25, 27.25, 26.75, 27.0, 26.5, 27.25, 27.0, 27.0, 26.75, 26.75, 26.75, 26.75, 26.75, 27.25, 26.75, 27.25, 27.0, 27.25, 27.25, 27.0, 26.25, 27.25, 27.25, 26.75, 27.0, 26.75, 26.75, 27.25, 27.0, 27.25, 26.5, 27.25, 27.25, 27.0, 27.25, 26.75, 26.75, 27.25, 26.0, 26.25, 27.0, 26.75, 26.5, 27.0, 27.0, 26.75, 26.75, 27.0, 26.5, 26.75, 27.25, 27.25, 27.25, 27.5, 27.25, 26.25, 26.25, 26.5, 26.75, 27.0, 27.25, 27.25]",0,0,0
511,2025-05-27T19:38:33.205802,28.400000000000002,"[27.0, 26.75, 27.25, 27.25, 26.75, 27.0, 26.5, 27.25, 27.0, 27.0, 26.75, 26.75, 26.75, 26.75, 26.75, 27.25, 26.75, 27.25, 27.0, 27.25, 27.25, 27.0, 26.25, 27.25, 27.25, 26.75, 27.0, 26.75, 26.75, 27.25, 27.0, 27.25, 26.5, 27.25, 27.25, 27.0, 27.25, 26.75, 26.75, 27.25, 26.0, 26.25, 27.0, 26.75, 26.5, 27.0, 27.0, 26.75, 26.75, 27.0, 26.5, 26.75, 27.25, 27.25, 27.25, 27.5, 27.25, 26.25, 26.25, 26.5, 26.75, 27.0, 27.25, 27.25]",0,0,0
512,2025-05-27T19:38:33.330072,28.400000000000002,"[27.0, 27.0, 26.75, 27.25, 26.5, 26.75, 26.75, 27.25, 27.0, 26.5, 26.75, 27.0, 26.75, 27.0, 26.5, 27.0, 26.75, 26.75, 27.0, 27.0, 26.75, 26.75, 26.5, 27.0, 26.75, 26.75, 27.0, 26.5, 26.5, 26.75, 26.75, 27.0, 26.5, 27.25, 27.75, 27.25, 27.0, 26.75, 26.75, 27.75, 26.0, 26.75, 27.25, 27.25, 26.25, 26.75, 27.0, 27.0, 26.25, 26.5, 26.25, 27.0, 27.0, 27.75, 26.75, 27.25, 27.0, 26.25, 26.75, 26.25, 27.0, 27.0, 27.25, 27.5]",0,0,0
513,2025-05-27T19:38:33.451056,28.400000000000002,"[27.0, 27.0, 26.75, 27.25, 26.5, 26.75, 26.75, 27.25, 27.0, 26.5, 26.75, 27.0, 26.75, 27.0, 26.5, 27.0, 26.75, 26.75, 27.0, 27.0, 26.75, 26.75, 26.5, 27.0, 26.75, 26.75, 27.0, 26.5, 26.5, 26.75, 26.75, 27.0, 26.5, 27.25, 27.75, 27.25, 27.0, 26.75, 26.75, 27.75, 26.0, 26.75, 27.25, 27.25, 26.25, 26.75, 27.0, 27.0, 26.25, 26.5, 26.25, 27.0, 27.0, 27.75, 26.75, 27.25, 27.0, 26.25, 26.75, 26.25, 27.0, 27.0, 27.25, 27.5]",0,0,0
514,2025-05-27T19:38:33.577083,28.400000000000002,"[26.5, 26.5, 26.5, 27.0, 27.0, 27.0, 26.75, 27.0, 27.0, 26.75, 26.75, 26.75, 27.0, 26.75, 26.75, 26.75, 26.75, 26.75, 26.75, 27.0, 26.75, 26.75, 26.75, 27.0, 27.0, 26.75, 26.75, 27.0, 27.0, 26.75, 27.0, 27.0, 26.75, 27.25, 27.5, 27.25, 27.0, 26.75, 27.25, 27.5, 26.25, 26.75, 27.25, 27.0, 26.75, 27.0, 26.75, 27.25, 27.0, 26.25, 26.5, 27.0, 27.25, 27.0, 27.5, 27.5, 26.5, 26.25, 26.25, 26.5, 26.5, 26.5, 27.0, 27.25]",0,0,0
515,2025-05-27T19:38:33.701650,28.400000000000002,"[26.5, 26.5, 26.5, 27.0, 27.0, 27.0, 26.75, 27.0, 27.0, 26.75, 26.75, 26.75, 27.0, 26.75, 26.75, 26.75, 26.75, 26.75, 26.75, 27.0, 26.75, 26.75, 26.75, 27.0, 27.0, 26.75, 26.75, 27.0, 27.0, 26.75, 27.0, 27.0, 26.75, 27.25, 27.5, 27.25, 27.0, 26.75, 27.25, 27.5, 26.25, 26.75, 27.25, 27.0, 26.75, 27.0, 26.75, 27.25, 27.0, 26.25, 26.5, 27.0, 27.25, 27.0, 27.5, 27.5, 26.5, 26.25, 26.25, 26.5, 26.5, 26.5, 27.0, 27.25]",0,0,0
516,2025-05-27T19:38:33.824746,28.400000000000002,"[26.75, 27.0, 27.0, 27.0, 27.0, 26.75, 26.5, 27.25, 27.0, 26.75, 27.0, 26.75, 26.75, 26.75, 27.0, 26.75, 27.0, 27.0, 27.25, 27.25, 27.0, 26.75, 26.75, 27.0, 26.75, 26.75, 27.0, 27.0, 27.0, 26.75, 26.75, 26.75, 26.75, 27.0, 27.5, 27.0, 27.0, 26.75, 27.0, 27.75, 26.25, 26.0, 27.0, 26.75, 26.5, 27.25, 26.75, 27.0, 26.75, 26.5, 26.75, 27.0, 27.0, 28.0, 27.5, 27.0, 27.0, 26.75, 26.5, 26.0, 27.0, 27.0, 27.25, 27.25]",0,0,0
517,2025-05-27T19:38:33.951464,28.400000000000002,"[26.75, 27.0, 27.0, 27.0, 27.0, 26.75, 26.5, 27.25, 27.0, 26.75, 27.0, 26.75, 26.75, 26.75, 27.0, 26.75, 27.0, 27.0, 27.25, 27.25, 27.0, 26.75, 26.75, 27.0, 26.75, 26.75, 27.0, 27.0, 27.0, 26.75, 26.75, 26.75, 26.75, 27.0, 27.5, 27.0, 27.0, 26.75, 27.0, 27.75, 26.25, 26.0, 27.0, 26.75, 26.5, 27.25, 26.75, 27.0, 26.75, 26.5, 26.75, 27.0, 27.0, 28.0, 27.5, 27.0, 27.0, 26.75, 26.5, 26.0, 27.0, 27.0, 27.25, 27.25]",0,0,0
518,2025-05-27T19:38:34.076147,28.400000000000002,"[26.75, 27.0, 27.0, 27.0, 27.0, 26.75, 26.5, 27.25, 27.0, 26.75, 27.0, 26.75, 26.75, 26.75, 27.0, 26.75, 27.0, 27.0, 27.25, 27.25, 27.0, 26.75, 26.75, 27.0, 26.75, 26.75, 27.0, 27.0, 27.0, 26.75, 26.75, 26.75, 26.75, 27.0, 27.5, 27.0, 27.0, 26.75, 27.0, 27.75, 26.25, 26.0, 27.0, 26.75, 26.5, 27.25, 26.75, 27.0, 26.75, 26.5, 26.75, 27.0, 27.0, 28.0, 27.5, 27.0, 27.0, 26.75, 26.5, 26.0, 27.0, 27.0, 27.25, 27.25]",0,0,0
519,2025-05-27T19:38:34.200036,28.400000000000002,"[27.0, 27.0, 26.75, 27.0, 27.25, 26.75, 26.5, 27.5, 26.5, 26.25, 27.0, 26.75, 27.0, 26.75, 27.0, 27.25, 27.0, 26.75, 26.75, 27.0, 27.25, 27.0, 26.5, 27.25, 27.0, 26.5, 26.75, 26.75, 26.75, 26.75, 26.5, 27.0, 27.0, 27.0, 27.75, 27.0, 27.5, 26.25, 27.0, 27.0, 26.25, 26.5, 27.25, 27.0, 26.75, 27.5, 26.75, 27.25, 26.75, 26.5, 26.5, 26.75, 27.75, 27.25, 27.25, 27.25, 27.0, 26.75, 26.25, 26.5, 27.0, 27.0, 27.25, 27.75]",0,0,0
520,2025-05-27T19:38:34.326670,28.400000000000002,"[27.0, 27.0, 26.75, 27.0, 27.25, 26.75, 26.5, 27.5, 26.5, 26.25, 27.0, 26.75, 27.0, 26.75, 27.0, 27.25, 27.0, 26.75, 26.75, 27.0, 27.25, 27.0, 26.5, 27.25, 27.0, 26.5, 26.75, 26.75, 26.75, 26.75, 26.5, 27.0, 27.0, 27.0, 27.75, 27.0, 27.5, 26.25, 27.0, 27.0, 26.25, 26.5, 27.25, 27.0, 26.75, 27.5, 26.75, 27.25, 26.75, 26.5, 26.5, 26.75, 27.75, 27.25, 27.25, 27.25, 27.0, 26.75, 26.25, 26.5, 27.0, 27.0, 27.25, 27.75]",0,0,0
521,2025-05-27T19:38:34.447153,28.400000000000002,"[26.75, 26.75, 27.0, 27.25, 26.75, 27.0, 26.5, 27.0, 26.75, 26.75, 27.25, 26.5, 27.0, 26.75, 27.0, 26.75, 26.75, 27.0, 27.0, 27.25, 26.75, 26.75, 26.75, 26.5, 27.25, 26.75, 26.75, 26.75, 26.75, 26.75, 27.0, 26.75, 26.75, 27.0, 27.5, 26.75, 27.25, 27.25, 26.75, 27.0, 26.75, 27.0, 27.0, 27.0, 26.75, 27.25, 27.25, 27.25, 27.5, 26.5, 26.75, 27.25, 27.5, 27.25, 27.5, 27.5, 27.0, 26.25, 26.5, 26.25, 26.25, 27.0, 27.25, 27.0]",0,0,0
522,2025-05-27T19:38:34.571401,28.400000000000002,"[26.75, 26.75, 27.0, 27.25, 26.75, 27.0, 26.5, 27.0, 26.75, 26.75, 27.25, 26.5, 27.0, 26.75, 27.0, 26.75, 26.75, 27.0, 27.0, 27.25, 26.75, 26.75, 26.75, 26.5, 27.25, 26.75, 26.75, 26.75, 26.75, 26.75, 27.0, 26.75, 26.75, 27.0, 27.5, 26.75, 27.25, 27.25, 26.75, 27.0, 26.75, 27.0, 27.0, 27.0, 26.75, 27.25, 27.25, 27.25, 27.5, 26.5, 26.75, 27.25, 27.5, 27.25, 27.5, 27.5, 27.0, 26.25, 26.5, 26.25, 26.25, 27.0, 27.25, 27.0]",0,0,0
523,2025-05-27T19:38:34.691106,28.400000000000002,"[27.0, 27.25, 26.5, 27.25, 27.25, 27.0, 26.75, 27.0, 27.0, 26.5, 27.0, 26.25, 27.25, 26.75, 27.25, 26.75, 27.25, 26.75, 27.0, 27.25, 27.0, 27.0, 26.5, 27.0, 27.25, 27.25, 26.75, 26.75, 27.0, 26.75, 26.75, 27.0, 26.75, 27.25, 27.25, 26.75, 27.0, 27.0, 26.75, 27.5, 26.5, 26.5, 27.0, 27.0, 26.75, 27.25, 27.25, 26.5, 26.5, 26.5, 27.0, 27.0, 27.25, 27.0, 27.25, 27.5, 26.5, 26.75, 26.75, 26.25, 26.5, 27.5, 27.0, 26.75]",0,0,0
524,2025-05-27T19:38:34.820071,28.400000000000002,"[27.0, 27.25, 26.5, 27.25, 27.25, 27.0, 26.75, 27.0, 27.0, 26.5, 27.0, 26.25, 27.25, 26.75, 27.25, 26.75, 27.25, 26.75, 27.0, 27.25, 27.0, 27.0, 26.5, 27.0, 27.25, 27.25, 26.75, 26.75, 27.0, 26.75, 26.75, 27.0, 26.75, 27.25, 27.25, 26.75, 27.0, 27.0, 26.75, 27.5, 26.5, 26.5, 27.0, 27.0, 26.75, 27.25, 27.25, 26.5, 26.5, 26.5, 27.0, 27.0, 27.25, 27.0, 27.25, 27.5, 26.5, 26.75, 26.75, 26.25, 26.5, 27.5, 27.0, 26.75]",0,0,0
525,2025-05-27T19:38:34.948127,28.400000000000002,"[27.0, 27.25, 26.5, 26.75, 27.0, 26.75, 26.75, 27.25, 27.25, 26.25, 26.75, 26.5, 27.0, 26.5, 27.25, 26.75, 27.0, 26.75, 26.75, 26.75, 27.0, 26.75, 26.75, 27.0, 27.0, 26.75, 26.5, 27.25, 27.0, 27.0, 26.75, 26.5, 27.0, 27.0, 27.75, 27.25, 27.0, 26.75, 27.0, 27.5, 26.5, 26.75, 26.75, 27.0, 26.5, 27.25, 26.75, 27.25, 27.5, 26.25, 26.75, 27.0, 27.0, 27.25, 26.75, 26.75, 26.75, 26.5, 26.5, 26.5, 27.0, 27.0, 27.25, 28.0]",0,0,0
526,2025-05-27T19:38:35.071023,28.400000000000002,"[27.0, 27.25, 26.5, 26.75, 27.0, 26.75, 26.75, 27.25, 27.25, 26.25, 26.75, 26.5, 27.0, 26.5, 27.25, 26.75, 27.0, 26.75, 26.75, 26.75, 27.0, 26.75, 26.75, 27.0, 27.0, 26.75, 26.5, 27.25, 27.0, 27.0, 26.75, 26.5, 27.0, 27.0, 27.75, 27.25, 27.0, 26.75, 27.0, 27.5, 26.5, 26.75, 26.75, 27.0, 26.5, 27.25, 26.75, 27.25, 27.5, 26.25, 26.75, 27.0, 27.0, 27.25, 26.75, 26.75, 26.75, 26.5, 26.5, 26.5, 27.0, 27.0, 27.25, 28.0]",0,0,0
527,2025-05-27T19:38:35.197513,28.400000000000002,"[27.0, 26.75, 26.5, 27.25, 27.0, 27.0, 26.75, 27.0, 27.25, 26.5, 27.0, 26.75, 26.5, 27.25, 27.0, 27.25, 26.75, 27.0, 27.0, 26.75, 26.75, 26.5, 26.75, 26.75, 27.25, 27.0, 26.5, 26.5, 27.0, 27.25, 26.75, 27.0, 27.25, 27.0, 27.75, 27.0, 27.0, 26.75, 27.25, 27.5, 26.5, 26.75, 27.0, 27.25, 27.0, 27.25, 26.75, 27.5, 26.75, 26.75, 26.5, 27.0, 27.0, 27.25, 27.25, 27.25, 26.75, 26.5, 26.5, 26.25, 27.0, 26.5, 27.0, 27.25]",0,0,0
528,2025-05-27T19:38:35.317807,28.400000000000002,"[27.0, 26.75, 26.5, 27.25, 27.0, 27.0, 26.75, 27.0, 27.25, 26.5, 27.0, 26.75, 26.5, 27.25, 27.0, 27.25, 26.75, 27.0, 27.0, 26.75, 26.75, 26.5, 26.75, 26.75, 27.25, 27.0, 26.5, 26.5, 27.0, 27.25, 26.75, 27.0, 27.25, 27.0, 27.75, 27.0, 27.0, 26.75, 27.25, 27.5, 26.5, 26.75, 27.0, 27.25, 27.0, 27.25, 26.75, 27.5, 26.75, 26.75, 26.5, 27.0, 27.0, 27.25, 27.25, 27.25, 26.75, 26.5, 26.5, 26.25, 27.0, 26.5, 27.0, 27.25]",0,0,0
529,2025-05-27T19:38:35.441127,28.400000000000002,"[26.25, 26.5, 26.75, 27.0, 27.25, 27.0, 27.0, 27.25, 27.0, 26.25, 26.75, 27.0, 27.25, 27.0, 26.75, 27.25, 26.25, 27.0, 27.0, 27.0, 27.25, 26.75, 26.5, 26.25, 27.0, 27.0, 26.75, 27.0, 27.25, 26.75, 27.0, 26.75, 27.0, 27.25, 27.75, 27.25, 27.0, 27.0, 27.25, 27.75, 26.0, 26.25, 27.0, 27.0, 27.0, 27.25, 26.75, 27.25, 27.0, 26.25, 26.75, 26.75, 27.25, 27.25, 27.5, 26.5, 26.5, 26.75, 26.5, 26.5, 27.0, 27.0, 27.0, 27.25]",0,0,0
530,2025-05-27T19:38:35.565452,28.400000000000002,"[26.25, 26.5, 26.75, 27.0, 27.25, 27.0, 27.0, 27.25, 27.0, 26.25, 26.75, 27.0, 27.25, 27.0, 26.75, 27.25, 26.25, 27.0, 27.0, 27.0, 27.25, 26.75, 26.5, 26.25, 27.0, 27.0, 26.75, 27.0, 27.25, 26.75, 27.0, 26.75, 27.0, 27.25, 27.75, 27.25, 27.0, 27.0, 27.25, 27.75, 26.0, 26.25, 27.0, 27.0, 27.0, 27.25, 26.75, 27.25, 27.0, 26.25, 26.75, 26.75, 27.25, 27.25, 27.5, 26.5, 26.5, 26.75, 26.5, 26.5, 27.0, 27.0, 27.0, 27.25]",0,0,0
531,2025-05-27T19:38:35.695456,28.400000000000002,"[26.75, 27.0, 27.0, 27.25, 27.0, 27.0, 27.0, 27.25, 27.25, 26.75, 27.25, 27.0, 26.75, 26.75, 27.25, 27.0, 27.25, 26.75, 27.0, 26.75, 27.25, 26.5, 26.75, 27.0, 27.25, 27.0, 27.0, 26.5, 27.0, 27.0, 26.5, 27.0, 26.75, 26.75, 27.75, 27.0, 27.5, 27.0, 27.0, 27.0, 26.25, 26.5, 26.75, 27.0, 26.75, 27.5, 27.0, 27.5, 26.5, 26.5, 27.0, 27.0, 26.75, 27.25, 27.25, 27.5, 27.0, 27.25, 27.0, 26.5, 26.5, 26.75, 27.5, 27.0]",0,0,0
532,2025-05-27T19:38:35.816351,28.400000000000002,"[26.75, 27.0, 27.0, 27.25, 27.0, 27.0, 27.0, 27.25, 27.25, 26.75, 27.25, 27.0, 26.75, 26.75, 27.25, 27.0, 27.25, 26.75, 27.0, 26.75, 27.25, 26.5, 26.75, 27.0, 27.25, 27.0, 27.0, 26.5, 27.0, 27.0, 26.5, 27.0, 26.75, 26.75, 27.75, 27.0, 27.5, 27.0, 27.0, 27.0, 26.25, 26.5, 26.75, 27.0, 26.75, 27.5, 27.0, 27.5, 26.5, 26.5, 27.0, 27.0, 26.75, 27.25, 27.25, 27.5, 27.0, 27.25, 27.0, 26.5, 26.5, 26.75, 27.5, 27.0]",0,0,0
533,2025-05-27T19:38:35.949916,28.400000000000002,"[27.0, 27.0, 26.5, 26.75, 27.0, 27.0, 26.75, 27.25, 27.0, 27.25, 26.5, 27.0, 27.0, 27.25, 27.5, 27.25, 27.25, 27.25, 27.0, 27.0, 27.5, 27.0, 26.75, 27.0, 27.0, 27.0, 26.5, 26.75, 26.75, 26.75, 26.75, 26.5, 26.75, 27.25, 27.5, 27.0, 27.0, 27.25, 27.0, 27.25, 26.75, 26.75, 26.75, 27.0, 26.5, 27.25, 27.0, 26.75, 26.75, 27.25, 26.75, 27.0, 27.5, 27.75, 27.5, 27.5, 26.75, 26.75, 26.25, 26.25, 27.0, 27.0, 27.5, 27.75]",0,0,0
534,2025-05-27T19:38:36.077466,28.400000000000002,"[27.0, 27.0, 26.5, 26.75, 27.0, 27.0, 26.75, 27.25, 27.0, 27.25, 26.5, 27.0, 27.0, 27.25, 27.5, 27.25, 27.25, 27.25, 27.0, 27.0, 27.5, 27.0, 26.75, 27.0, 27.0, 27.0, 26.5, 26.75, 26.75, 26.75, 26.75, 26.5, 26.75, 27.25, 27.5, 27.0, 27.0, 27.25, 27.0, 27.25, 26.75, 26.75, 26.75, 27.0, 26.5, 27.25, 27.0, 26.75, 26.75, 27.25, 26.75, 27.0, 27.5, 27.75, 27.5, 27.5, 26.75, 26.75, 26.25, 26.25, 27.0, 27.0, 27.5, 27.75]",0,0,0
535,2025-05-27T19:38:36.206560,28.400000000000002,"[27.0, 27.0, 26.75, 27.0, 27.25, 26.75, 27.0, 27.25, 27.0, 26.75, 27.0, 26.75, 27.0, 26.75, 26.75, 26.5, 27.25, 26.75, 27.0, 27.5, 27.0, 26.75, 27.0, 26.75, 26.5, 26.75, 26.75, 26.75, 26.75, 27.0, 27.0, 27.25, 26.75, 27.0, 27.75, 26.75, 27.25, 27.0, 27.25, 27.5, 26.5, 26.5, 26.75, 27.25, 27.0, 27.25, 26.75, 27.75, 26.25, 26.5, 26.75, 27.0, 27.0, 27.25, 27.25, 27.0, 27.25, 26.75, 26.25, 26.5, 26.75, 26.75, 27.25, 27.25]",0,0,0
536,2025-05-27T19:38:36.329845,28.400000000000002,"[27.0, 27.0, 26.75, 27.0, 27.25, 26.75, 27.0, 27.25, 27.0, 26.75, 27.0, 26.75, 27.0, 26.75, 26.75, 26.5, 27.25, 26.75, 27.0, 27.5, 27.0, 26.75, 27.0, 26.75, 26.5, 26.75, 26.75, 26.75, 26.75, 27.0, 27.0, 27.25, 26.75, 27.0, 27.75, 26.75, 27.25, 27.0, 27.25, 27.5, 26.5, 26.5, 26.75, 27.25, 27.0, 27.25, 26.75, 27.75, 26.25, 26.5, 26.75, 27.0, 27.0, 27.25, 27.25, 27.0, 27.25, 26.75, 26.25, 26.5, 26.75, 26.75, 27.25, 27.25]",0,0,0
537,2025-05-27T19:38:36.455474,28.400000000000002,"[26.5, 26.75, 27.0, 27.5, 27.5, 26.75, 26.5, 26.75, 27.0, 26.75, 26.75, 27.25, 27.0, 26.75, 27.25, 27.0, 27.0, 26.75, 27.25, 26.75, 27.25, 26.75, 26.75, 26.75, 27.25, 27.0, 27.0, 26.5, 26.75, 27.0, 26.75, 27.0, 26.75, 27.25, 27.75, 27.0, 27.25, 27.0, 27.25, 27.5, 26.5, 26.75, 27.0, 27.0, 26.5, 27.25, 27.0, 27.25, 26.75, 26.5, 26.75, 26.75, 27.5, 27.0, 27.0, 27.5, 26.75, 26.5, 26.25, 26.5, 27.0, 27.0, 27.5, 27.5]",0,0,0
538,2025-05-27T19:38:36.579986,28.400000000000002,"[26.5, 26.75, 27.0, 27.5, 27.5, 26.75, 26.5, 26.75, 27.0, 26.75, 26.75, 27.25, 27.0, 26.75, 27.25, 27.0, 27.0, 26.75, 27.25, 26.75, 27.25, 26.75, 26.75, 26.75, 27.25, 27.0, 27.0, 26.5, 26.75, 27.0, 26.75, 27.0, 26.75, 27.25, 27.75, 27.0, 27.25, 27.0, 27.25, 27.5, 26.5, 26.75, 27.0, 27.0, 26.5, 27.25, 27.0, 27.25, 26.75, 26.5, 26.75, 26.75, 27.5, 27.0, 27.0, 27.5, 26.75, 26.5, 26.25, 26.5, 27.0, 27.0, 27.5, 27.5]",0,0,0
539,2025-05-27T19:38:36.704315,28.400000000000002,"[26.75, 27.25, 27.0, 27.0, 27.0, 26.75, 27.0, 27.25, 26.75, 26.75, 27.0, 27.0, 27.0, 27.25, 27.0, 27.0, 27.0, 27.0, 27.0, 27.0, 27.0, 27.25, 27.25, 26.75, 27.25, 26.75, 27.0, 27.0, 26.75, 27.0, 27.0, 26.5, 27.25, 27.0, 27.5, 27.0, 27.25, 26.75, 27.0, 27.25, 26.5, 26.5, 27.0, 27.0, 26.5, 27.5, 27.0, 27.75, 26.75, 26.25, 26.75, 27.0, 27.5, 27.75, 27.0, 27.25, 27.0, 26.75, 26.25, 26.5, 26.5, 27.0, 27.5, 26.75]",0,0,0
540,2025-05-27T19:38:36.826207,28.400000000000002,"[26.75, 27.25, 27.0, 27.0, 27.0, 26.75, 27.0, 27.25, 26.75, 26.75, 27.0, 27.0, 27.0, 27.25, 27.0, 27.0, 27.0, 27.0, 27.0, 27.0, 27.0, 27.25, 27.25, 26.75, 27.25, 26.75, 27.0, 27.0, 26.75, 27.0, 27.0, 26.5, 27.25, 27.0, 27.5, 27.0, 27.25, 26.75, 27.0, 27.25, 26.5, 26.5, 27.0, 27.0, 26.5, 27.5, 27.0, 27.75, 26.75, 26.25, 26.75, 27.0, 27.5, 27.75, 27.0, 27.25, 27.0, 26.75, 26.25, 26.5, 26.5, 27.0, 27.5, 26.75]",0,0,0
541,2025-05-27T19:38:36.952904,28.400000000000002,"[26.75, 27.0, 27.0, 27.5, 27.0, 27.0, 26.75, 27.25, 26.75, 26.75, 26.75, 26.5, 26.75, 27.0, 26.75, 26.75, 27.25, 26.75, 26.75, 27.25, 27.0, 26.75, 26.75, 26.75, 27.0, 27.25, 26.75, 27.0, 27.0, 27.0, 27.0, 27.0, 27.25, 27.5, 27.25, 27.25, 27.25, 26.5, 26.75, 27.5, 26.5, 26.75, 27.5, 27.0, 27.0, 27.5, 27.25, 27.0, 27.5, 27.0, 26.75, 27.5, 27.5, 27.25, 27.5, 27.75, 26.75, 26.5, 26.5, 27.5, 27.25, 27.5, 26.75, 27.5]",0,0,0
542,2025-05-27T19:38:37.073352,28.400000000000002,"[26.75, 27.0, 27.0, 27.5, 27.0, 27.0, 26.75, 27.25, 26.75, 26.75, 26.75, 26.5, 26.75, 27.0, 26.75, 26.75, 27.25, 26.75, 26.75, 27.25, 27.0, 26.75, 26.75, 26.75, 27.0, 27.25, 26.75, 27.0, 27.0, 27.0, 27.0, 27.0, 27.25, 27.5, 27.25, 27.25, 27.25, 26.5, 26.75, 27.5, 26.5, 26.75, 27.5, 27.0, 27.0, 27.5, 27.25, 27.0, 27.5, 27.0, 26.75, 27.5, 27.5, 27.25, 27.5, 27.75, 26.75, 26.5, 26.5, 27.5, 27.25, 27.5, 26.75, 27.5]",0,0,0
543,2025-05-27T19:38:37.201338,28.400000000000002,"[26.5, 27.0, 26.75, 27.0, 27.0, 27.0, 27.0, 27.25, 26.75, 27.0, 27.25, 26.75, 27.0, 26.75, 27.0, 27.5, 27.25, 27.0, 27.25, 27.25, 27.25, 27.0, 27.0, 27.0, 27.25, 26.75, 27.0, 27.0, 27.25, 26.75, 26.75, 27.0, 26.75, 26.75, 27.75, 27.25, 27.25, 26.75, 27.25, 27.5, 26.5, 26.75, 27.0, 27.25, 26.75, 27.75, 27.0, 27.25, 26.75, 27.0, 26.75, 27.25, 27.0, 27.5, 27.0, 27.25, 26.75, 26.5, 26.5, 27.0, 27.0, 27.0, 27.0, 26.75]",0,0,0
544,2025-05-27T19:38:37.323051,28.400000000000002,"[26.5, 27.0, 26.75, 27.0, 27.0, 27.0, 27.0, 27.25, 26.75, 27.0, 27.25, 26.75, 27.0, 26.75, 27.0, 27.5, 27.25, 27.0, 27.25, 27.25, 27.25, 27.0, 27.0, 27.0, 27.25, 26.75, 27.0, 27.0, 27.25, 26.75, 26.75, 27.0, 26.75, 26.75, 27.75, 27.25, 27.25, 26.75, 27.25, 27.5, 26.5, 26.75, 27.0, 27.25, 26.75, 27.75, 27.0, 27.25, 26.75, 27.0, 26.75, 27.25, 27.0, 27.5, 27.0, 27.25, 26.75, 26.5, 26.5, 27.0, 27.0, 27.0, 27.0, 26.75]",0,0,0
545,2025-05-27T19:38:37.453842,28.400000000000002,"[26.75, 27.0, 26.75, 27.5, 27.25, 27.0, 27.0, 27.5, 27.0, 27.0, 27.0, 27.0, 26.75, 26.75, 27.25, 27.0, 27.25, 27.5, 27.0, 27.25, 27.25, 27.25, 26.75, 27.0, 27.0, 27.0, 27.0, 27.0, 27.25, 27.25, 27.0, 27.0, 27.0, 27.25, 28.25, 27.25, 27.25, 26.75, 27.25, 27.5, 26.5, 27.0, 27.5, 27.25, 26.75, 27.25, 27.25, 26.75, 27.5, 27.25, 26.25, 26.75, 27.25, 27.75, 27.25, 27.5, 27.0, 26.75, 27.0, 26.5, 27.0, 27.0, 27.25, 27.0]",0,0,0
546,2025-05-27T19:38:37.574240,28.400000000000002,"[26.75, 27.0, 26.75, 27.5, 27.25, 27.0, 27.0, 27.5, 27.0, 27.0, 27.0, 27.0, 26.75, 26.75, 27.25, 27.0, 27.25, 27.5, 27.0, 27.25, 27.25, 27.25, 26.75, 27.0, 27.0, 27.0, 27.0, 27.0, 27.25, 27.25, 27.0, 27.0, 27.0, 27.25, 28.25, 27.25, 27.25, 26.75, 27.25, 27.5, 26.5, 27.0, 27.5, 27.25, 26.75, 27.25, 27.25, 26.75, 27.5, 27.25, 26.25, 26.75, 27.25, 27.75, 27.25, 27.5, 27.0, 26.75, 27.0, 26.5, 27.0, 27.0, 27.25, 27.0]",0,0,0
547,2025-05-27T19:38:37.710144,28.400000000000002,"[26.75, 27.0, 26.75, 27.5, 27.25, 27.0, 27.0, 27.5, 27.0, 27.0, 27.0, 27.0, 26.75, 26.75, 27.25, 27.0, 27.25, 27.5, 27.0, 27.25, 27.25, 27.25, 26.75, 27.0, 27.0, 27.0, 27.0, 27.0, 27.25, 27.25, 27.0, 27.0, 27.0, 27.25, 28.25, 27.25, 27.25, 26.75, 27.25, 27.5, 26.5, 27.0, 27.5, 27.25, 26.75, 27.25, 27.25, 26.75, 27.5, 27.25, 26.25, 26.75, 27.25, 27.75, 27.25, 27.5, 27.0, 26.75, 27.0, 26.5, 27.0, 27.0, 27.25, 27.0]",0,0,0
548,2025-05-27T19:38:37.843924,28.400000000000002,"[26.75, 26.75, 27.0, 27.25, 27.0, 26.75, 26.75, 27.5, 27.25, 26.75, 27.25, 27.0, 26.75, 27.0, 27.25, 27.25, 26.5, 27.0, 27.0, 26.75, 27.0, 27.25, 27.0, 27.0, 27.0, 26.75, 27.25, 27.0, 27.0, 27.0, 27.0, 27.0, 26.75, 27.0, 28.0, 27.25, 27.25, 26.75, 27.25, 27.0, 26.75, 26.5, 27.25, 27.25, 27.0, 27.25, 27.25, 28.0, 27.0, 26.25, 27.0, 27.0, 27.75, 27.25, 27.5, 27.25, 27.0, 26.75, 26.75, 26.75, 27.25, 27.25, 27.0, 27.75]",0,0,0
549,2025-05-27T19:38:37.967416,28.400000000000002,"[26.5, 26.5, 26.0, 27.25, 26.75, 26.75, 26.75, 27.0, 27.0, 26.5, 26.5, 26.75, 27.0, 26.5, 26.75, 26.5, 27.0, 27.0, 27.0, 26.75, 26.75, 26.75, 26.75, 26.75, 26.75, 26.75, 26.75, 26.5, 27.0, 26.75, 26.75, 27.0, 26.75, 27.0, 27.75, 27.25, 26.75, 27.0, 27.25, 26.75, 26.0, 26.75, 26.75, 27.0, 26.5, 27.25, 26.75, 27.25, 26.5, 26.5, 26.5, 26.5, 27.0, 27.25, 27.0, 27.0, 26.5, 26.5, 26.25, 26.25, 26.5, 26.5, 27.25, 27.5]",0,0,0
550,2025-05-27T19:38:38.084632,28.400000000000002,"[26.5, 26.5, 26.0, 27.25, 26.75, 26.75, 26.75, 27.0, 27.0, 26.5, 26.5, 26.75, 27.0, 26.5, 26.75, 26.5, 27.0, 27.0, 27.0, 26.75, 26.75, 26.75, 26.75, 26.75, 26.75, 26.75, 26.75, 26.5, 27.0, 26.75, 26.75, 27.0, 26.75, 27.0, 27.75, 27.25, 26.75, 27.0, 27.25, 26.75, 26.0, 26.75, 26.75, 27.0, 26.5, 27.25, 26.75, 27.25, 26.5, 26.5, 26.5, 26.5, 27.0, 27.25, 27.0, 27.0, 26.5, 26.5, 26.25, 26.25, 26.5, 26.5, 27.25, 27.5]",0,0,0
551,2025-05-27T19:38:38.218873,28.400000000000002,"[26.5, 26.5, 26.0, 27.25, 26.75, 26.75, 26.75, 27.0, 27.0, 26.5, 26.5, 26.75, 27.0, 26.5, 26.75, 26.5, 27.0, 27.0, 27.0, 26.75, 26.75, 26.75, 26.75, 26.75, 26.75, 26.75, 26.75, 26.5, 27.0, 26.75, 26.75, 27.0, 26.75, 27.0, 27.75, 27.25, 26.75, 27.0, 27.25, 26.75, 26.0, 26.75, 26.75, 27.0, 26.5, 27.25, 26.75, 27.25, 26.5, 26.5, 26.5, 26.5, 27.0, 27.25, 27.0, 27.0, 26.5, 26.5, 26.25, 26.25, 26.5, 26.5, 27.25, 27.5]",0,0,0
552,2025-05-27T19:38:38.354192,28.400000000000002,"[26.75, 27.0, 27.0, 27.25, 26.75, 27.0, 27.0, 27.5, 27.0, 26.75, 26.75, 26.75, 27.0, 26.75, 27.0, 26.5, 27.0, 27.0, 27.0, 27.25, 26.75, 27.0, 26.75, 27.0, 27.25, 27.0, 27.0, 27.25, 27.0, 27.25, 27.0, 27.0, 26.75, 27.5, 27.75, 27.0, 27.25, 27.25, 27.25, 27.5, 26.25, 27.0, 27.25, 27.25, 27.0, 27.5, 27.0, 27.0, 26.25, 26.75, 27.25, 27.0, 27.25, 27.25, 27.5, 27.5, 26.25, 26.25, 26.25, 27.0, 27.0, 26.75, 27.25, 27.75]",0,0,0
553,2025-05-27T19:38:38.481263,28.400000000000002,"[26.5, 27.0, 26.75, 27.25, 27.25, 27.0, 26.25, 27.0, 27.0, 26.5, 27.0, 26.75, 27.0, 26.75, 27.25, 27.25, 27.0, 26.5, 26.75, 27.25, 27.0, 26.5, 27.0, 26.75, 27.0, 26.75, 26.5, 27.0, 27.25, 27.0, 26.75, 27.25, 26.75, 27.25, 27.75, 26.75, 27.0, 27.0, 27.0, 27.25, 26.25, 26.5, 27.0, 27.25, 26.5, 27.5, 26.75, 27.25, 26.5, 27.0, 26.5, 27.0, 27.25, 26.75, 27.25, 27.25, 26.75, 26.75, 26.25, 26.5, 26.25, 26.75, 27.0, 27.5]",0,0,0
554,2025-05-27T19:38:38.604559,28.400000000000002,"[26.5, 27.0, 26.75, 27.25, 27.25, 27.0, 26.25, 27.0, 27.0, 26.5, 27.0, 26.75, 27.0, 26.75, 27.25, 27.25, 27.0, 26.5, 26.75, 27.25, 27.0, 26.5, 27.0, 26.75, 27.0, 26.75, 26.5, 27.0, 27.25, 27.0, 26.75, 27.25, 26.75, 27.25, 27.75, 26.75, 27.0, 27.0, 27.0, 27.25, 26.25, 26.5, 27.0, 27.25, 26.5, 27.5, 26.75, 27.25, 26.5, 27.0, 26.5, 27.0, 27.25, 26.75, 27.25, 27.25, 26.75, 26.75, 26.25, 26.5, 26.25, 26.75, 27.0, 27.5]",0,0,0
555,2025-05-27T19:38:38.725300,28.400000000000002,"[26.5, 27.0, 26.75, 27.25, 27.25, 27.0, 26.25, 27.0, 27.0, 26.5, 27.0, 26.75, 27.0, 26.75, 27.25, 27.25, 27.0, 26.5, 26.75, 27.25, 27.0, 26.5, 27.0, 26.75, 27.0, 26.75, 26.5, 27.0, 27.25, 27.0, 26.75, 27.25, 26.75, 27.25, 27.75, 26.75, 27.0, 27.0, 27.0, 27.25, 26.25, 26.5, 27.0, 27.25, 26.5, 27.5, 26.75, 27.25, 26.5, 27.0, 26.5, 27.0, 27.25, 26.75, 27.25, 27.25, 26.75, 26.75, 26.25, 26.5, 26.25, 26.75, 27.0, 27.5]",0,0,0
556,2025-05-27T19:38:38.848957,28.400000000000002,"[26.75, 27.0, 26.75, 27.25, 27.25, 27.25, 26.5, 27.0, 27.0, 26.75, 27.25, 27.25, 26.75, 27.0, 26.75, 27.25, 27.0, 27.0, 27.25, 27.0, 27.5, 27.0, 27.0, 27.0, 27.25, 26.75, 27.0, 27.0, 27.0, 27.25, 26.75, 27.0, 27.0, 27.25, 27.75, 27.25, 27.5, 26.75, 27.0, 27.25, 26.25, 26.75, 27.25, 27.0, 26.75, 27.25, 27.0, 26.75, 27.0, 26.75, 27.0, 26.75, 27.5, 27.25, 27.25, 27.0, 26.5, 26.5, 26.5, 26.5, 27.0, 27.0, 27.25, 27.5]",0,0,0
557,2025-05-27T19:38:38.973301,28.400000000000002,"[26.75, 27.0, 26.75, 27.25, 27.25, 27.25, 26.5, 27.0, 27.0, 26.75, 27.25, 27.25, 26.75, 27.0, 26.75, 27.25, 27.0, 27.0, 27.25, 27.0, 27.5, 27.0, 27.0, 27.0, 27.25, 26.75, 27.0, 27.0, 27.0, 27.25, 26.75, 27.0, 27.0, 27.25, 27.75, 27.25, 27.5, 26.75, 27.0, 27.25, 26.25, 26.75, 27.25, 27.0, 26.75, 27.25, 27.0, 26.75, 27.0, 26.75, 27.0, 26.75, 27.5, 27.25, 27.25, 27.0, 26.5, 26.5, 26.5, 26.5, 27.0, 27.0, 27.25, 27.5]",0,0,0
558,2025-05-27T19:38:39.102324,28.400000000000002,"[27.0, 26.75, 26.5, 27.25, 27.25, 26.75, 26.75, 27.25, 26.75, 27.0, 27.0, 26.25, 27.0, 26.75, 26.5, 26.75, 27.25, 26.75, 26.75, 27.25, 27.5, 26.75, 26.75, 26.75, 27.25, 26.75, 26.75, 27.0, 26.5, 27.0, 26.75, 26.75, 27.25, 27.25, 27.5, 27.0, 27.0, 26.75, 27.0, 27.0, 26.5, 26.25, 27.25, 27.5, 27.25, 27.5, 27.25, 27.25, 26.25, 26.5, 26.5, 26.75, 27.0, 27.25, 27.75, 26.75, 27.25, 26.5, 26.75, 26.75, 26.5, 27.0, 26.75, 26.5]",0,0,0
559,2025-05-27T19:38:39.226287,28.400000000000002,"[27.0, 26.75, 26.5, 27.25, 27.25, 26.75, 26.75, 27.25, 26.75, 27.0, 27.0, 26.25, 27.0, 26.75, 26.5, 26.75, 27.25, 26.75, 26.75, 27.25, 27.5, 26.75, 26.75, 26.75, 27.25, 26.75, 26.75, 27.0, 26.5, 27.0, 26.75, 26.75, 27.25, 27.25, 27.5, 27.0, 27.0, 26.75, 27.0, 27.0, 26.5, 26.25, 27.25, 27.5, 27.25, 27.5, 27.25, 27.25, 26.25, 26.5, 26.5, 26.75, 27.0, 27.25, 27.75, 26.75, 27.25, 26.5, 26.75, 26.75, 26.5, 27.0, 26.75, 26.5]",0,0,0
560,2025-05-27T19:38:39.361203,28.400000000000002,"[26.75, 27.0, 26.5, 27.25, 26.75, 27.0, 26.75, 27.5, 27.25, 27.0, 27.0, 27.0, 27.25, 26.5, 27.0, 27.0, 27.0, 27.0, 27.5, 26.75, 27.25, 27.0, 27.0, 27.0, 26.75, 26.75, 27.25, 26.5, 27.0, 27.0, 26.75, 27.25, 26.75, 27.25, 27.75, 27.0, 27.25, 27.0, 27.75, 27.5, 26.75, 27.0, 27.0, 27.0, 27.0, 27.5, 27.25, 27.5, 27.0, 26.25, 26.25, 27.0, 27.25, 27.5, 27.5, 28.0, 26.25, 26.25, 26.25, 26.5, 26.75, 26.75, 27.75, 27.5]",0,0,0
561,2025-05-27T19:38:39.489011,28.400000000000002,"[26.75, 27.0, 26.5, 27.25, 26.75, 27.0, 26.75, 27.5, 27.25, 27.0, 27.0, 27.0, 27.25, 26.5, 27.0, 27.0, 27.0, 27.0, 27.5, 26.75, 27.25, 27.0, 27.0, 27.0, 26.75, 26.75, 27.25, 26.5, 27.0, 27.0, 26.75, 27.25, 26.75, 27.25, 27.75, 27.0, 27.25, 27.0, 27.75, 27.5, 26.75, 27.0, 27.0, 27.0, 27.0, 27.5, 27.25, 27.5, 27.0, 26.25, 26.25, 27.0, 27.25, 27.5, 27.5, 28.0, 26.25, 26.25, 26.25, 26.5, 26.75, 26.75, 27.75, 27.5]",0,0,0
