timestamp,gridEye,dht_temperature
2025-05-27T19:37:28.095806,"[26.5, 27, 26.5, 27.25, 27, 26.75, 26.75, 27.25, 27, 27.25, 27, 27.25, 27, 27.25, 27, 26.5, 27, 27, 27, 27, 27.5, 26.5, 26.25, 27, 26.75, 26.5, 27, 27, 27, 27, 27, 27, 27.25, 27.25, 27.75, 27.5, 27.5, 27, 27.25, 27.5, 26.25, 26.75, 27, 27, 26.75, 27.25, 27, 27, 26.5, 27, 26.75, 26.5, 27.25, 27.5, 27.5, 27, 26.5, 26.5, 26.75, 26.75, 27, 27, 27.25, 27.25]",28.400000000000002
2025-05-27T19:37:28.348314,"[26.75, 27, 26.25, 27, 26.75, 27, 26.75, 27, 27, 26, 26.75, 26.75, 27, 26.75, 26.5, 27, 27, 26.75, 27, 26.75, 27, 26.75, 27, 26.25, 27, 26.75, 26.75, 27, 26.75, 26.75, 27, 26.75, 26.75, 27, 27.5, 27.25, 27.25, 27.25, 27, 27, 26, 26.75, 27.5, 27.25, 27, 27.25, 27, 26.75, 26.25, 26, 26.5, 27.25, 27.25, 27.25, 27, 27.25, 26.5, 26.75, 26, 26.75, 26.75, 27, 27, 27.25]",28.400000000000002
2025-05-27T19:37:28.602067,"[26.5, 26.5, 27, 27, 27.5, 26.5, 26.75, 27.25, 27, 26.75, 26.75, 26.75, 27, 27, 26.75, 27, 26.5, 27, 27, 27.25, 27, 26.75, 26.25, 27, 26.75, 27, 26.5, 26.5, 26.75, 26.75, 26.5, 26.25, 26.75, 27, 27.5, 27, 27, 27, 26.75, 27, 26.5, 26.25, 27, 26.75, 26.75, 27.25, 27, 26.5, 26.75, 26.75, 27, 26.75, 27.25, 27.25, 27.25, 27, 26, 26.75, 26.5, 26.75, 27, 27.25, 26.75, 27.5]",28.400000000000002
2025-05-27T19:37:28.914508,"[26, 26.25, 26.75, 26.75, 27.25, 27, 26.5, 27, 27, 26.25, 26.5, 27, 27, 27, 26.75, 26.5, 26.75, 26.75, 26.75, 27.25, 27.25, 27.25, 26.5, 27, 27.25, 26.5, 26.5, 26.5, 26.75, 26.75, 26.5, 27, 26.5, 27, 28, 27, 27, 26.75, 27, 27.5, 26.5, 26.25, 27.25, 27, 26.5, 27, 27, 26.75, 26.75, 26.25, 26.5, 26.75, 27.25, 27.25, 27.5, 27.25, 27.25, 26.25, 26.5, 26.25, 26.25, 27, 27.25, 27.25]",28.400000000000002
2025-05-27T19:37:29.179274,"[26.75, 26.5, 26.5, 26.75, 27.5, 27, 26, 27, 27.25, 26.25, 26.75, 26.75, 26.75, 27, 27, 26.75, 27, 26.75, 27, 26.75, 27.25, 26.75, 26.75, 26.75, 27, 26.5, 26.5, 26.5, 26.5, 26.5, 26.75, 27.25, 27.5, 27.5, 27.5, 26.75, 27, 26.75, 27, 27.25, 26.75, 26.5, 27, 27, 26.75, 27.25, 27.25, 26.75, 26.75, 26.5, 27, 27, 27, 27.25, 27.25, 27.25, 26.25, 26.25, 26.5, 26.5, 26.75, 27, 27.25, 27]",28.400000000000002
2025-05-27T19:37:29.424536,"[26.5, 26.75, 26.75, 27.5, 27.25, 27, 26.5, 27.25, 27, 26.5, 27, 26.75, 27, 26.75, 26.25, 26.5, 26.75, 27, 27.25, 27.25, 27.25, 26.75, 26.5, 26.5, 26.75, 26.5, 26.75, 26.75, 27, 27, 26.5, 27, 26.25, 27, 27.5, 27.25, 27.5, 27, 26.5, 27.25, 26.25, 26.5, 27, 27, 26.75, 27.5, 27, 27, 26.75, 26.25, 26.5, 26.75, 27.25, 27.75, 27.25, 27, 26.25, 26.5, 26, 26.25, 26.75, 26.75, 27.25, 27.5]",28.400000000000002
2025-05-27T19:37:29.682611,"[26.75, 26.5, 26.5, 26.75, 26.5, 27, 26.5, 26.75, 26.75, 26.5, 27, 27, 27, 26.75, 26.5, 27, 26.75, 26.75, 27, 27.25, 27, 26.75, 26.75, 27, 27, 27, 26.75, 26.5, 27, 27, 26.75, 26.75, 26.5, 27, 27.5, 27.25, 27, 26.5, 26.75, 27.25, 26.25, 26.25, 27.25, 26.75, 26.25, 27.25, 27.25, 27, 26, 26.25, 26.5, 27, 27.75, 27.25, 27.25, 26.75, 26.5, 26.5, 26.5, 26.25, 26.75, 27, 27, 26.75]",28.400000000000002
2025-05-27T19:37:29.937557,"[26.75, 26.5, 26.5, 27, 26.75, 27, 26.25, 26.75, 27, 26.75, 26.5, 26.5, 27, 27, 26.75, 27, 26.75, 26.5, 27, 27.25, 27.25, 26.5, 27, 27.25, 26.5, 27, 26.75, 26.75, 26.5, 26.75, 26.75, 26.75, 26.5, 27, 27.5, 27, 27.25, 27, 26.75, 27.25, 26, 26.5, 27, 27, 26.75, 27.25, 26.5, 27, 26.75, 26, 26.5, 27, 27, 27.25, 27.25, 27.25, 26.25, 27, 26.25, 26, 26.5, 27, 27, 27.5]",28.400000000000002
2025-05-27T19:37:30.259447,"[26.5, 26.5, 26.5, 26.75, 27, 26.75, 26.75, 27.25, 27, 26.5, 27, 26.75, 26.5, 26.5, 27, 26.75, 26.75, 26.75, 27.25, 26.75, 26.75, 26.5, 26.75, 26.75, 27.25, 26.25, 26.5, 26.5, 26.75, 27.25, 26.5, 27, 26.5, 27, 28, 27, 27, 27, 27, 27, 25.75, 26.5, 26.5, 27, 26.75, 27, 27, 27, 26.75, 26.25, 26.5, 26.5, 27, 27.25, 27, 27.5, 26.25, 26.25, 26.75, 26.5, 27, 27.25, 27.25, 27.25]",28.400000000000002
2025-05-27T19:37:30.531354,"[26.5, 26.5, 26.5, 27.25, 27, 26.75, 27, 27, 26.5, 26.5, 26.5, 26.75, 26.75, 26.5, 27, 26.5, 26.75, 26.75, 26.75, 26.5, 26.75, 26.75, 27, 26.75, 26.75, 26.5, 26.5, 26.5, 26.5, 27.25, 26.5, 26.75, 27, 27, 27.5, 27, 27, 26.75, 26.75, 27.25, 26.25, 26.25, 27, 26.5, 26.75, 26.75, 27, 26.5, 26.25, 26.75, 26.5, 26.5, 26.75, 27.25, 27, 27.25, 26, 26.5, 26.5, 25.75, 26.25, 27, 27, 27]",28.400000000000002
2025-05-27T19:37:30.778448,"[26.75, 26.75, 26.75, 27, 27.25, 26.5, 26.5, 26.75, 26.75, 26.25, 26.25, 26.25, 27, 26.75, 26.75, 27, 26.75, 26.75, 27.25, 27, 27.25, 26.5, 26.75, 26.5, 27, 27, 26.5, 26.75, 26.75, 27, 26.75, 27, 26.75, 27, 27.25, 27.25, 27, 26.75, 26.5, 27.5, 26.5, 26.5, 27, 27, 26.75, 27.25, 26.75, 27, 26.5, 26.5, 27, 26.75, 27, 27.5, 27.25, 27, 26.25, 26.75, 26.5, 26.25, 26.5, 26.5, 27, 27.25]",28.400000000000002
2025-05-27T19:37:31.041908,"[25.75, 26.75, 26.5, 27, 26.5, 26.5, 26.25, 26.5, 26.75, 26.25, 26.5, 26.75, 26.75, 26.5, 27, 26.5, 26.75, 26.5, 26.75, 26.75, 26.75, 27, 26.75, 26.25, 26.5, 26.5, 26.75, 26.25, 27, 26.5, 26.5, 26.75, 26.5, 27, 27.25, 27, 26.75, 26.75, 26.75, 27, 25.75, 26.5, 26.75, 27, 26.5, 27, 26.5, 26.75, 26.5, 26, 26, 26.5, 26.75, 27, 26.75, 26.75, 27, 26, 26.5, 26.25, 26.75, 26.75, 26.5, 26.25]",28.400000000000002
2025-05-27T19:37:31.300048,"[26.5, 26.5, 26.5, 27, 26.75, 26.75, 26.75, 27.25, 27, 26.25, 26.75, 26.5, 26.75, 26.5, 26.75, 27, 26.75, 26.5, 26.75, 27, 27, 26.75, 26.5, 26.75, 26.75, 27, 26.25, 26.5, 27, 26.75, 26.5, 27, 26.5, 27, 27.5, 27, 26.75, 26.5, 27, 27, 26.25, 26.25, 27, 26.75, 27, 27.5, 26.75, 27.25, 26, 25.75, 26.25, 27, 27, 27.25, 27.25, 27.5, 26.75, 26.5, 26.75, 26.25, 26.5, 26.25, 27, 26.75]",28.400000000000002
2025-05-27T19:37:31.561266,"[26.25, 26.75, 26.25, 27.25, 26.75, 26.5, 26.25, 26.75, 26.5, 26.5, 26.75, 26.5, 27, 26.5, 26.5, 26.75, 27, 26.5, 26.5, 26.75, 27, 26.75, 26.25, 26.75, 27, 26.5, 26.5, 27, 26.75, 26.75, 26.75, 27, 26.5, 26.5, 27.5, 27, 27, 26.75, 26.75, 27, 26.25, 26.25, 26.5, 27, 26.75, 27.5, 26.75, 27, 26.5, 26.5, 26.5, 26.75, 27, 26.75, 27.25, 27, 25.75, 26.75, 26, 25.75, 26.5, 26.25, 26.75, 27]",28.400000000000002
2025-05-27T19:37:31.817301,"[26.5, 26.75, 26.5, 27.25, 27, 27, 26.25, 27.25, 26.5, 26.25, 26.5, 26.5, 26.5, 26.75, 26.75, 26.5, 27, 26.75, 27, 27, 26.75, 26.75, 26.75, 27.25, 26.75, 26.75, 26.75, 26.5, 26.5, 27, 26.75, 27, 26.5, 27, 27.5, 27, 26.75, 26.25, 26.75, 27, 26, 26.25, 26.5, 27, 26.75, 27.5, 27, 27, 26.5, 26.25, 26.5, 26.75, 27.25, 27.25, 27, 27.25, 26.75, 26.25, 26.75, 26, 27, 26.5, 26.75, 27.5]",28.400000000000002
2025-05-27T19:37:32.072254,"[25.75, 26.75, 26.25, 26.75, 26.75, 26.25, 26.75, 27.25, 26.75, 26.75, 26.75, 26.5, 26.75, 26.5, 26.5, 26.5, 26.75, 26.75, 26.75, 26.75, 26.75, 26.5, 26.5, 26.75, 26.5, 26.25, 26.5, 26.25, 26.5, 27, 26.75, 26.75, 26.5, 27, 27.5, 27, 27, 26.75, 26.75, 27, 26, 26.25, 27.25, 27, 26.75, 27, 26.5, 27, 26, 26.25, 26.25, 26.75, 26.75, 26.75, 27, 27, 26.5, 26.25, 26, 26.5, 26.25, 26.75, 26.5, 27.25]",28.400000000000002
2025-05-27T19:37:32.339517,"[26.5, 26.75, 26.5, 26.75, 26.5, 26.75, 26.25, 27, 26.75, 26.75, 26.75, 26.25, 26.75, 26.75, 26.75, 27, 26.75, 26.75, 26.75, 27.5, 26.75, 26.75, 26.5, 26.5, 27, 26.25, 26.5, 26.75, 26.75, 26.75, 26.75, 27.5, 26.75, 27, 27.5, 26.75, 27, 27, 26.75, 27, 26, 26.75, 27, 27, 27, 27.5, 26.5, 26.75, 26.5, 26.5, 26.25, 27, 27.25, 27.25, 27.5, 27.25, 27, 27, 26, 26.5, 27, 26.75, 26.5, 26.5]",28.400000000000002
2025-05-27T19:37:32.592422,"[26.5, 26.75, 26.25, 26.75, 27, 26.75, 26, 27.25, 26.5, 26.25, 26.75, 26.5, 26.25, 26.5, 26.5, 26.5, 26.5, 26.5, 26.75, 27.25, 27.25, 26.75, 26.5, 27, 26.75, 26.25, 26.25, 26.5, 27, 27, 26.5, 27, 26.5, 27, 27.5, 27.25, 27.5, 27, 27, 27.5, 26.5, 26.75, 26.75, 26.75, 26.5, 27.5, 26.5, 27.25, 26.75, 26.5, 26.75, 26.75, 27, 27.5, 27, 27.25, 26.75, 26.25, 26.25, 26.25, 26.75, 26.75, 27.75, 26.75]",28.400000000000002
2025-05-27T19:37:32.877736,"[26, 27, 26.5, 27, 26.75, 27, 26.25, 27, 26.75, 26.25, 26.75, 27, 26.5, 26.75, 26.5, 26.75, 27, 26.75, 27, 26.75, 27, 26.75, 26.5, 26.25, 26.5, 26.5, 26.75, 26.75, 27, 26.5, 27, 27, 26.75, 26.75, 27.5, 27.25, 26.75, 26.75, 26.5, 27, 26, 26.5, 26.75, 27, 26.5, 27, 26.75, 26.5, 26.75, 26.25, 26.5, 27, 27, 27.25, 27.25, 27, 26.5, 27, 26, 26.25, 27, 26.5, 26.5, 26]",28.400000000000002
2025-05-27T19:37:33.136717,"[26.5, 26.75, 26.25, 27.25, 27, 27, 26, 27, 26.75, 26.25, 26.75, 26.5, 26.5, 26.5, 26.75, 26.75, 26.75, 26.75, 26.75, 27, 27, 26.5, 26.5, 26.5, 27, 26.75, 27, 26.75, 26.75, 26.5, 26.5, 27, 26.5, 26.75, 27.5, 27, 27, 26.25, 26.75, 26.75, 26.25, 26.25, 27, 26.75, 26.5, 27, 26.75, 26.5, 26.5, 26.25, 26.25, 26.5, 27, 26.75, 27, 27, 26, 26.25, 26, 26.5, 26.5, 27.25, 27.25, 26.25]",28.400000000000002
2025-05-27T19:37:33.389282,"[26.25, 26.75, 26.25, 27, 27, 27, 26.5, 27.25, 26.75, 26.25, 26.5, 26.5, 26.5, 26.5, 26.75, 26.75, 26.75, 27, 26.75, 27, 27, 27, 26.5, 26.75, 26.75, 26.25, 27, 26.5, 26.5, 27.25, 26.75, 27, 26.5, 27, 28, 27, 27, 26.75, 27, 27.5, 26.5, 26.5, 27, 26.75, 26.75, 27, 27, 26.75, 26.75, 26.25, 26.25, 26.75, 27.25, 27.5, 27.25, 27.5, 26.75, 26, 26, 26.25, 26.75, 26.25, 26.75, 27.5]",28.400000000000002
2025-05-27T19:37:33.648548,"[25.75, 26.75, 26.25, 27, 26.5, 26.75, 26, 27.25, 26.25, 26.5, 26.75, 26.75, 26.75, 26.75, 26.75, 26.75, 26.5, 27, 26.5, 26.75, 26.5, 26.75, 26.25, 26.25, 26.75, 26.75, 26.75, 26.75, 26.5, 26.5, 26.5, 27, 26.5, 27, 27.75, 27, 26.75, 26.75, 26.75, 26.5, 26.25, 26.5, 26.75, 27, 26.75, 27, 26.75, 26.25, 26.75, 26.5, 26.25, 26.5, 27.25, 27.5, 27.25, 27, 26.5, 26, 26, 26.75, 26.5, 26.75, 27, 27.25]",28.400000000000002
2025-05-27T19:37:33.906227,"[26.5, 26.75, 26.25, 27, 26.75, 26.75, 26.75, 27.25, 26.75, 26.5, 26.75, 27, 27, 26.5, 26.75, 27.25, 26.75, 27, 26.75, 26.75, 26.75, 27, 26.5, 26.75, 26.75, 26.5, 26.75, 26.5, 26.5, 27, 26.75, 26.75, 27, 27, 27.75, 27, 27, 26.5, 27, 27.25, 26.75, 26.5, 27, 27, 27, 27.25, 27.25, 27.25, 26.75, 26.75, 26.5, 27.25, 27, 27, 27.25, 27.25, 27, 26.25, 26, 26.75, 26.75, 27, 27, 27.25]",28.400000000000002
2025-05-27T19:37:34.225693,"[26.75, 26.75, 26.75, 26.75, 27.25, 26.5, 26.75, 27, 26.75, 26.5, 26.5, 26.75, 27, 27, 26.75, 26.75, 26.75, 26.75, 27.25, 27.25, 27, 27, 26.75, 27, 26.75, 26.75, 26.5, 26.75, 26.75, 27, 26.75, 26.75, 26.75, 26.5, 27.75, 27, 27.25, 26.75, 26.75, 27, 26, 26.25, 27, 26.5, 26.5, 26.75, 27, 27, 26.5, 26.25, 26, 27, 27.25, 27.25, 27.25, 27.25, 26.5, 26, 26.25, 26.5, 26.5, 27, 27.25, 27.5]",28.400000000000002
2025-05-27T19:37:34.520816,"[26.5, 27, 26.75, 27.5, 27, 26.75, 26.5, 27.25, 27, 27, 26.75, 26.5, 26.75, 27, 26.75, 26.75, 27, 27, 27, 27, 27, 27, 27, 26.5, 27, 26.5, 27, 27, 27, 26.5, 27, 26.75, 27, 26.75, 27.75, 27, 27.25, 27, 27.25, 27, 26.25, 26.5, 27.25, 27, 27, 27.25, 26.75, 26.5, 26.25, 26.5, 26.75, 26.75, 26.75, 27, 27.25, 27.25, 26.75, 26.25, 26.5, 26.5, 26.5, 27, 27.25, 27]",28.400000000000002
2025-05-27T19:37:34.775935,"[26.5, 27, 26.5, 27.25, 26.25, 26.75, 26.25, 27.5, 26.75, 27, 26.75, 26.75, 26.75, 26.5, 26.75, 26.75, 26.75, 27, 26.75, 27, 26.75, 26.75, 27, 26.5, 26.5, 26.5, 26.75, 26.5, 27, 26.75, 26.5, 26.75, 26.75, 26.75, 27.5, 27.75, 27, 26.75, 26.75, 27, 26, 26, 26.75, 26.5, 26.75, 27.25, 26.75, 27.25, 26.25, 26.5, 26.5, 26.75, 27, 27, 27.25, 26.75, 26.75, 26.25, 26.5, 26.25, 26.5, 27.25, 26.5, 27.5]",28.400000000000002
2025-05-27T19:37:35.031729,"[26.25, 26.25, 26.5, 27, 27, 26.75, 27, 27.75, 27, 26.75, 26.75, 27, 26.75, 26.75, 26.75, 26.75, 27, 27, 27.25, 27, 27.5, 27, 26.75, 27, 27.5, 27, 27.25, 26.75, 27, 27, 27, 27, 26.75, 27, 27.5, 27.25, 27.25, 26.75, 27, 27.25, 26.25, 26.5, 27.5, 27, 26.75, 27.25, 27, 27, 26.25, 26.5, 26.25, 27, 27, 27.5, 27, 27, 27, 26.25, 26.25, 26.5, 27, 26.75, 27, 27.25]",28.400000000000002
2025-05-27T19:37:35.288559,"[26.5, 26.75, 26.25, 27, 27, 27, 27, 27.25, 26.5, 26.75, 27, 27, 26.5, 27, 26.75, 27, 26.5, 26.5, 27, 26.5, 27, 26.75, 26.75, 26.75, 26.75, 26.25, 26.75, 26.75, 26.5, 26.75, 26.75, 27, 27.25, 27.25, 27.75, 27.25, 27, 27.25, 27.25, 27.5, 25.75, 26, 27, 26.75, 26.75, 27.5, 26.75, 26.25, 26.25, 26.25, 26.5, 27.25, 27, 27.5, 27.25, 27.5, 26.25, 26.5, 26.5, 26.5, 26.75, 26.5, 27, 27.25]",28.400000000000002
2025-05-27T19:37:35.573265,"[26.5, 26.75, 26.5, 27.25, 27.25, 27, 26.5, 27.25, 26.5, 26.5, 27, 26.75, 27, 26.75, 27, 26.75, 27, 26.75, 27.25, 27, 27.25, 27, 27, 27, 26.75, 26.75, 26.75, 27, 26.75, 27, 26.75, 26.75, 26.75, 27.25, 27.75, 27, 27.25, 27.25, 27.25, 27.5, 26.5, 26.5, 27.25, 27.25, 26.75, 27.5, 27.25, 27.5, 26.75, 27, 26.5, 27.25, 27.5, 27.25, 27.5, 27.25, 27, 26.75, 26.25, 26, 27.25, 26.5, 27.25, 27.25]",28.400000000000002
2025-05-27T19:37:35.885723,"[26.5, 27, 26.25, 27.5, 27, 26.5, 26.5, 26.75, 26.5, 26.25, 26.75, 27, 26.75, 26.75, 26.5, 26.5, 27, 26.75, 27.25, 27, 27, 26.75, 26.5, 26.5, 27, 27, 27, 26.25, 26.75, 26.75, 27, 26.5, 26.5, 27, 27.75, 27.25, 27, 27.25, 27.25, 27.25, 26.25, 26.5, 27.25, 27, 26.75, 27.5, 26.75, 27, 26.25, 26.5, 26.75, 27, 27, 27.25, 27.75, 27, 26.25, 26.25, 26.25, 26.25, 26.75, 27.25, 27.5, 27]",28.400000000000002
2025-05-27T19:37:36.101209,"[26.75, 27.5, 26.25, 26.75, 26.75, 26.75, 26.5, 27.25, 26.75, 27, 27.25, 27, 27.5, 26.75, 27, 27, 27, 26.75, 27, 27.25, 27.5, 27, 26.5, 26.75, 27, 27.25, 26.75, 26.75, 27, 26.75, 26.75, 26.5, 26.75, 27.25, 27.75, 27.5, 27, 27, 27.25, 27.75, 26.25, 26.5, 27.25, 26.75, 27.25, 27.5, 27, 27.5, 26.75, 27.25, 26.75, 27, 27.25, 27.75, 27.25, 27.5, 26.5, 26.5, 26.25, 26.75, 26.75, 27.25, 27.25, 27]",28.400000000000002
2025-05-27T19:37:36.360452,"[26, 26.5, 26.75, 26.75, 27.25, 27.25, 27, 27.5, 26.25, 26.75, 27, 26.75, 26.75, 26.75, 27, 27.25, 26.75, 27, 26.75, 27, 27.25, 26.75, 26.75, 26.75, 27, 26.75, 26.5, 26.5, 27, 26.75, 26.75, 26.75, 26.5, 27.25, 27.5, 27.25, 27.25, 27, 26.5, 27.25, 26.75, 26.5, 27.25, 27, 27, 27.25, 27, 27, 26.5, 26.25, 26.5, 26.75, 26.75, 27, 27.25, 27, 27, 26.5, 26.75, 26.5, 26.75, 27.25, 27.25, 27]",28.400000000000002
2025-05-27T19:37:36.613129,"[26.75, 27.5, 26.75, 27.5, 27, 26.5, 26.25, 27, 27, 26.75, 27, 27, 27.25, 27, 27.25, 27, 27, 27.25, 27, 27, 27.25, 26.5, 26.75, 26.75, 27, 26.75, 26.75, 26.75, 26.75, 27.25, 26.75, 26.75, 27, 27.25, 27.75, 27.5, 27.25, 27.25, 27.25, 27.5, 26.25, 26.5, 27.25, 27, 26.75, 27.75, 27, 27.5, 26.5, 27, 27, 27.25, 27.5, 27.25, 27.75, 27.5, 26.75, 26.75, 26.75, 26.5, 27, 27, 27.25, 27]",28.400000000000002
2025-05-27T19:37:36.867490,"[26.5, 27, 26.5, 26.75, 26.75, 27, 26.5, 27, 27, 26.25, 27, 26.5, 27, 26.5, 27, 26.75, 27, 26.75, 27.25, 27, 27, 26.75, 26.25, 26.5, 27.25, 26.75, 26.5, 26.25, 26.75, 26.75, 26.5, 26.5, 26.75, 27.25, 27.5, 26.75, 27, 27, 27.25, 27.25, 26, 26.25, 27, 27, 26.75, 27.5, 27, 27.5, 26.75, 26.75, 26.25, 27, 27.25, 27.25, 26.75, 27.25, 26.5, 26.5, 25.75, 26.25, 26.5, 26.75, 27, 27.25]",28.400000000000002
2025-05-27T19:37:37.164101,"[26.5, 27, 26.75, 27, 27.25, 27.25, 27, 28, 27, 26.75, 27, 26.5, 26.75, 26.5, 27, 27.25, 27.25, 26.5, 27.5, 27.25, 27.5, 27.25, 26.5, 26.75, 27.25, 26.75, 27.25, 27, 27, 27, 26.75, 27.25, 26.75, 27, 27.75, 27.25, 27.5, 27, 27.25, 27.5, 26.75, 26.75, 27.5, 27.25, 27, 27, 27, 27.25, 26.75, 26.25, 27, 26.75, 27.25, 27.5, 27.5, 27, 27, 26.5, 27, 26.5, 27, 27.25, 26.75, 27.25]",28.400000000000002
2025-05-27T19:37:37.417217,"[27, 26.75, 26, 27.25, 27.25, 26.75, 26.5, 27.25, 26.75, 26.25, 27, 26.5, 26.25, 27.25, 26.75, 26.5, 26.75, 27, 27.25, 27.25, 27.25, 27.25, 26.75, 26.75, 26.75, 26.75, 27, 26.75, 27.75, 26.75, 26.75, 27, 27, 26.75, 28, 27.25, 27, 27, 26.75, 27.25, 26.5, 26.5, 27.25, 26.75, 26.75, 27.25, 27, 27, 26.25, 26.25, 26.25, 27, 27.25, 27, 27, 27.5, 27, 26.5, 26.25, 26.5, 27, 27, 27.25, 27.5]",28.400000000000002
2025-05-27T19:37:37.673052,"[26.75, 26.75, 26.25, 27.5, 27.75, 27, 27, 27.5, 27.25, 27, 27, 27, 27, 27, 26.75, 27, 27.25, 27, 27.25, 27.5, 27.25, 27.25, 27, 27.5, 27.25, 26.75, 27, 27, 27.25, 27.5, 27, 27, 26.75, 27, 28, 27.25, 27.75, 27, 27.25, 27.25, 26.5, 26.5, 27.25, 27, 27, 27.25, 27, 27.25, 26.5, 26.25, 26.5, 27.25, 27.25, 27.75, 27.25, 27.25, 27, 26.75, 26.25, 26.5, 27, 27.5, 27.25, 27.25]",28.400000000000002
2025-05-27T19:37:37.947917,"[27, 26.5, 26.75, 26.75, 26.5, 26.75, 26.75, 27, 27, 27, 27.25, 27.25, 27, 26.75, 27, 27, 26.75, 26.75, 27, 27.25, 27, 27, 26.5, 26.75, 27.25, 27, 27.25, 26.5, 27, 26.75, 26.75, 27, 26.75, 27, 27.5, 27.25, 27, 26.75, 27, 27, 26.5, 26.5, 27, 27.25, 26.5, 27.5, 27.25, 27, 26.5, 26.5, 26.5, 26.75, 27.5, 27.25, 27.25, 27.75, 26.5, 26.75, 26.25, 27, 27, 27, 27.25, 27.5]",28.400000000000002
2025-05-27T19:37:38.186200,"[26.5, 26.75, 26.25, 27.25, 27.5, 27.25, 26.25, 27.25, 27.25, 26.5, 27.25, 27.25, 27, 27, 27.25, 27.5, 27.25, 27, 27.25, 27, 27, 27.25, 26.75, 27, 27, 27.25, 27, 26.75, 27, 27.25, 27.25, 27, 26.75, 27.25, 27.75, 27.5, 27.25, 26.75, 27.25, 27.5, 26, 26.75, 27.25, 27.5, 27, 27.5, 27, 27.25, 26.75, 26.5, 26.75, 26.75, 27.25, 27.75, 27.25, 27.25, 27.25, 26.75, 26.5, 26.5, 27, 27.5, 27.25, 27.5]",28.400000000000002
2025-05-27T19:37:38.479526,"[26.5, 27, 26.5, 27, 27.25, 27, 27, 27.5, 27, 26.5, 26.5, 26.75, 26.75, 26.75, 26.75, 26.25, 26.75, 26.75, 26.75, 27, 26.75, 27, 26.75, 26.75, 26.75, 26.75, 27, 26.5, 26.75, 26.75, 27, 27, 26.5, 27.25, 27.5, 27, 27.25, 27.25, 27, 27, 26.25, 26.5, 27.25, 26.75, 26.75, 27.25, 27, 27, 26.25, 26.5, 27, 27.25, 27, 27.25, 27, 27.5, 26.25, 26.25, 26.75, 26.75, 26.5, 27, 26.75, 27]",28.400000000000002
2025-05-27T19:37:38.693632,"[26.75, 27, 26.5, 27.5, 27.25, 27.25, 27, 26.75, 26.75, 27, 27.25, 27, 27, 27.25, 27, 27.25, 26.75, 27, 27.25, 27.25, 27.5, 27, 27, 27.25, 27.25, 27, 26.75, 27, 27.25, 27, 27, 27.25, 27, 27, 27.75, 27.25, 27.5, 27.25, 27, 27.25, 26.5, 26.75, 27.25, 27.25, 26.75, 27.5, 27.5, 27, 26.75, 27, 26.75, 27, 27.25, 27.75, 27.25, 27.75, 26.75, 26.75, 26.5, 26.5, 26.75, 26.75, 27.25, 27.5]",28.400000000000002
2025-05-27T19:37:38.951394,"[26.75, 26.75, 26.25, 27, 27.25, 27, 27, 27, 26.75, 26.75, 26.75, 27, 27, 26.75, 26.5, 26.75, 26.75, 27, 26.75, 27, 26.75, 26.75, 26.75, 26.5, 27, 26.75, 27, 27, 26.5, 27, 26.75, 26.75, 26.75, 26.75, 28, 27.25, 27, 27, 27, 27.25, 26.5, 26.5, 26.75, 26.75, 27, 27.5, 26.75, 27.25, 26.25, 26.5, 26.75, 27, 27, 27.25, 27.25, 27.25, 26.75, 26.5, 26.25, 26.75, 27.25, 26.75, 27.5, 26.75]",28.400000000000002
2025-05-27T19:37:39.203877,"[26.75, 27, 26.75, 27.75, 27.25, 27, 27, 27.75, 27, 27, 27.25, 27, 27.25, 27, 27, 27.75, 27, 27.25, 27.25, 27, 27.25, 27.25, 26.75, 27, 27, 27, 27, 26.75, 27.25, 27.5, 27.25, 27.25, 26.5, 27.5, 27.75, 27.25, 27.5, 27, 27.25, 27.5, 26.5, 26.75, 27.25, 26.75, 27.25, 27.75, 27, 27, 26.5, 26.25, 26.5, 27, 27.5, 28, 27.5, 27.25, 27, 26.5, 26.75, 26.5, 27, 27.25, 27, 27.5]",28.400000000000002
2025-05-27T19:37:39.484197,"[26.75, 26.5, 26.75, 27, 27.25, 27, 26.75, 27.25, 27, 26.5, 26.75, 26.5, 27, 26.75, 27, 26.75, 26.75, 27, 26.75, 26.75, 27.25, 27, 27, 26.75, 26.75, 26.75, 26.75, 26.5, 26.75, 27.25, 26.75, 27, 26.75, 27.25, 27.75, 27.25, 27.5, 27, 27.25, 27, 26.25, 26.5, 27.25, 27.25, 26.75, 27.5, 27, 27.25, 26.25, 26.75, 26.75, 27, 27.25, 27.75, 27.75, 26.75, 27, 26.75, 26.25, 26.5, 26.75, 26.5, 27, 27.25]",28.400000000000002
2025-05-27T19:37:39.737587,"[26.25, 27.25, 27, 27.25, 27.25, 27, 26.5, 27.25, 26.75, 26.75, 27.25, 27, 27.25, 27, 27, 27.25, 27.5, 27, 26.75, 27.25, 27.25, 27.25, 26.75, 27, 27, 26.75, 26.75, 26.75, 27, 26.75, 27.5, 27, 27, 27.25, 28, 27.25, 27.25, 27.5, 27.25, 27.25, 26.5, 26.5, 27.25, 26.75, 27.5, 27.5, 27, 27.25, 26.5, 27, 26.5, 27.25, 27.25, 27.25, 27.25, 27.75, 27.25, 26.75, 26, 26.75, 26.5, 26.75, 27.25, 27.25]",28.400000000000002
2025-05-27T19:37:40.009178,"[26.25, 27, 26.25, 27.25, 27.25, 27, 26.75, 27.25, 27, 26.25, 27, 26.75, 26.75, 26.75, 26.75, 27, 26.75, 27, 26.75, 27.25, 27, 27, 26.5, 26.75, 27, 26.5, 27, 26.75, 27, 26.75, 27, 27.25, 26.75, 27.25, 27.5, 27, 27, 27.25, 27.25, 27.25, 26, 26.5, 27.25, 27.25, 27, 27, 27, 26.75, 26.5, 26.5, 26.75, 27, 27.5, 27.25, 27.25, 27, 26.75, 26.5, 26.5, 26.5, 26.25, 26.75, 27.25, 27.75]",28.400000000000002
2025-05-27T19:37:40.256139,"[26.75, 27, 26.5, 27.25, 27.5, 27, 26.75, 27.25, 27.25, 26.75, 27.5, 26.5, 27.25, 27, 27, 26.75, 27, 27.25, 27, 27, 27.5, 27, 27, 27.25, 27.5, 27.25, 27, 26.75, 27, 27, 27, 27, 27, 27.25, 27.75, 27.25, 27.25, 27.25, 26.75, 27.5, 26.5, 26.5, 27, 27, 26.75, 27.75, 27.5, 27.75, 26.5, 26.75, 26.75, 27.25, 27.25, 27.5, 27.75, 27, 27, 26.75, 26.25, 26.5, 27, 27.25, 27.25, 27.75]",28.400000000000002
2025-05-27T19:37:40.525282,"[26.75, 27.25, 27, 27, 26.75, 26.75, 26.5, 27.25, 26.75, 26.75, 27, 26.75, 26.75, 26.75, 26.75, 26.75, 26.75, 27.25, 27, 27, 27.25, 27.25, 26.75, 26.75, 27, 27, 26.75, 26.75, 27, 27, 26.75, 27.25, 26.75, 26.75, 27.75, 27.25, 27, 26.75, 27, 27.25, 26.75, 26.5, 27.25, 27, 26.75, 27.5, 27, 27, 26.25, 26.75, 27, 27, 27.25, 27, 27.5, 27.25, 26.75, 26.75, 26.75, 26.5, 27, 26.5, 27.25, 26.75]",28.400000000000002
2025-05-27T19:37:40.798718,"[26.75, 27, 26.75, 27, 27.25, 27, 26.5, 27.5, 27.5, 26.75, 27.25, 27.25, 27, 27.25, 27, 27, 27, 27, 27.25, 27.5, 27.25, 27.5, 26.75, 27.25, 27.25, 27, 26.75, 27, 27.25, 27.25, 26.75, 27, 27.5, 27, 28.25, 27.5, 27.25, 27, 27.25, 27.75, 26.5, 26.75, 27.25, 27.5, 26.75, 27.5, 27.25, 27.5, 26.75, 26.5, 27.25, 26.75, 28, 27.75, 27.25, 27.25, 27, 27, 26.75, 26.5, 26.75, 27.25, 27.75, 27.25]",28.400000000000002
2025-05-27T19:37:41.055994,"[26.25, 26.75, 26.75, 27, 27, 27.25, 27, 26.75, 27, 26.5, 26.75, 26.75, 26.75, 27, 26.75, 26.75, 27, 27.25, 27, 27.25, 27.25, 26.75, 26.75, 27.75, 26.75, 27, 27, 27, 26.75, 26.75, 26.75, 27, 26.75, 27, 27.75, 27.25, 27.25, 27, 27.25, 27.5, 26.5, 27, 27, 27.25, 26.75, 27.25, 27, 27, 26.75, 26.75, 26.75, 27.25, 27.25, 27.5, 27.25, 27.5, 26.5, 26.5, 26.5, 26.25, 26.75, 26.75, 27.25, 27.5]",28.400000000000002
2025-05-27T19:37:41.312056,"[27.25, 26.75, 26.75, 27.5, 27.25, 27.5, 26.75, 27, 27.25, 27, 27.25, 26.75, 27.25, 27.25, 26.75, 26.75, 26.75, 27.25, 27, 27.5, 27.25, 26.75, 27, 26.75, 26.75, 26.5, 26.75, 26.75, 27, 26.75, 27, 27.25, 27.25, 27, 28, 27.25, 27, 27, 27.5, 27.25, 26, 26.75, 27.75, 27, 27, 27.5, 27.5, 27.5, 27, 26.5, 26.75, 27.25, 27.5, 27.75, 27.75, 27.25, 26.75, 26.75, 26.5, 26.5, 27, 26.5, 27.5, 27.5]",28.400000000000002
2025-05-27T19:37:41.579141,"[26.25, 26.5, 26.5, 27.25, 27, 27, 26.75, 27.5, 26.75, 26.5, 27, 27, 27.25, 26.75, 26.75, 27, 27, 26.75, 26.75, 27.25, 27.25, 27, 26.75, 27.25, 26.75, 27.25, 27.25, 27, 27, 27, 26.75, 27.25, 27, 27.25, 27.5, 27.5, 27.25, 27, 27.25, 27.75, 26.5, 26.75, 27.25, 27.25, 27, 27.25, 27.25, 27, 26.5, 26.75, 26.5, 26.5, 27.25, 27.25, 27, 27.5, 26.75, 26.25, 26.5, 26.25, 27, 26.75, 26.75, 27.25]",28.400000000000002
2025-05-27T19:37:41.826652,"[26.5, 26.75, 26.5, 27, 27.25, 27, 26.75, 26.75, 26.75, 26.5, 27.25, 26.75, 27, 26.75, 26.75, 26.75, 27, 27, 27.5, 27.25, 27.5, 27, 27.25, 27, 27, 26.75, 26.75, 26.75, 27.25, 27, 26.75, 27.25, 27, 27.25, 28.25, 27.75, 27.5, 27, 27, 27.5, 26.75, 26.5, 27, 27.5, 27, 28, 27, 27.5, 26.5, 27, 27, 27, 27.5, 27.5, 27.5, 27.25, 26.75, 26.75, 26.5, 26.5, 26.5, 27.25, 27.25, 27.5]",28.400000000000002
2025-05-27T19:37:42.122196,"[26.75, 26.75, 26.25, 27.25, 27.25, 27.25, 26.75, 26.75, 27, 26.5, 27, 26.75, 26.75, 26.5, 26.75, 26.5, 27.25, 27, 27, 27.25, 27, 27, 27, 26.75, 26.75, 26.75, 26.75, 26.5, 26.75, 26.5, 26.5, 26.75, 27, 27.25, 27.5, 27, 27.5, 27, 27.25, 27.25, 26.5, 26.75, 27.25, 27, 26.75, 27.5, 27.25, 27, 26.5, 27, 26.5, 27, 27.25, 27.25, 26.75, 27.25, 26.5, 26.25, 26.25, 26.5, 26.75, 26.75, 27.25, 27.25]",28.400000000000002
2025-05-27T19:37:42.378078,"[26.75, 26.5, 26.75, 27.25, 27.25, 27, 27.25, 27.25, 27.5, 26.75, 27, 27, 27, 27.25, 26.75, 27.25, 27.5, 27.5, 27, 27.5, 27.25, 27.25, 26.75, 27, 27.5, 26.75, 27, 27, 26.75, 27.25, 27, 26.5, 27, 27, 27.75, 27.5, 27.25, 26.75, 27.25, 27.25, 26, 26.75, 27, 27, 26.75, 28, 27.25, 27.25, 26.5, 26.5, 26.75, 27, 27.5, 27.75, 27.5, 27.5, 26.5, 26.5, 26.25, 26.5, 26.75, 27.25, 27.5, 27.75]",28.400000000000002
2025-05-27T19:37:42.644936,"[26.25, 27, 26.5, 27.25, 27, 26.75, 26.75, 27.5, 27.25, 26.75, 27, 27, 26.75, 26.75, 27.25, 27, 26.5, 27, 27, 27, 27.5, 26.75, 27, 26.75, 26.75, 26.75, 26.75, 27, 26.75, 27, 26.75, 27, 27, 27.25, 27.5, 27.5, 27.5, 27, 27.25, 27.25, 26, 26.5, 27, 27, 26.75, 27.75, 27.25, 27, 26.75, 26.75, 26.75, 26.75, 27.25, 27.25, 27.25, 27.5, 26.5, 26.5, 26.5, 26.75, 27, 26.75, 27, 27.25]",28.400000000000002
2025-05-27T19:37:42.897885,"[26.5, 26.75, 26.5, 27.5, 27, 26.75, 27.25, 27, 27, 27, 27.25, 26.75, 27, 27.25, 27.25, 27, 27.25, 27, 27, 27, 27, 27, 26.75, 27.25, 27.5, 26.5, 27.25, 26.75, 27.25, 27.25, 27.25, 27.25, 26.5, 27.75, 28, 27.25, 27.25, 27.25, 27.25, 27.5, 26.5, 26.75, 27.25, 27, 27.25, 27.5, 27.25, 27.25, 26.5, 26.75, 27, 26.75, 27.75, 27.75, 27.25, 27.5, 26.25, 26.75, 26.25, 27, 27.25, 27.5, 27.75, 27]",28.400000000000002
2025-05-27T19:37:43.155074,"[26.25, 26.75, 26.5, 27, 27, 27, 26.5, 27.25, 27.25, 26.75, 27, 26.5, 27.25, 27, 27, 27, 26.75, 27, 27.25, 27.25, 27.5, 27, 26.75, 26.75, 27, 26.75, 27.25, 27, 27, 26.75, 26.75, 27.25, 26.5, 26.75, 27.5, 27, 27.25, 27, 27.25, 27.25, 26.5, 26.5, 26.5, 27.25, 27, 27.5, 27, 27, 26.75, 26.75, 26.5, 26.75, 27, 27.5, 27.5, 27, 26.75, 26.25, 26.75, 26.75, 27, 27, 27.25, 27]",28.400000000000002
2025-05-27T19:37:43.436127,"[27.25, 26.5, 26.75, 27.5, 27.25, 27, 26.75, 27.5, 27, 26.75, 27, 27.25, 27.25, 27, 27, 27, 27, 26.75, 27.25, 27.25, 27.25, 27, 27, 27.25, 27.25, 27, 27, 26.75, 27, 27, 27, 26.75, 27, 27.25, 27.75, 27.25, 27, 27.25, 26.75, 27.5, 27, 26.5, 27.25, 27.25, 27.25, 27.5, 27.25, 28, 27, 26.5, 26.75, 27, 27.75, 27.75, 27.25, 27.5, 26.75, 26.75, 26.5, 27, 27, 27.5, 26.75, 27.5]",28.400000000000002
2025-05-27T19:37:43.699985,"[26.75, 27.25, 26.5, 27.5, 27.25, 27, 26.75, 27.25, 26.25, 27, 26.75, 27, 27, 26.5, 26.75, 27.25, 27, 26.75, 27, 27, 27.5, 26.75, 27, 26.5, 26.75, 27, 26.5, 27, 26.75, 27, 27.25, 26.75, 26.5, 26.75, 28, 27.5, 27.25, 26.75, 27, 27.25, 26.5, 26.75, 27, 27.25, 26.5, 27.5, 26.75, 27, 26.25, 26, 26.5, 27, 27, 27.25, 27, 27.25, 26.75, 26.25, 26.25, 26.25, 26.75, 26.5, 27, 27.25]",28.400000000000002
2025-05-27T19:37:43.990964,"[27, 27, 26.75, 27, 27.25, 27.5, 27, 27.5, 26.75, 26.75, 26.75, 27, 27, 26.75, 27.25, 26.75, 26.75, 27, 27, 27.25, 27.25, 27, 26.75, 27.5, 27.5, 27, 26.75, 26.5, 26.75, 27, 27, 26.75, 26.5, 27.25, 27.75, 27.25, 27.25, 27, 26.75, 27.5, 26, 26.5, 26.75, 27.25, 27, 27.75, 27, 27.25, 26.5, 26.5, 26.75, 27, 27.5, 27.5, 27.25, 28, 27, 26.5, 26.5, 26.5, 27, 26.5, 27.5, 27]",28.400000000000002
2025-05-27T19:37:44.222668,"[26.5, 26.5, 26.75, 27, 27.25, 27, 26.75, 27.25, 27, 26.75, 27, 26.75, 26.75, 26.75, 26.75, 26.75, 27, 26.75, 27, 27, 27, 26.5, 27, 26.75, 27, 26.75, 26.75, 26.75, 27, 27.25, 26.75, 26.75, 26.5, 27.25, 27.75, 27, 27, 27, 27, 27.25, 26.25, 26.25, 27, 27, 26.25, 27, 27, 26.75, 26, 25.75, 27, 27, 27.25, 27, 27.25, 27, 26.25, 26.25, 26, 26.5, 27.25, 27, 27.25, 27.25]",28.400000000000002
2025-05-27T19:37:44.483924,"[26.5, 26.75, 26.75, 27.5, 27, 26.75, 27, 27.25, 26.75, 26.5, 27, 27, 26.75, 27, 26.75, 27.25, 27, 27.5, 27.5, 27.5, 27.5, 26.75, 27, 26.75, 27.25, 27, 27, 27.25, 27, 27, 26.75, 27, 27, 27.75, 27.75, 27.5, 27.25, 26.75, 27.25, 27.25, 26.75, 26.5, 27, 27.25, 26.75, 27.75, 27.25, 27.25, 26.75, 26.5, 26.75, 27.25, 27.25, 27.5, 27.5, 27.75, 27, 26.75, 26.25, 26.25, 26.75, 26.5, 27, 28]",28.400000000000002
2025-05-27T19:37:44.761985,"[26.5, 26.75, 26.75, 27, 26.75, 27.25, 26.5, 27, 26.75, 26.75, 26.75, 26.75, 26.5, 26.75, 26.75, 26.75, 27, 26.75, 27, 27.25, 27.25, 27, 27, 27, 26.75, 26.75, 26.75, 26.75, 26.5, 27, 26.75, 27.25, 26.75, 27, 27.75, 27.5, 27, 27, 27, 27.5, 26.5, 26.25, 26.75, 27, 26.75, 27.25, 26.75, 27.25, 26.25, 26.5, 26.75, 26.5, 27.25, 27.25, 28, 27.5, 26.75, 26.25, 26.5, 26.5, 26.75, 26.75, 27.5, 27.25]",28.400000000000002
2025-05-27T19:37:45.022022,"[26.75, 26.5, 26.5, 27, 27.25, 27.25, 26.5, 27.5, 26.75, 26.75, 27.25, 27, 27.25, 26.75, 27.25, 26.75, 27, 26.75, 27.25, 27.25, 27.25, 27.25, 27, 27, 27.25, 26.75, 26.75, 26.75, 26.75, 27, 26.75, 27.5, 27, 27, 27.5, 27.75, 27, 27, 27.25, 27, 26.5, 26.5, 27.25, 27.25, 27, 27.25, 27.25, 27.25, 26.75, 26.75, 26.75, 27, 27.25, 27.5, 27.25, 27.5, 27, 26.75, 26.25, 27.25, 27, 27, 27.5, 27.75]",28.400000000000002
2025-05-27T19:37:45.278911,"[26.75, 26.75, 26.5, 27, 26.75, 26.5, 26.75, 26.5, 27, 26.75, 27, 26.75, 27, 27, 26.75, 27, 27.5, 27, 27, 27.25, 26.75, 27.5, 27, 27, 27.25, 26.75, 26.75, 27, 27, 27, 27, 26.75, 26.5, 26.75, 28, 27, 27.25, 26.75, 26.75, 27, 26.5, 26.25, 27, 27.25, 27, 27.5, 27.25, 27.25, 26.75, 26.25, 26.5, 27, 26.75, 27, 27.5, 27, 26.5, 26.25, 26.25, 26.25, 26.75, 26.75, 26.75, 27]",28.400000000000002
2025-05-27T19:37:45.558841,"[26.5, 27, 26.5, 27.5, 27, 27.25, 26.5, 27.5, 27.5, 26.75, 27, 27, 27, 27.25, 26.75, 27, 26.25, 27, 27.25, 27, 27.25, 27.5, 26.75, 27, 27.5, 27, 26.75, 27, 26.75, 27, 27.25, 27.5, 27, 27.25, 27.75, 27.25, 27.25, 27, 27.25, 27.25, 26.25, 26.75, 27.25, 27, 27, 27.25, 27.75, 27.25, 26.75, 26.75, 26.75, 27, 27, 27.25, 27, 27.25, 26.75, 27.25, 26.5, 26.75, 27.25, 27.25, 27.5, 27.5]",28.400000000000002
2025-05-27T19:37:45.824047,"[26.5, 27, 26.5, 27.25, 27, 26.75, 26.75, 27.5, 27, 26.75, 27, 26.75, 27, 27, 26.75, 27, 27, 26.5, 27, 27, 27, 26.75, 26.5, 27.25, 27, 27, 27, 26.75, 27, 27, 26.75, 26.75, 26.75, 26.75, 27.75, 27, 27.25, 26.75, 27, 27, 26, 26.5, 27, 26.75, 27, 27.75, 27, 27, 26.5, 27, 26.5, 27, 27, 27, 27.5, 27.5, 26.75, 26.5, 26, 26.5, 26.75, 26.5, 27.5, 27.5]",28.400000000000002
2025-05-27T19:37:46.084719,"[26.5, 26.75, 26.5, 27, 27.25, 27, 27.25, 27.25, 27.25, 26.75, 27, 26.75, 26.75, 27, 26.75, 27.25, 27, 27, 27.25, 27.25, 27.25, 26.75, 26.75, 27.5, 27.25, 26.75, 26.5, 27, 27.25, 27, 27, 27, 26.75, 27.25, 28, 27.5, 27.5, 27, 27, 27.5, 26.5, 26.75, 27.75, 27, 27, 27.25, 27.25, 26.75, 26.75, 27, 26.75, 27.25, 27.5, 27.5, 27.25, 28, 27, 26.5, 26.5, 26.5, 27.25, 26.5, 27.25, 27.5]",28.400000000000002
2025-05-27T19:37:46.338904,"[26.75, 27, 26.75, 27.25, 27.25, 26.75, 26.5, 26.75, 27.25, 26.5, 27.25, 27, 26.75, 26.75, 26.75, 26.75, 26.75, 26.75, 27, 27, 27.25, 27.25, 26.5, 27.25, 27.25, 27, 27, 27, 27, 27, 27, 27.25, 26.75, 26.75, 27.75, 27.25, 27.25, 26.75, 27, 27.5, 26, 26.5, 27.25, 27, 27, 27.5, 27, 27, 26, 26.5, 26.5, 27.25, 26.75, 27.75, 27.25, 27.5, 26.5, 26.25, 26.25, 26.5, 26.75, 26.5, 27, 27.25]",28.400000000000002
2025-05-27T19:37:46.593934,"[26.75, 26.75, 26.75, 27.25, 27, 27.75, 27, 27.75, 27, 26.75, 26.75, 26.75, 27.25, 27, 27, 27.25, 26.75, 27, 27.25, 27, 27, 27, 27, 26.75, 26.75, 26.75, 27, 27, 27.25, 27.25, 27.25, 27.5, 27, 27, 28, 27.25, 27.25, 26.75, 27, 27.25, 26.75, 26.75, 27, 27.25, 27.25, 27.5, 27, 27.25, 26.75, 26.5, 26.25, 27, 27.25, 27.25, 27.25, 27.25, 26.5, 26.75, 26.25, 26.5, 27.25, 27, 27.25, 27.5]",28.400000000000002
2025-05-27T19:37:46.847433,"[26.5, 27, 26.5, 27.5, 27, 26.75, 26.5, 27.25, 27.25, 26.75, 27, 26.75, 27, 26.5, 26.5, 26.25, 27, 27, 27, 27.25, 27.5, 26.75, 26.75, 27, 27, 26.75, 26.75, 26.75, 27, 26.75, 27.25, 27, 26.75, 27.5, 27.5, 27.25, 27.25, 26.75, 27, 27, 26.25, 26.75, 27.25, 26.75, 26.5, 27.5, 27.25, 27, 26.25, 26.25, 26.75, 27, 27.25, 27.25, 27.25, 28, 27, 26.5, 26.75, 26.5, 26.75, 27.25, 27.25, 27.5]",28.400000000000002
2025-05-27T19:37:47.121289,"[26.75, 27, 27, 27.5, 27, 27.25, 26.5, 27.5, 27.25, 26.75, 27.5, 27.25, 27, 27, 27, 26.5, 27.25, 26.75, 27.25, 27, 27, 27, 27, 27.25, 27, 27, 27, 26.75, 27.25, 27, 27, 27.25, 27, 27, 28, 27.25, 27.25, 27, 27.25, 27.5, 26.25, 26.75, 27.5, 27.25, 27, 27.5, 27.25, 27.5, 26.5, 26.5, 26.75, 27, 27.5, 27.75, 27.25, 27.5, 26.5, 26.5, 26.5, 26.75, 26.5, 27, 27.25, 27.5]",28.400000000000002
2025-05-27T19:37:47.399030,"[26.25, 27, 26.75, 27.25, 27, 26.5, 26.25, 27, 27, 27, 26.5, 27, 27, 27, 26.75, 27.25, 27, 26.75, 27, 27, 27, 26.5, 26.5, 27, 27, 26.75, 26.5, 26.5, 26.75, 26.75, 26.5, 27, 27, 27, 27.5, 27.5, 27.25, 27, 27.25, 27.25, 26.5, 26.75, 26.75, 27, 26.5, 27.25, 27.25, 27, 26.75, 26.5, 26.5, 26.75, 27.5, 27.5, 27.25, 26.75, 26.25, 26.75, 26.25, 26, 26.75, 26.5, 27.25, 27.5]",28.400000000000002
2025-05-27T19:37:47.654090,"[27, 27, 26.25, 27.5, 27.25, 27, 26.75, 27.25, 26.75, 26.75, 27, 27.25, 27.25, 26.75, 27.25, 27.25, 26.75, 27.25, 26.75, 27.25, 27, 27, 26.75, 27, 27, 27, 27, 26.75, 27, 26.75, 27.5, 27.25, 27, 27.25, 27.75, 27.25, 27, 27.25, 27.25, 27.5, 26.5, 26.75, 26.75, 27.25, 27, 27.5, 27, 27, 26.75, 26.5, 27, 27.25, 27.25, 27.25, 27.5, 27.5, 26.75, 26.25, 26.25, 26.5, 26.75, 26.75, 27.25, 26.75]",28.400000000000002
2025-05-27T19:37:47.912016,"[26.75, 27, 26.25, 27.5, 27.25, 26.75, 26.75, 27.25, 27.25, 26.75, 27, 27, 27, 26.75, 27.25, 27.5, 26.75, 26.75, 27, 27, 27, 26.75, 26.75, 26.75, 27, 26.5, 27, 27, 26.75, 27, 26.25, 26.75, 27.25, 27, 27.5, 27.25, 27.25, 27, 27, 27.25, 26.5, 26.75, 27.25, 27.25, 27, 27.25, 26.75, 27.25, 26.5, 26.75, 26.25, 26.75, 27.5, 27.25, 27.25, 26.75, 27, 27.25, 26.5, 26.75, 26.5, 27, 27, 27]",28.400000000000002
2025-05-27T19:37:48.276418,"[27, 27.25, 26.5, 27, 26.75, 27, 26.5, 27.5, 27, 27.25, 27, 27.25, 27, 27.25, 27.25, 27, 27, 27, 27, 27.25, 27, 26.75, 26.75, 27, 27.25, 26.75, 26.75, 27, 26.75, 27, 27, 27.25, 26.75, 26.75, 27.75, 27.25, 27.25, 26.75, 27, 27.25, 26.25, 27, 27.5, 27.25, 27, 27.5, 27, 27.25, 27, 26.25, 26.75, 27, 27.5, 27.5, 27.5, 27.25, 26.5, 27.25, 26.5, 26.75, 27.25, 27.25, 27.5, 27]",28.400000000000002
2025-05-27T19:37:48.505422,"[27.25, 27, 26.75, 27.5, 27, 27, 27, 27.5, 27, 26.75, 26.75, 27, 26.75, 26.75, 27, 26.75, 27, 27.5, 26.75, 27.5, 27.25, 26.75, 26.75, 27, 27.25, 26.75, 27, 26.75, 27, 27, 27.25, 27, 27, 27.5, 28, 27.25, 27.25, 27, 27, 27.5, 26.25, 26.5, 27.25, 27.25, 26.5, 27.25, 27.25, 27, 27, 26.25, 26.75, 27, 27.5, 27.75, 27.25, 27.5, 27, 26.75, 26.25, 26.5, 27, 27.25, 27.75, 28]",28.400000000000002
2025-05-27T19:37:48.765809,"[27, 27, 26.5, 27.25, 27, 27.25, 26.75, 27.75, 27, 26.5, 27.25, 27.25, 27.25, 27, 26.75, 26.75, 27.25, 27, 26.75, 27.25, 27.25, 26.75, 26.5, 27, 27.25, 27, 27, 26.75, 27, 27.25, 27, 27.25, 27.25, 27, 27.75, 27.75, 27.5, 27, 27.5, 26.75, 26.25, 26.75, 27, 27, 27, 27.5, 27.25, 27.75, 26.75, 26.75, 27.25, 27.25, 27.5, 28, 27.75, 27.75, 27, 26.75, 26.25, 26.75, 27, 26.5, 26.75, 27.75]",28.400000000000002
2025-05-27T19:37:49.065745,"[27, 26.5, 26.75, 26.75, 27, 27, 26.75, 27, 27, 26.75, 26.5, 27, 26.75, 27, 27, 26.75, 26.75, 27, 27, 27.25, 27.25, 27, 27, 27.25, 26.75, 27, 27.25, 27, 27, 27, 27.25, 27.25, 27, 27.25, 28, 27.25, 27.5, 27.25, 27.25, 27.5, 25.75, 26.75, 27, 27.25, 27, 27.75, 27, 27.25, 26.25, 26.5, 26.5, 27.25, 27.25, 27.5, 27.5, 27.75, 26.25, 26.75, 26.75, 26.75, 27.5, 27.25, 27.25, 27.5]",28.400000000000002
2025-05-27T19:37:49.317542,"[26.75, 26.5, 26.5, 27.75, 27, 26.75, 27, 27, 27, 26.75, 27, 26.75, 26.75, 27, 27, 27.5, 27, 27, 27.25, 27.25, 27.25, 26.75, 26.5, 27, 27.5, 27.25, 26.75, 26.75, 27.25, 27, 27, 27, 27, 27, 27.75, 27.25, 27.25, 27, 27, 27.25, 25.75, 26.75, 27.25, 27.5, 27, 27.5, 27.25, 27, 26.75, 26.75, 26.75, 27.25, 27.5, 27.75, 27.5, 27.5, 26.75, 26.75, 26.75, 27, 27, 27, 27, 27.75]",28.400000000000002
2025-05-27T19:37:49.571447,"[26.5, 27, 27, 27.25, 27, 27, 26.5, 27.25, 27.25, 26.75, 27, 27.25, 27.25, 27.25, 27.25, 27.25, 26.75, 26.75, 27, 27, 27.5, 26.75, 26.75, 27, 27, 27, 27, 27.25, 27, 27, 27, 27.5, 27, 27.25, 27.75, 27.25, 27.5, 27, 27, 27.5, 26.5, 26.5, 27.25, 27.25, 27.5, 27.5, 27, 26.75, 26.5, 26.25, 26.75, 27.75, 27.25, 27.5, 27.25, 27.25, 26.25, 26.5, 26.25, 27, 27, 27.75, 27.5, 27.25]",28.400000000000002
2025-05-27T19:37:49.828544,"[26.5, 27, 26.75, 27.5, 27, 26.75, 27, 28, 26.75, 27, 27.5, 27, 27, 27.25, 26.75, 27.25, 27, 27.5, 27, 27.25, 27, 26.75, 27, 27, 27.5, 27, 27, 26.75, 27.5, 27, 27, 27, 27, 27.5, 27.75, 27.25, 27.5, 27, 27.25, 27.25, 26.75, 26.75, 27.25, 27, 27, 27.5, 27, 27.25, 26.5, 27, 26.5, 27, 27.75, 27.75, 27.25, 27.5, 26.75, 26.75, 27.25, 27, 27, 26.75, 27, 27.25]",28.400000000000002
2025-05-27T19:37:50.091575,"[27, 27, 26.5, 27.5, 26.75, 27, 26.5, 27.25, 27.5, 26.75, 26.5, 27, 27.25, 27, 27, 27.25, 27.25, 27.25, 27, 27.25, 27.5, 27, 26.5, 27, 27, 27, 27.25, 27, 27, 27.25, 27, 27.75, 26.75, 27.5, 27.75, 27.5, 27.5, 27, 27.25, 27.5, 26.5, 26.5, 27.25, 27, 27, 27.5, 27, 27.25, 26.75, 26.5, 26.75, 27.5, 27.75, 27.75, 27.75, 27.5, 26.75, 26.25, 27, 26.5, 27.25, 27, 27.25, 27.25]",28.400000000000002
2025-05-27T19:37:50.401496,"[27, 27, 26.75, 27.25, 26.75, 27, 26.75, 27.25, 27, 26.75, 27, 27, 27.5, 27, 26.75, 27.25, 27, 27, 27.25, 27, 27.25, 27.25, 27, 27.5, 27.5, 27, 27, 27.25, 27.25, 27.25, 27.25, 26.75, 27.5, 27.25, 28, 27.25, 27.5, 27, 27.25, 27.25, 26.75, 26.75, 27.5, 27.25, 27.25, 27.5, 27, 27.5, 26.75, 26.5, 26.5, 27, 27.25, 27.75, 27.75, 27.75, 27.25, 26.75, 26.5, 27, 27.5, 27.25, 28, 27.25]",28.400000000000002
2025-05-27T19:37:50.646321,"[27, 27, 26.5, 27.25, 27, 27, 26.75, 27.75, 26.75, 27, 27, 27, 27.25, 27.25, 27.5, 27.25, 27, 27.5, 27, 27.25, 27.25, 27, 26.75, 27, 27.25, 27, 27.25, 27, 26.75, 27, 26.75, 26.75, 27, 27, 27.75, 27.5, 27.25, 26.75, 27.25, 27.25, 26.75, 26.75, 27.75, 27, 27, 27.5, 27.25, 27.25, 27.5, 26.5, 26.75, 27, 27.25, 27.5, 27.75, 27.5, 26.75, 26.75, 26, 26.75, 27, 27, 27.25, 27.25]",28.400000000000002
2025-05-27T19:37:50.916699,"[26.25, 27.25, 26.75, 27.25, 27, 27, 26.75, 27.25, 27, 26.75, 27.25, 27, 27.25, 26.75, 27, 27.25, 27.25, 27, 26.75, 27.25, 27.25, 27.25, 26.75, 27.25, 27.25, 26.75, 26.75, 26.5, 27.25, 26.5, 26.75, 27.25, 26.75, 27, 28, 27.25, 27.5, 27.25, 27, 27.25, 26.75, 26.75, 27.25, 27.25, 27, 27.5, 27.5, 27.25, 26.75, 27.25, 26.5, 27.5, 27.25, 27.75, 27.25, 27.5, 26.75, 26.5, 26.5, 26.75, 26.5, 27.5, 27.25, 27.25]",28.400000000000002
2025-05-27T19:37:51.158569,"[26.5, 27, 27, 27.25, 27, 27.25, 26.5, 27.25, 27.25, 26.25, 27, 27, 27, 26.5, 27, 27.25, 27, 27.25, 26.75, 27.5, 27.25, 27, 27.25, 27.25, 27, 26.5, 26.75, 26.75, 26.75, 27.25, 27, 27, 27, 27.5, 28, 27.25, 27.25, 27, 27, 27.25, 26.75, 26.75, 27.25, 27, 26.75, 27.25, 27, 27.5, 26.5, 26.75, 26.75, 27.25, 27.5, 27.5, 27.5, 27.25, 27, 26.5, 26.25, 27, 26.75, 27, 27.5, 27.75]",28.400000000000002
2025-05-27T19:37:51.415232,"[26.75, 27, 26.5, 27.25, 26.75, 27, 26.75, 27.5, 27, 26.5, 26.75, 27, 26.75, 26.75, 27.25, 27, 27.25, 26.75, 27.25, 27, 27.5, 27, 26.75, 27.5, 27.5, 27, 27, 26.75, 26.75, 26.5, 27, 27, 26.75, 27.25, 27.75, 27, 27.25, 27.25, 27.25, 27.5, 26.5, 27, 27.25, 27, 26.75, 27.75, 27.25, 27.25, 27, 26.25, 26.75, 27.25, 27.25, 27.5, 27.5, 27.25, 26.75, 26.75, 26.5, 27.25, 27, 27, 27.25, 27.5]",28.400000000000002
2025-05-27T19:37:51.705985,"[27, 26.75, 26.5, 27.25, 27.25, 27, 26.5, 27.5, 26.75, 27, 27, 27, 27, 27, 27.25, 27.25, 27, 26.75, 27.25, 27.5, 27.25, 27, 27, 27, 27.25, 27, 27.25, 26.75, 27.25, 27.25, 27.25, 27, 27, 27.75, 27.75, 27.5, 27.25, 26.75, 27.25, 27.5, 26, 26.5, 27, 27, 27, 27, 27.25, 27.25, 26.75, 27.25, 26.75, 26.75, 27.5, 27.75, 27.5, 27.75, 26.75, 26.75, 26.25, 27, 26.75, 27, 27, 27.25]",28.400000000000002
2025-05-27T19:37:52.036600,"[26.75, 27, 26.5, 27.5, 27.25, 27.25, 26.75, 27.25, 27, 26.25, 27.25, 26.75, 27.25, 27, 27, 26.75, 27.25, 27.25, 27.25, 27.5, 27.5, 27, 27.25, 27.25, 27, 26.75, 26.75, 27, 27.25, 27, 27, 27.25, 27, 27.5, 27.75, 27.25, 27.5, 27, 27.25, 27.5, 26.5, 27, 27, 27.25, 27, 27.75, 27, 27.25, 27, 26.75, 26.75, 27, 27.5, 27.75, 27, 27.25, 27.25, 26.75, 26.25, 27, 27, 27.25, 27, 27.5]",28.400000000000002
2025-05-27T19:37:52.342821,"[26.75, 27, 26.75, 27.25, 27, 27, 26.75, 27.75, 27.25, 26.75, 27.25, 27, 27, 27, 27, 27, 27, 26.75, 27.25, 27.25, 27.25, 27, 26.75, 27.25, 27, 27, 26.75, 27, 27, 27.25, 27, 27, 27, 27.5, 28, 27.5, 27, 27, 27.25, 27.5, 26.25, 26.75, 27.25, 26.75, 26.75, 27.25, 27, 27.75, 27.25, 26.5, 26.5, 27.25, 27.5, 27.5, 27.5, 27.25, 27, 26.25, 26.25, 26.75, 27, 27, 27.5, 27.25]",28.400000000000002
2025-05-27T19:37:52.600134,"[26.5, 26.25, 26.5, 27, 27, 27, 26.75, 27, 26.75, 27, 27, 27.25, 27, 26.75, 27, 27, 26.5, 27.25, 27, 27.25, 26.75, 27, 27, 27, 27.25, 26.75, 26.75, 26.75, 27.25, 27, 26.75, 26.75, 26.75, 27.25, 27.75, 27.25, 27, 26.75, 27, 26.75, 26.5, 26.75, 27.25, 26.75, 27, 27.25, 27, 27, 27, 26.5, 26.5, 26.75, 27, 27, 27, 27.25, 27, 26.5, 26, 26.75, 27, 26.75, 27, 27.5]",28.400000000000002
2025-05-27T19:37:52.866748,"[26.5, 26.75, 26.5, 27.25, 27, 27.25, 27, 27.5, 27.25, 26.75, 27, 27.25, 26.75, 27, 27.25, 26.75, 26.75, 27, 27.25, 27.25, 27.25, 27, 27, 27, 27.25, 26.5, 26.75, 26.75, 27, 26.75, 27, 26.75, 26.5, 27, 27.75, 27.75, 27.25, 26.75, 27.5, 27.25, 26.5, 27, 27.25, 27.5, 27.25, 27.5, 26.75, 27.25, 26.75, 26.25, 26.75, 27, 27.5, 27.5, 27.5, 27.25, 26.75, 26.75, 26.75, 26.5, 27, 26.75, 27.25, 28]",28.400000000000002
2025-05-27T19:37:53.121062,"[27, 26.25, 26.5, 27.25, 26.75, 27.25, 26.5, 27.5, 26.75, 26.75, 27, 26.75, 26.75, 26.75, 27, 26.75, 26.75, 27.25, 27, 27.25, 27.25, 27, 26.5, 26.75, 26.75, 27, 26.25, 27, 26.75, 27, 26.75, 27.5, 27, 27.25, 27.75, 27.25, 27.25, 26.75, 27, 27.5, 26.5, 26.75, 27, 26.75, 27, 27.75, 27, 27.5, 26.5, 26.25, 26.75, 26.75, 27.5, 27.25, 27.25, 27.5, 26.75, 26.5, 26.5, 26.5, 26.75, 27.25, 27.25, 27.25]",28.400000000000002
2025-05-27T19:37:53.379678,"[26.25, 27, 26.5, 27.5, 27.5, 27.5, 26, 27.25, 27, 26.75, 27.25, 27, 27.25, 26.75, 27.25, 27.25, 26.75, 26.75, 27, 27, 27.25, 27.25, 27, 27.25, 27.5, 27.25, 26.75, 27, 27.25, 27, 27, 27, 27, 27, 27.75, 27.5, 27.25, 26.5, 27.25, 27.5, 26.5, 26.5, 27.25, 27, 27, 27.75, 27, 27.5, 26.5, 26.75, 27, 27, 27.75, 27.5, 27.5, 27.5, 26.25, 26.75, 26.25, 26, 26.5, 27, 27, 27.5]",28.400000000000002
2025-05-27T19:37:53.667264,"[26.75, 27, 26.75, 27.75, 27.25, 27.5, 27, 27.25, 27.25, 26.5, 26.75, 27, 27, 27, 27.25, 27.25, 27, 27, 27.25, 27.25, 27, 27, 26.75, 26.75, 27, 27, 26.75, 26.75, 27.25, 27.25, 27, 27.25, 27, 27.25, 27.75, 27.5, 27.25, 26.75, 27, 27.75, 26.5, 26.5, 27.5, 27.25, 27, 27.25, 27.5, 26.75, 27.25, 27.75, 26.75, 27, 27.5, 27.5, 27.25, 27.25, 27.25, 26.75, 26, 26.75, 27.25, 27.25, 27.5, 27.25]",28.400000000000002
2025-05-27T19:37:53.925288,"[27, 27.25, 26.5, 27.75, 27.25, 27, 27.5, 27.75, 27, 26.5, 27, 27.25, 27.25, 26.75, 27, 27, 27.25, 27.25, 27.25, 27.5, 27.75, 27.25, 27.25, 27.5, 27.25, 27, 27.25, 26.75, 27, 27, 27, 27.25, 27.75, 27.75, 27.75, 27.5, 27.5, 27, 27.5, 27.75, 28.25, 28, 27, 27.25, 27, 27.75, 27.25, 27.5, 27, 27.25, 27.25, 27, 27.5, 27.5, 27.25, 27.75, 27, 27.5, 27, 26.5, 27.25, 27, 27.5, 28]",28.400000000000002
2025-05-27T19:37:54.177512,"[26.75, 26.75, 26.75, 27, 27.25, 27.25, 26.5, 27.5, 27.5, 26.75, 27.25, 27, 27, 27, 27.25, 27, 28.75, 27, 27.25, 27, 27, 26.75, 26.75, 27, 27.75, 27.25, 26.75, 26.75, 27, 27, 26.75, 27.5, 27.75, 28.5, 27.75, 27.5, 27.25, 26.75, 27, 26.75, 27, 27.5, 27.25, 27, 26.5, 27.25, 26.75, 27.25, 26.75, 28, 27, 27.25, 27.25, 27.25, 27.5, 27.75, 26.75, 27, 26, 26.5, 27.25, 27, 26.75, 27.5]",28.400000000000002
2025-05-27T19:37:54.433045,"[27.25, 27.25, 27, 27.5, 27.5, 27.25, 26.75, 27.5, 28, 27, 27.25, 27.25, 27.25, 27.25, 26.5, 26.75, 28.5, 27, 27.25, 27.25, 27.25, 27.25, 27.25, 26.75, 28, 27.75, 27, 26.75, 27.5, 27, 27, 27, 28.25, 28.5, 28.25, 27.5, 27.5, 27.25, 27.5, 27.5, 27, 27.75, 27.25, 27.25, 27.25, 27.5, 27.25, 27.5, 27.25, 27.25, 27.5, 27.5, 27.75, 27.25, 27.25, 27.25, 26.75, 27.25, 27, 27, 27.25, 27.75, 27, 28]",28.400000000000002
2025-05-27T19:37:54.722026,"[27.25, 27.25, 26.75, 27.25, 27.5, 27.25, 26.75, 27.5, 28, 26.75, 27, 27, 27, 27.5, 27, 27.25, 28.25, 27.5, 27.5, 27.25, 27.5, 27, 27, 27, 28, 28, 27, 27.25, 27, 27.25, 27, 27.25, 28.5, 28.75, 28, 27.25, 27.25, 26.75, 27.25, 27.75, 26.75, 27.5, 27.5, 27.25, 27, 27.25, 27.25, 27.5, 26.75, 27, 27, 27.5, 27.75, 27.75, 27.25, 27.5, 26.75, 27, 26.25, 26.75, 27, 26.75, 27.75, 27.25]",28.400000000000002
2025-05-27T19:37:54.986308,"[26.75, 27, 27, 27.25, 27.5, 27.25, 26.75, 27.25, 27.75, 27, 26.75, 27.25, 27.25, 27.5, 27, 27, 28.25, 28.25, 27.25, 27.25, 27.25, 27.5, 27, 27.5, 27.75, 28.25, 27.25, 27.25, 27.5, 27.25, 27, 27, 28, 28.75, 28, 27.75, 27.25, 27, 27.5, 27.5, 26.5, 27.75, 27.25, 27.75, 27.5, 27.75, 27.25, 27.5, 27.25, 27.25, 27, 27, 27.5, 27.5, 27.5, 27.5, 27.25, 27.25, 26.75, 26.5, 27.25, 27.25, 27.25, 27.75]",28.400000000000002
2025-05-27T19:37:55.241185,"[27, 27, 26.5, 27.25, 26.75, 27, 26.75, 27.25, 27.5, 27.25, 27.25, 27.25, 27, 26.75, 27, 27, 28, 27.75, 28, 27.25, 27.5, 27, 26.75, 27, 28, 28, 27.75, 26.75, 26.5, 27, 27, 27, 27.25, 27.25, 28, 27.5, 27.25, 26.75, 27.5, 27.5, 26.5, 27, 27.25, 27.75, 27, 27.5, 26.75, 27.25, 26.75, 26.5, 26.75, 27, 27, 27.25, 27.25, 27, 26.75, 26.5, 26.5, 26.5, 27, 26.75, 27, 27]",28.400000000000002
2025-05-27T19:37:55.522720,"[27, 27.25, 27, 27.5, 27.5, 27.25, 26.5, 27.75, 27.75, 27.75, 27.5, 27.25, 27.25, 27, 27.25, 27, 27.75, 28, 28.25, 27.5, 27.5, 27.25, 26.75, 27.25, 28, 28, 28.5, 27.25, 27, 27, 26.75, 27.5, 27.25, 27.5, 27.75, 27.75, 27.5, 27.25, 27.25, 27.5, 26.25, 27.25, 27.5, 27.5, 26.75, 27.5, 27.25, 27.25, 27, 26.5, 27.25, 27, 27.75, 27.25, 27.5, 27.5, 27, 26.25, 26.75, 26.75, 27.5, 27, 27, 27.25]",28.400000000000002
2025-05-27T19:37:55.781427,"[27, 26.75, 26.75, 27.5, 27.25, 27.25, 26.75, 27, 27, 27, 27.5, 27, 27.5, 27.25, 27, 27, 27.25, 28, 27.75, 27.25, 27, 26.75, 27.25, 27, 27.5, 28, 28.5, 27.25, 26.75, 27.25, 27, 26.75, 27, 27.25, 28, 27.5, 27.25, 27, 27.25, 27.25, 26.5, 26.5, 27.5, 27.5, 26.75, 27.25, 27, 27.25, 26.5, 26.75, 27, 26.75, 27.25, 27.75, 27.25, 27.5, 26.5, 26.75, 26.5, 26.5, 27, 27, 27.5, 26.75]",28.400000000000002
2025-05-27T19:37:56.053344,"[26.75, 26.75, 26.75, 28, 27, 27.5, 26.75, 28, 27.5, 26.75, 27.25, 26.75, 27.25, 27.25, 27.25, 27.5, 27, 27.75, 28, 27.5, 27.5, 27, 27, 27, 27.75, 27.75, 28.25, 27.25, 27.25, 27.25, 27, 27.5, 27.5, 28, 27.75, 27.75, 27.25, 27.25, 27.5, 28, 26, 27.25, 27.5, 27.5, 27, 27.75, 27, 27.5, 26.75, 26.75, 27.5, 26.75, 27.5, 27.5, 27.75, 27.75, 27.5, 26.75, 27, 26.75, 27, 27, 27.75, 27.75]",28.400000000000002
2025-05-27T19:37:56.308562,"[27, 27, 27, 27.25, 27, 27, 26.75, 27.25, 27.5, 26.75, 27, 27, 27, 26.75, 26.75, 27.25, 27.5, 27.75, 27.25, 27.5, 26.75, 27, 26.75, 26.75, 27.25, 27.25, 27.75, 27, 26.75, 26.75, 26.75, 27.25, 27, 27.5, 28.25, 27.5, 27.5, 26.75, 27, 27.25, 26.5, 26.5, 27.5, 27.25, 26.75, 27, 27, 27.5, 27, 26.75, 26.75, 27.25, 27.25, 27.5, 27.5, 27.25, 26.75, 26.5, 26.75, 26.75, 27, 26.75, 27.25, 27.25]",28.400000000000002
2025-05-27T19:37:56.564826,"[27, 27.5, 26.5, 27.75, 27.25, 27.25, 27.25, 27.5, 27, 27.25, 27.5, 26.75, 27.25, 27.25, 27.25, 27, 27.5, 28.25, 28, 27.5, 27.25, 27.25, 26.75, 27, 27.75, 28, 28.5, 27.25, 27.25, 27, 27, 27, 27, 27.75, 28, 27.25, 27.75, 27.25, 27.25, 27.5, 26.75, 27, 27.5, 27.25, 27.25, 27.25, 27, 27.5, 27, 26.5, 26.75, 27.25, 27.5, 27.5, 27.25, 27.5, 27.25, 26.75, 27, 26.75, 27, 27, 27, 27.25]",28.400000000000002
2025-05-27T19:37:56.820800,"[27, 27, 26.75, 27.25, 26.75, 27, 26.25, 27, 27.5, 26.75, 26.75, 27, 27, 27, 26.75, 27, 27.25, 28.25, 27.5, 26.75, 27, 27, 26.5, 26.75, 27.25, 27.5, 27.75, 26.75, 27, 27.25, 26.5, 27.25, 27, 27.25, 28, 27.25, 27, 27.25, 27.25, 28, 26.5, 26.75, 27.5, 27, 27.25, 27.25, 26.75, 27.5, 26.75, 26.5, 27, 27, 27.25, 27.25, 27.5, 27, 26.75, 26.5, 26.25, 27, 26.5, 27, 27, 27]",28.400000000000002
2025-05-27T19:37:57.075655,"[27, 27.5, 27.25, 27.75, 27.25, 27.25, 27, 27.25, 27.25, 27.5, 27, 26.75, 27, 27, 27, 27.25, 27.25, 28.75, 27.75, 27.75, 27.75, 27, 26.75, 27, 27.25, 27.5, 28.25, 27.25, 27, 27.5, 26.75, 27.25, 27.25, 28, 28.25, 27.5, 27.25, 26.75, 27, 27.75, 26.5, 26.75, 27.25, 27.5, 27, 27, 27, 27.25, 26.5, 26.75, 26.25, 27.75, 27.25, 27.5, 27.75, 27.5, 26.75, 26.5, 27, 26.5, 27, 27, 27.5, 26.75]",28.400000000000002
2025-05-27T19:37:57.332690,"[26, 27, 27, 27.25, 27.5, 27.25, 26.75, 27.25, 27, 27.25, 27.25, 27, 27.5, 27, 27, 27, 27, 28.5, 28, 27.5, 27.75, 27.25, 26.75, 27, 27, 27.75, 28, 27.25, 26.75, 27, 26.75, 27.25, 26.5, 27.25, 28.25, 27.25, 27.5, 26.75, 26.75, 27.5, 26, 26.75, 27.25, 27.5, 27, 27.5, 27, 27.25, 26.75, 26.5, 27, 27, 27.25, 27.25, 27.5, 27.25, 27, 26.75, 26.5, 26.5, 27, 26.75, 27, 27.5]",28.400000000000002
2025-05-27T19:37:57.627167,"[26.5, 27.25, 27, 28, 27.25, 27.25, 26.5, 27.5, 27, 27.5, 27.25, 27, 27, 27, 27, 27.25, 27.5, 28.25, 27.75, 27.75, 27.25, 27, 27.25, 27, 27.25, 27.25, 28, 27, 27.25, 27.25, 26.75, 27.5, 27, 27.5, 28.25, 27, 27.5, 27.25, 27.5, 27.5, 26.25, 27, 27.5, 27.5, 27, 27.25, 27, 27.5, 26.75, 27, 27, 27, 27.25, 27.75, 27.5, 27.5, 27, 27.25, 26.75, 27, 27, 27, 27.25, 28]",28.400000000000002
2025-05-27T19:37:57.900551,"[27.25, 27, 26.5, 26.75, 27, 27, 26.25, 26.75, 27, 26.75, 27, 26.75, 27, 26.75, 27, 26.75, 27, 28.25, 27.5, 27, 27, 27, 26.5, 27, 27.25, 27, 27.75, 27, 27, 27, 27, 26.75, 27, 27.5, 28.25, 27.25, 27.25, 26.75, 27.25, 27, 26, 26.75, 27.25, 27.5, 27, 27, 26.75, 27.25, 26.75, 26.75, 27, 27, 27.25, 27.5, 27.25, 27.25, 27.25, 26.25, 26.25, 27, 26.75, 27.25, 26.75, 27]",28.400000000000002
2025-05-27T19:37:58.139814,"[26.75, 27.5, 27, 27.25, 27.75, 26.75, 27, 27.25, 27, 26.75, 27.25, 27.25, 27, 27.25, 27, 27, 28.25, 28, 27.5, 27.5, 27.5, 27.25, 27, 27.25, 27.5, 27.75, 27.75, 27, 27, 27, 27, 27.25, 27.5, 27.75, 28.25, 27.75, 27.5, 27.5, 27.25, 27.5, 26.75, 26.75, 27.75, 27.5, 27.25, 27.5, 27.75, 28, 26.75, 26.75, 27, 27.25, 27.25, 27.75, 27.5, 27.25, 27.5, 27, 26.75, 27.25, 27.25, 27, 27.75, 28.5]",28.400000000000002
2025-05-27T19:37:58.397647,"[26.25, 27, 26.5, 27.5, 26.75, 26.75, 26.5, 27.25, 27.25, 26.75, 27, 27, 27, 27, 27.25, 27.25, 27.5, 28, 27.75, 27.25, 27.25, 27.25, 27, 27.25, 27.25, 27.75, 27.75, 27.25, 27, 26.75, 27, 27, 27, 28, 28.25, 27.75, 27.25, 27.25, 27, 27.25, 26.75, 26.5, 27.25, 27, 27, 27.75, 27.25, 27.5, 26.75, 26.5, 26.75, 27, 27.25, 27.25, 27.75, 27.5, 26.75, 26, 26.75, 26.25, 27, 27, 27, 27.25]",28.400000000000002
2025-05-27T19:37:58.652540,"[27.5, 27.25, 26.75, 27.5, 27.5, 27, 27, 27.75, 27, 27, 27, 27.25, 27.5, 27, 27.25, 27.25, 27.25, 28.5, 27.75, 27.5, 27, 27.25, 26.75, 27.25, 27.75, 27.5, 28.25, 27, 27, 27.25, 26.75, 27.25, 27.25, 28.25, 28.5, 27.5, 27.25, 27, 27.5, 27, 26.75, 27, 27.5, 27.5, 27, 27.5, 27, 27.75, 27.25, 26.75, 27, 27.25, 28, 27.5, 27.75, 27.25, 26.25, 27, 26.5, 27, 27.25, 26.75, 27.5, 27.25]",28.400000000000002
2025-05-27T19:37:58.945092,"[26.75, 27.25, 26.5, 27.5, 26.75, 26.75, 26.75, 27.75, 27.5, 27.25, 27, 27, 27, 26.5, 26.75, 27.25, 27.25, 28.5, 28, 27, 27.25, 27, 27, 26.75, 27.5, 27.5, 28, 27, 27, 26.75, 27, 27, 26.5, 28, 28.25, 27.25, 27.25, 26.75, 27.25, 27.5, 26.5, 27, 27.5, 27.25, 27, 27.25, 27, 27.5, 26.5, 26.5, 26.75, 27, 27.25, 27.5, 27.25, 27.25, 27, 26.5, 26.5, 26.25, 26.5, 27, 26.75, 27.5]",28.400000000000002
2025-05-27T19:37:59.200971,"[27, 27.25, 26.5, 27.5, 27.25, 27.25, 26.5, 27.25, 27.25, 27, 27, 27, 27.25, 26.75, 27.5, 27.5, 27.25, 28.5, 27.75, 27.5, 27.5, 27.25, 27, 27, 27.5, 27.5, 28.5, 27.25, 27.5, 27.25, 27, 27.25, 27, 27.75, 28.25, 27.75, 27.5, 26.75, 27.5, 27, 26.5, 27.25, 27.5, 27.25, 27.25, 27.75, 27.25, 27.5, 26.5, 27, 27, 27.5, 27.75, 27.5, 27.5, 27.75, 27.25, 27, 26.5, 26.5, 27.5, 27.5, 27.25, 27.75]",28.400000000000002
2025-05-27T19:37:59.460787,"[26.75, 27, 26.5, 27.25, 26.25, 27, 26.5, 27.5, 27, 27, 27.5, 26.75, 27.25, 27, 26.75, 27, 27.25, 28.25, 27.75, 27, 27, 27, 27, 27, 27.5, 27.75, 28, 27.25, 27, 27.25, 26.75, 27.25, 27.25, 27.75, 28, 27.5, 27.5, 26.75, 27, 27, 26.75, 26.5, 27.25, 27.25, 27, 27.5, 26.75, 27.25, 27, 26.5, 27, 27, 27, 27.25, 27, 27.5, 27, 26.5, 26.75, 26.25, 27, 26.75, 27.5, 27]",28.400000000000002
2025-05-27T19:37:59.721456,"[27.25, 26.75, 26.75, 27.5, 27.5, 27.25, 26.75, 27.25, 27.25, 27.75, 27.25, 27.25, 27, 27.25, 26.75, 27, 27.5, 28, 27.5, 27.5, 27.5, 27.5, 27, 27.25, 27.75, 27.5, 28.5, 27.25, 27, 27, 27.25, 27.25, 27.25, 27.75, 28.5, 27.5, 27.5, 27.25, 27.5, 27.75, 26.75, 26.75, 27.75, 27.5, 27.25, 27.5, 27.25, 27.25, 27, 27, 27.5, 27.5, 27.75, 27.75, 27.5, 27.25, 27.5, 26.75, 26.75, 26.75, 27.5, 27, 27.5, 27.5]",28.400000000000002
2025-05-27T19:37:59.990055,"[27, 27.25, 27, 27.5, 27, 27, 26.75, 27.25, 27.25, 27.25, 27.25, 27, 27, 26.75, 26.75, 27.5, 27.5, 28, 27.75, 27.25, 27, 27, 26.75, 27, 27.25, 28, 28.25, 26.5, 27.25, 27, 27.25, 27, 27, 27.25, 28.5, 27.5, 27.25, 27, 27, 27.5, 26, 26.75, 27.5, 27.25, 27.25, 27.5, 27, 27.25, 26.75, 27, 27, 27.5, 27.25, 27.25, 27.25, 27, 26.5, 26.5, 26.5, 26.25, 27, 27, 27, 27]",28.400000000000002
2025-05-27T19:38:00.273697,"[26.75, 27.25, 26.5, 27.25, 27, 27.25, 27.25, 27.25, 27.25, 27.25, 27.5, 27.25, 27, 27, 27.25, 26.75, 27.75, 28.5, 28, 27.75, 27.75, 27, 27, 27, 27.5, 27.75, 28.25, 27, 27.25, 27.25, 27, 27.25, 27, 28, 28.25, 27.75, 27.25, 27, 27.25, 27.25, 26.75, 26.75, 27.25, 27.25, 27.25, 27.5, 27.25, 27.25, 26.5, 26.5, 27.25, 27.25, 27.75, 27.5, 27.75, 27.25, 27.5, 26.75, 26.5, 26.5, 27.25, 27.5, 27.5, 27.25]",28.400000000000002
2025-05-27T19:38:00.536599,"[27, 27.25, 27, 27.5, 27.25, 27, 26.25, 27, 27, 27.25, 27, 27, 27, 26.75, 26.5, 27.25, 27.5, 28.5, 28, 27, 27.25, 27, 27.25, 27, 27.5, 27.75, 28.5, 26.75, 27, 27, 27.25, 27.25, 27, 27.5, 28.25, 27.5, 27, 26.75, 27.25, 27.5, 26.75, 26.5, 27.5, 27.25, 27, 27.5, 27, 27.25, 26.5, 26.75, 26.5, 27.25, 27.5, 27.25, 27.25, 27.5, 27.25, 26.75, 26.5, 27, 27, 27.25, 27.5, 27.75]",28.400000000000002
2025-05-27T19:38:00.781307,"[27.25, 27.75, 27, 27.5, 27.75, 27.25, 27, 27.5, 27.5, 27.25, 27.25, 26.75, 27.25, 27, 27, 27, 27.75, 28.5, 28.25, 28, 27.5, 27.25, 27.25, 27, 27.25, 28, 28.25, 27.25, 27.5, 27.25, 27, 27.25, 27.25, 27, 28.25, 27.25, 27.5, 26, 27.5, 27, 26.5, 27, 27.75, 27.5, 27.25, 27.5, 27.25, 27.5, 27, 26.5, 27, 27.25, 27.25, 27.5, 27.5, 27.5, 27, 27, 27, 27.25, 27, 27.25, 28, 27.5]",28.400000000000002
2025-05-27T19:38:01.033533,"[26.5, 27, 26.5, 27, 27.25, 26.5, 26.75, 26.75, 27, 27, 27.25, 26.75, 27, 27.25, 26.75, 26.75, 27.5, 28.25, 28, 27, 27, 27, 27, 27, 27, 27.5, 28.5, 27, 27, 27.25, 27, 27.25, 26.75, 27.5, 28, 27.5, 27.25, 27, 27.25, 27, 26.5, 26.75, 27.5, 27.25, 27, 27.5, 26.75, 27.25, 26.5, 26.5, 26.5, 27.25, 27.25, 27.25, 27.25, 27, 27.25, 26.5, 26.25, 26.75, 27, 26.5, 27.25, 27]",28.400000000000002
2025-05-27T19:38:01.295970,"[27, 27, 27, 27.5, 27.5, 27, 26.75, 27.5, 27.5, 27.5, 27.25, 27, 27.25, 27, 27.25, 27.25, 27.5, 28.25, 28, 27.5, 27.5, 27, 26.75, 27, 27.75, 27.5, 28.25, 27.25, 27, 27.25, 27, 27.5, 27, 28, 28.5, 27.75, 28, 27.5, 27.5, 27.5, 27, 26.75, 27.5, 27.75, 26.75, 27.75, 27.25, 27.5, 26.75, 27, 27, 27.75, 27.25, 28, 27.25, 27.25, 27, 27, 26.75, 26.75, 27.5, 26.75, 27.5, 28]",28.400000000000002
2025-05-27T19:38:01.585602,"[26.5, 27, 26.75, 27.5, 27, 27.25, 26.25, 27, 27.25, 27.5, 27.25, 26.75, 27, 26.5, 27, 27.5, 27.5, 28.75, 27.5, 27.5, 27, 27.25, 26.75, 27, 27.25, 27.75, 28.25, 27, 27.25, 27.25, 26.75, 27.25, 27, 27.5, 28, 27.5, 27.5, 26.75, 27, 27.25, 26.5, 26.5, 27.25, 27.5, 27, 27.5, 27.75, 27.5, 26.75, 26.75, 26.5, 27.25, 27.25, 27, 27.5, 27.5, 26.75, 26.5, 26.5, 26.5, 27.25, 26.75, 27.5, 27.25]",28.400000000000002
2025-05-27T19:38:01.798566,"[26.75, 27, 27, 27.75, 27.25, 27.25, 26.75, 27.5, 27.5, 27.25, 27.25, 27.25, 27.75, 27, 27.25, 27.25, 27.5, 28.75, 27.75, 27.25, 27.25, 27.25, 26.75, 27.25, 27.5, 28, 29, 27.25, 27, 26.75, 26.5, 27.25, 27.25, 27.5, 28.5, 27.75, 27.25, 27.25, 27.25, 27.5, 27, 26.75, 27.75, 27.5, 27.5, 28, 27.25, 27.5, 26.75, 27, 26.75, 27.25, 27.5, 27.25, 27.5, 28, 27.25, 26.5, 26.5, 26.75, 27, 27, 27.5, 27.25]",28.400000000000002
2025-05-27T19:38:02.057186,"[26.75, 27.5, 27, 27.25, 27.5, 27.75, 26.75, 27.25, 27.25, 27.25, 27.25, 27.25, 27, 27.25, 27, 27.5, 27.75, 28.5, 27.75, 27.5, 27.5, 27.25, 27.25, 26.75, 27.5, 28, 28.5, 27, 27.25, 27.25, 27.25, 27.5, 27.25, 28.25, 28.5, 27.5, 27.5, 27.5, 27.5, 27.75, 27, 26.75, 27.5, 27.25, 27.25, 28, 27, 27.75, 27, 26.75, 27, 27.5, 27.5, 28, 27.75, 27.75, 27.25, 27.25, 27, 27, 27.5, 26.75, 27.75, 27]",28.400000000000002
2025-05-27T19:38:02.315040,"[27, 27, 26.75, 27.5, 27, 27.25, 27, 27.5, 28, 27.75, 27.5, 27, 27.25, 26.75, 27.25, 27.5, 27.5, 28.5, 28, 28, 27.25, 27.5, 27, 27.5, 27.5, 27.5, 28.25, 27.25, 27.25, 27.25, 27.5, 27, 27, 27.5, 28.25, 27.75, 27, 27.25, 27.75, 27, 27, 27, 27.5, 27.75, 27, 27.5, 27, 27.5, 27, 26.75, 27, 27.5, 27.5, 27.25, 27.5, 27.5, 27.25, 26.75, 27.25, 26.75, 26.5, 27, 27.25, 28]",28.400000000000002
2025-05-27T19:38:02.582134,"[26.5, 27, 26.75, 27.5, 27.5, 27, 26.75, 27.5, 27.5, 27.75, 27.25, 27.25, 27.25, 27, 27, 26.75, 27.75, 28.5, 28, 27.5, 27.25, 27.25, 27, 27.25, 27.5, 27.5, 28.5, 27, 27.25, 27.25, 27, 27.25, 27.25, 27.75, 28, 27.75, 27.75, 27.25, 27.25, 27.5, 26.75, 26.75, 27.5, 27.5, 27, 27.5, 27.5, 27, 27.25, 26.75, 27.25, 27.75, 27, 27.5, 27.25, 28, 26.75, 27.25, 26, 27, 26.75, 27.25, 27.25, 27.25]",28.400000000000002
2025-05-27T19:38:02.835371,"[27, 27.25, 27.25, 27.5, 27.75, 27.25, 26.5, 27.5, 27.75, 27.75, 27.5, 27, 27.25, 27.25, 27.25, 26.75, 27.75, 28.5, 28, 27.5, 27, 27.5, 26.75, 27.25, 27.5, 28, 28.5, 27, 27, 27.5, 27.25, 27, 27.25, 28.25, 28.25, 27.5, 27.75, 27.25, 27.5, 27.75, 26.75, 27.25, 27.5, 27.25, 27.25, 27.5, 27.5, 27.5, 27, 27, 27, 27.25, 27.75, 27.25, 27.25, 27.25, 27, 26.5, 26.5, 27.25, 26.75, 27.5, 27.25, 27.5]",28.400000000000002
2025-05-27T19:38:03.102683,"[27, 27.5, 27, 27.5, 27.25, 27.25, 27, 27, 27.75, 27.25, 27.25, 27.25, 27.25, 27.25, 27.25, 27, 27.25, 28.25, 28, 27.5, 27.5, 27, 27.25, 27, 27.5, 27.75, 28.5, 27.25, 27.25, 27.5, 27, 27.25, 27, 27.5, 28.25, 27.5, 27, 27, 27.25, 27.25, 26.75, 27, 27.5, 27.75, 27, 27.75, 27.5, 27.75, 27, 27, 27.25, 27.5, 27.5, 27.75, 27.25, 27.75, 27.25, 26.5, 26.75, 26.75, 27.25, 26.75, 27.5, 27.75]",28.400000000000002
2025-05-27T19:38:03.360178,"[27, 27, 26.75, 27, 27.25, 27, 26.5, 27.5, 27.75, 27.25, 27.5, 27.25, 27.25, 26.75, 27, 27, 27.75, 28.5, 27.75, 28, 27.5, 27.5, 27.25, 27.25, 27, 27.5, 28.25, 27, 27, 27.5, 26.5, 27.25, 27.25, 27.5, 28.25, 27.5, 27.25, 27, 27.25, 27.75, 26.5, 27, 27.75, 27.25, 27.5, 27.75, 27, 27.5, 26.75, 26.75, 27.25, 27.25, 27.5, 27.75, 27.5, 27.5, 27, 26.75, 26.75, 27.25, 26.75, 27.25, 27.5, 27]",28.400000000000002
2025-05-27T19:38:03.616969,"[27.25, 27.25, 27.25, 27.25, 27, 27.25, 27, 27.5, 27.5, 27.25, 27.5, 27.25, 27, 27, 27, 27, 27.5, 28.5, 28, 27.5, 27.5, 27, 26.5, 27, 27.5, 27.75, 28.5, 27.25, 27.25, 27.5, 26.75, 27, 27.5, 27.25, 28.5, 27.5, 27.5, 26.75, 27.25, 27.25, 26.5, 27, 27.5, 27.75, 27, 27.75, 27.25, 27.5, 27, 26.75, 27, 27.5, 27.25, 27.25, 27.5, 27.75, 27, 27, 27, 26.75, 27.25, 27.25, 27.25, 27.75]",28.400000000000002
2025-05-27T19:38:03.906196,"[27, 27.25, 27.25, 27.5, 26.75, 27.25, 27.5, 27.25, 27.5, 27.25, 27, 26.75, 27, 27.25, 27, 27.25, 27.25, 28.25, 28.25, 27, 27.5, 27, 27.25, 26.75, 27.25, 27.75, 28.25, 27, 27, 27, 27.25, 27.25, 27.25, 27.5, 28.25, 27.5, 27.25, 27.25, 27, 27.5, 26.5, 27, 27.5, 27.25, 27, 27.5, 27, 27.5, 27, 26.75, 27.25, 27, 27.25, 27.25, 27.5, 28.25, 26.75, 27, 27, 27, 27.25, 27, 27.5, 28]",28.400000000000002
2025-05-27T19:38:04.158598,"[27, 27.25, 26.75, 27.25, 27, 27.25, 26.75, 27.5, 27.25, 27.5, 27.5, 27.25, 27, 27, 26.75, 27, 27, 28, 28, 27.75, 27.25, 27, 27.25, 27.75, 27.25, 27.75, 27.75, 27, 27, 27.25, 26.75, 27.25, 27.25, 27.75, 28.25, 27.5, 27.25, 27.25, 27.75, 27.75, 26.75, 26.75, 27.5, 27.25, 27.5, 27.25, 27.25, 27.5, 26.5, 27, 27, 27.25, 27.5, 27.5, 27.5, 27.75, 27.25, 26.25, 27, 27, 27, 27, 27.25, 27.25]",28.400000000000002
2025-05-27T19:38:04.414625,"[26.25, 27, 27, 27.5, 27, 26.5, 26.25, 27, 27.25, 27, 27.25, 27, 27, 26.75, 27, 27.25, 27, 27.25, 27.5, 27.25, 27.5, 27.25, 27.25, 27.25, 27.25, 27.75, 28, 27.5, 27, 27.25, 27.25, 27.5, 26.75, 27.75, 28.25, 27.5, 27, 27.25, 27.5, 27.25, 26.25, 26.75, 27.25, 27.75, 26.75, 27.5, 27, 27.5, 26.5, 26.5, 27.25, 27.25, 27.5, 27.25, 27.75, 27.5, 27.25, 27, 26.25, 26.75, 27, 27, 27, 27.5]",28.400000000000002
2025-05-27T19:38:04.681343,"[27, 27.75, 27.25, 27.25, 27.25, 27, 27, 27.75, 27.5, 26.75, 27.5, 27, 27.25, 26.75, 27.25, 27, 27.25, 27.25, 28, 27.25, 27.25, 27, 26.75, 27, 27.25, 27.75, 27.75, 27.5, 26.75, 27, 27, 27.25, 27.25, 28, 28.5, 27.25, 27.5, 27.25, 27.5, 27.25, 26.25, 27, 27.25, 27.5, 26.75, 27.25, 27, 27.75, 27, 27, 27, 27.5, 27.5, 27.75, 27.25, 27.5, 27, 26.75, 26.75, 26.75, 27.25, 26.75, 27.5, 27.75]",28.400000000000002
2025-05-27T19:38:04.941164,"[26.5, 27.25, 27, 27, 27, 27, 27, 27.5, 27, 27.25, 27.25, 27, 27, 26.75, 26.75, 27, 27.25, 28, 28, 27.75, 27, 27.5, 26.5, 26.75, 27.25, 27.5, 27.75, 27.5, 27, 27.25, 27.5, 27.25, 26.75, 27.75, 28, 27.75, 27, 26.75, 27.25, 27.25, 26.5, 27, 27.75, 27.75, 27.25, 27.75, 27.25, 27.5, 26.75, 26.75, 27.75, 27, 27.75, 27.25, 27.5, 27.5, 27.25, 27.25, 26.25, 26.75, 27, 27.25, 27.25, 27.5]",28.400000000000002
2025-05-27T19:38:05.224698,"[26.75, 27.25, 27, 27.25, 27.25, 27, 27.25, 27.5, 27.25, 27.25, 28, 27, 27.25, 27, 27, 26.5, 27.25, 27.5, 28.5, 27.5, 27, 27, 26.75, 27.25, 27.25, 27.75, 28, 26.75, 27, 27, 27, 27.5, 27, 27.25, 28.5, 27.5, 27.25, 27, 27.25, 28, 26.5, 27.25, 27.25, 27.75, 27, 27.75, 27.25, 27.5, 27, 27, 27.25, 27, 27.75, 27.5, 27.25, 27.5, 26.75, 27, 26.25, 26.75, 26.75, 27.25, 27.75, 27.75]",28.400000000000002
2025-05-27T19:38:05.481038,"[26.5, 27, 26.5, 27.25, 26.75, 27, 27, 27.75, 27, 27, 27.75, 27.25, 27, 26.75, 27.25, 27, 27, 27.75, 28.25, 27.5, 27.25, 27, 27, 27, 27.5, 27.5, 28, 27.5, 26.75, 27, 27.25, 27, 27.25, 27.75, 27.75, 27.5, 27, 27, 27.25, 27.5, 26.25, 26.5, 27.25, 27.75, 26.75, 27.5, 26.75, 27.25, 27, 26.75, 27.25, 27.25, 27.25, 27.5, 27.25, 27.25, 26.75, 27.25, 27, 26.5, 26.75, 27.25, 27, 27.25]",28.400000000000002
2025-05-27T19:38:05.782018,"[26.5, 26.75, 26.75, 27.25, 27, 26.75, 26.75, 27, 27, 27, 27, 27, 27, 26.75, 27, 26.75, 26.75, 27.25, 27.75, 27.25, 26.75, 26.75, 26.75, 26.75, 27, 27.75, 27.5, 27, 27, 27.25, 26.75, 27.5, 27, 27.5, 28.25, 27.25, 27.25, 26.75, 27.5, 27.25, 26.25, 26.75, 27.25, 27.5, 27, 27, 27, 27, 26.5, 26.25, 27, 27, 27, 27.25, 27, 27.25, 27, 26.75, 26.25, 26.5, 26.75, 27.25, 26.75, 27.25]",28.400000000000002
2025-05-27T19:38:06.051647,"[26.75, 27, 26.75, 27.25, 27, 27.25, 26.5, 27.5, 26.75, 27.25, 27, 27, 27, 27, 27.25, 27.5, 27.25, 27.5, 28.5, 27.75, 27.75, 27, 27, 27.25, 27.25, 27.5, 27.75, 27.25, 27.25, 27.25, 27, 27.5, 27, 27.5, 28, 27.5, 27.25, 27.25, 27.5, 27.75, 26.75, 27.25, 27.75, 27.5, 27.25, 27.5, 27.25, 27, 26.5, 26.5, 27.5, 27.25, 27.5, 27.25, 27.25, 27.5, 27.25, 27, 26.5, 27.25, 27, 27.25, 27.25, 27.75]",28.400000000000002
2025-05-27T19:38:06.315659,"[26.75, 27, 27, 27.25, 27.25, 26.75, 26.25, 27.25, 26.75, 26.75, 27, 27.25, 27.25, 26.5, 27, 27.25, 27, 27.25, 28.25, 27.5, 27, 26.75, 26.75, 26.75, 27, 27, 27.5, 27, 27, 26.75, 26.75, 27, 26.75, 27.25, 28, 27.25, 27.25, 27, 27, 27.75, 26, 26.75, 27.5, 27.5, 26.75, 27.5, 26.75, 27, 26.5, 26.25, 26.75, 27, 27.25, 27.25, 27.5, 27.5, 26.75, 26.5, 26.25, 26.5, 26.5, 27.25, 27.5, 27.5]",28.400000000000002
2025-05-27T19:38:06.588003,"[26.5, 27.25, 26.75, 27.25, 27.25, 27, 26.75, 27.75, 27.5, 26.5, 27.75, 26.75, 27.5, 26.75, 27, 27, 27.25, 27.25, 28.25, 27.5, 27.5, 27.25, 27.25, 27, 27.75, 27.5, 27.5, 27, 27, 26.5, 27, 27.25, 27.25, 27.5, 28.25, 27.25, 27.25, 27, 27.25, 27.25, 26.5, 26.75, 27.5, 27.5, 26.75, 27.5, 27.25, 27.25, 26.75, 26.75, 26.75, 27, 27.25, 27.5, 27.25, 27.25, 27, 27, 26.5, 27.25, 26.5, 27, 26.75, 27.25]",28.400000000000002
2025-05-27T19:38:06.842347,"[27, 26.75, 26.5, 27, 27, 27, 26.75, 27.25, 27.25, 26.5, 27.5, 27, 26.75, 26.75, 26.5, 27, 27, 27.5, 28.5, 27.5, 27.25, 27, 26.5, 27.25, 27.25, 27, 27.5, 26.5, 26.75, 26.75, 27, 27, 27, 27.5, 28, 27.5, 27.25, 26.5, 27, 27.5, 26.25, 26.75, 27.25, 27.5, 27, 26.75, 26.75, 27, 26.75, 26.5, 27, 26.75, 27.25, 27.5, 27.25, 27, 27, 26.25, 26.5, 26.5, 26.5, 26.5, 27, 27.5]",28.400000000000002
2025-05-27T19:38:07.085235,"[26.5, 27.25, 26.5, 27, 27.5, 27, 26.75, 27.5, 27.5, 27.25, 27.5, 27.25, 27.25, 27, 27, 27, 27.25, 27.25, 28.5, 27.5, 27, 27, 27.25, 27, 27.5, 27.25, 27.5, 27, 27, 27.25, 26.75, 26.75, 27.5, 27.75, 28, 27.25, 27.25, 27, 27.25, 27.75, 26.25, 26.75, 27.25, 27.75, 26.75, 27.5, 26.75, 28, 27, 26.25, 27, 27.75, 27.5, 27.5, 27.5, 27.75, 27, 27.25, 27, 27.25, 27, 27, 27.75, 27.5]",28.400000000000002
2025-05-27T19:38:07.341490,"[26.5, 27, 26.25, 27.5, 27, 27, 26.5, 27.25, 26.75, 26.25, 27.5, 27, 27, 26.75, 26.75, 27, 27, 27.5, 28.5, 27.25, 27, 26.75, 26.5, 26.75, 27.5, 27.5, 27.75, 27, 26.75, 27, 27, 27, 27.25, 27.25, 28, 27.5, 27.25, 26.75, 27, 27.25, 26, 26.5, 27.25, 27.5, 27, 27.25, 27, 27, 26.5, 26.5, 26.5, 27, 26.75, 27.5, 27.25, 26.75, 27.25, 26.5, 26.75, 26.25, 27, 26.5, 27.25, 27.25]",28.400000000000002
2025-05-27T19:38:07.599147,"[27.25, 27.25, 27, 27, 27.25, 27.25, 27, 27.5, 27.25, 27.25, 27.25, 27, 27, 26.75, 27, 27.25, 27, 27.75, 28.75, 27.5, 27.25, 26.75, 27, 27, 27.25, 27.5, 27.75, 27.25, 27.25, 27.25, 27.25, 26.75, 27, 27.5, 28, 27.5, 27.5, 27, 27.25, 27.5, 26.75, 26.75, 27.75, 28, 27, 27.75, 27.5, 27.5, 27, 26.5, 27, 27.25, 27.5, 27.75, 27.25, 27.5, 27.25, 26.75, 26.5, 26.75, 27.25, 27, 27.5, 27.75]",28.400000000000002
2025-05-27T19:38:07.864625,"[26.5, 26.75, 26.5, 26.75, 26.5, 27, 26.75, 27.25, 27.25, 26.75, 27.5, 27, 27, 26.75, 26.75, 26.75, 27.25, 27.5, 28.75, 27.25, 27.25, 26.5, 26.5, 26.75, 27.5, 27.5, 27.25, 27, 27.25, 26.75, 27, 27.5, 27.25, 27.25, 28.25, 27.25, 27, 26.75, 27, 27, 26.25, 26.5, 27, 27.5, 27, 27.25, 27.5, 27.25, 26, 26.75, 26.75, 27, 27.25, 27, 27.5, 27, 26.25, 26.5, 26.25, 26.5, 26.5, 26.5, 26.75, 27.5]",28.400000000000002
2025-05-27T19:38:08.118693,"[26.75, 27, 26.75, 27.25, 27.5, 27, 26.75, 27, 27.25, 26.75, 27.5, 27.25, 26.75, 27.25, 27, 27, 26.75, 27.75, 28.5, 28, 27.25, 26.75, 26.75, 26.75, 27.75, 27.75, 28, 27, 27.25, 26.5, 27, 27, 26.75, 27.5, 28.25, 27.5, 27.75, 26.75, 27.75, 27.5, 27, 27, 27.5, 27.75, 27, 27.5, 27, 27.5, 27, 26.75, 27.25, 26.75, 27.25, 27.5, 27, 27.5, 27.25, 27, 26.75, 26.25, 27.25, 27, 27.5, 27.75]",28.400000000000002
2025-05-27T19:38:08.374572,"[26.75, 27.25, 26.25, 27.5, 27.5, 27.25, 26.25, 27.25, 27.25, 27, 27.5, 27, 27, 26.75, 26.75, 26.75, 27.25, 27.25, 28.5, 27.25, 27.25, 26.5, 27, 26.5, 26.75, 27.25, 27.75, 27.25, 27, 27, 26.75, 27.25, 27, 27.25, 28.25, 27.5, 27.25, 26.75, 27.25, 27.5, 26.5, 26.75, 27.5, 27.5, 27.5, 27.5, 27, 27, 26.5, 26.25, 26.75, 27.5, 27, 27.25, 27, 27.25, 27, 26.5, 26.25, 26.5, 26.75, 27.5, 27.5, 27]",28.400000000000002
2025-05-27T19:38:08.630355,"[26.75, 27.25, 27.25, 27.25, 27.25, 27.25, 26.75, 27.5, 27.25, 27.25, 27.5, 27.5, 27, 27, 27, 26.75, 27.75, 28, 28.5, 27.5, 27.75, 27.25, 26.75, 27.5, 27.5, 27.75, 28, 27, 27, 27.5, 27.25, 27, 27, 27.5, 28, 27.25, 27.5, 26.75, 27.25, 28, 26.75, 27, 27.5, 27.75, 27, 27.5, 27, 27.5, 26.25, 26.75, 26.75, 27.5, 27.5, 27.75, 27, 27.5, 27.25, 27.5, 26.5, 27.5, 27, 27.75, 27.25, 28.75]",28.400000000000002
2025-05-27T19:38:08.899931,"[26.75, 27, 27, 27.25, 27.25, 27.5, 26.5, 27.75, 27.5, 27.5, 27.5, 27, 27.5, 27, 27, 27, 27, 27.75, 28.5, 27.75, 27.25, 27.25, 26.75, 26.75, 27.5, 27.5, 27.75, 27.75, 27, 27, 27, 26.75, 27, 27.75, 28.25, 27.5, 27.25, 27, 27, 27.5, 26.5, 27, 27.5, 27.75, 27, 27.75, 27.5, 27.5, 26.5, 26.5, 27, 27.25, 27.5, 27.25, 27.25, 27, 27, 26.5, 26.25, 27, 27, 27.25, 27.25, 27.5]",28.400000000000002
2025-05-27T19:38:09.142961,"[27, 27.75, 27, 27.5, 27.25, 27, 27.25, 27.25, 27, 27.25, 27.5, 27, 26.75, 27.25, 27.5, 27.25, 27.25, 27.25, 28.25, 27.25, 27.5, 27, 26.75, 27, 27.5, 27.75, 27.75, 27.5, 26.75, 27, 27.25, 27.25, 27.25, 28, 28, 27.5, 27.25, 27, 27.5, 27.25, 26.75, 26.75, 27.5, 27.75, 26.75, 27.5, 27.25, 27.5, 27, 26.75, 27, 27.5, 27.25, 27.5, 27.5, 27.5, 26.75, 26.5, 26.75, 26.75, 26.75, 27.5, 27.5, 27.75]",28.400000000000002
2025-05-27T19:38:09.412391,"[26.75, 26.75, 26.75, 27.5, 27, 27, 26.5, 27.25, 27.25, 27, 27.75, 27.25, 26.75, 27, 26.75, 27.25, 26.75, 27.5, 28.25, 27.75, 27, 27, 27, 27, 27.25, 27.5, 27.75, 27.25, 26.75, 27, 27, 27, 26.75, 27.25, 28.25, 27.75, 27.5, 26.75, 27, 27.5, 26.25, 26.75, 27.25, 27.5, 27.25, 27, 27, 27.25, 27, 26.75, 27, 27.5, 27, 27.25, 27.25, 27, 26.75, 26.75, 26, 26.5, 26.75, 26.75, 27, 27.25]",28.400000000000002
2025-05-27T19:38:09.664763,"[27, 27.5, 26.75, 27.25, 27.75, 27, 26.75, 27.75, 27, 26.75, 27.5, 27, 27, 26.75, 26.75, 27, 26.75, 27.5, 28.5, 27.75, 27.25, 27.25, 27, 26.75, 28, 27.5, 27.75, 27.25, 27, 27, 27.25, 27, 27, 27.5, 28, 27.25, 27.5, 27, 26.75, 27.25, 26.75, 26.25, 27.25, 27.5, 27.25, 27.5, 27, 26.75, 26.25, 26.75, 27.25, 27.25, 27.25, 27.75, 27.25, 27.5, 26.75, 26.75, 26.75, 26.5, 27.25, 27, 27.25, 27.75]",28.400000000000002
2025-05-27T19:38:09.943320,"[26.25, 26.75, 27.25, 27.25, 27, 26.5, 26.5, 26.75, 26.75, 27, 27.25, 27.25, 27, 27, 27, 27, 27.5, 27.75, 28.5, 27.75, 27.25, 27, 26.75, 27.25, 27, 27.5, 27.75, 27.25, 27.25, 27.25, 27.25, 27.5, 27, 27.25, 28.25, 27.5, 27.25, 27, 27.25, 27.5, 26.5, 26.75, 27.5, 27.25, 26.75, 27.75, 27, 27, 26.75, 27, 27.25, 27, 27.25, 27.75, 27, 27.25, 27, 26.75, 27.25, 27.25, 27, 27, 27.75, 27.25]",28.400000000000002
2025-05-27T19:38:10.203699,"[27, 27.25, 27.25, 27.5, 27, 26.75, 27, 27.5, 27.25, 27, 27.25, 27.25, 27, 27.25, 27.5, 27.5, 27.25, 28, 28.5, 27.5, 27.25, 27, 26.75, 27, 27.25, 27.5, 28, 27.5, 27.5, 27, 27, 27.25, 27.25, 27.75, 28, 27.5, 27.25, 27.25, 27.25, 27.5, 26.75, 26.75, 27.75, 27.75, 27.25, 27.75, 27, 27, 26.5, 26.75, 27, 27.25, 27.75, 27.75, 27.25, 27.5, 26.5, 27, 26.75, 27.5, 27.25, 27, 27.5, 27.25]",28.400000000000002
2025-05-27T19:38:10.459564,"[27, 27.5, 27, 27.25, 27.5, 26.75, 27, 27.25, 27.5, 26.75, 27.5, 27.25, 26.75, 27, 27, 27, 27.25, 27.5, 28.25, 27.75, 27, 27.25, 26.75, 27, 27.5, 27.25, 28, 27.25, 27, 27.25, 27, 27.25, 27, 27.25, 28, 27.5, 27.25, 27, 27, 27.25, 26.5, 27, 27.25, 27.75, 27.5, 27.5, 27.25, 27, 26.5, 26.75, 27, 27, 27.75, 27.25, 27.25, 27.75, 26.75, 26.5, 26.5, 27, 26.75, 27.25, 27, 27.25]",28.400000000000002
2025-05-27T19:38:10.715473,"[26.75, 27.25, 27, 27.25, 27.25, 27.25, 27, 27.5, 27, 27, 27.5, 27.5, 27, 27, 27.25, 27.25, 27.5, 27.5, 28.5, 27.75, 27, 27.25, 26.75, 27.25, 27.5, 27.75, 28, 27.25, 27, 26.75, 27.25, 27.25, 27.25, 27.5, 28.25, 27.5, 27.5, 27, 27.25, 27.5, 26.5, 27, 27.25, 27.75, 27, 27.5, 27.25, 27.75, 27.75, 26.5, 27.25, 27.25, 27.75, 27.5, 28, 27.5, 27.25, 26.75, 26.75, 27, 27.25, 27.25, 27.5, 27.25]",28.400000000000002
2025-05-27T19:38:10.972125,"[26.75, 27.25, 27, 27.5, 27.25, 27.5, 26.75, 27.25, 27, 27, 27.75, 27.25, 27, 27, 27.25, 27.5, 27.25, 27.75, 28.25, 27.5, 27.5, 27, 26.75, 27, 27, 27.5, 27.75, 27.25, 26.75, 27, 27, 27.25, 27.5, 27, 28, 27.5, 27.25, 27.25, 27.5, 27.25, 26.25, 27, 27.75, 27.5, 27.25, 27.5, 27, 27.75, 27, 26.5, 27, 27.25, 27.5, 28, 27.25, 27.5, 27.25, 27, 26.75, 26.75, 27, 27.25, 27.25, 27.5]",28.400000000000002
2025-05-27T19:38:11.228948,"[26.75, 27.25, 26.5, 27.25, 26.75, 27, 27, 27, 27.25, 27.25, 27.5, 26.75, 27, 27, 27, 27.5, 27, 27.75, 28.5, 28, 27.5, 27, 27, 27, 27.5, 27.25, 28, 27.5, 27.25, 27.25, 27, 27.25, 27, 27.5, 28, 27.5, 27.5, 27, 27.25, 27.5, 26.75, 26.5, 27.75, 27.75, 27, 27.25, 27.25, 27.5, 26.25, 27, 27, 27, 27.5, 28, 27.5, 27.5, 27, 26.75, 26.25, 26.75, 26.75, 27.25, 27.5, 27.75]",28.400000000000002
2025-05-27T19:38:11.482765,"[26.75, 26.75, 26.5, 27.25, 27.25, 27, 26.25, 26.75, 27.25, 27, 27.75, 26.75, 26.75, 27, 26.75, 27.25, 27, 27.75, 28.75, 27.25, 27.25, 27.25, 26.75, 27, 27.5, 27.25, 27.75, 27, 27, 26.75, 27, 27.25, 27.25, 27.5, 28.25, 27, 27, 26.75, 27.5, 27.25, 26.5, 26.75, 27.75, 27.5, 27.25, 27.25, 27.25, 27.5, 27.5, 26.25, 27.25, 27, 27.5, 27, 27.75, 27.5, 26.25, 26.5, 26.75, 26.75, 27.5, 26.75, 27.25, 27]",28.400000000000002
2025-05-27T19:38:11.749257,"[27.25, 26.75, 27, 27, 27.25, 27, 26.75, 27.5, 27.25, 27.5, 27.75, 27.25, 26.75, 26.75, 26.75, 27.25, 26.75, 27.5, 28.5, 27.75, 27.5, 27.25, 26.75, 27, 27.75, 27.5, 28, 27.25, 27.25, 27.25, 27, 27.25, 27.25, 27.5, 28, 27.75, 27.25, 27, 27.25, 27.5, 26, 26.75, 27, 27.25, 27, 27.5, 27.25, 27, 27.25, 26.25, 27, 27, 27.25, 27, 27.5, 27.5, 27, 26.5, 27, 27, 26.5, 27.25, 27.25, 27.5]",28.400000000000002
2025-05-27T19:38:12.018920,"[27, 27, 26.75, 27.5, 27.25, 27.25, 26.75, 27.75, 27.5, 27.75, 27.25, 27.5, 27, 27.5, 26.75, 27.75, 27, 27.75, 29, 27.25, 27.5, 27, 27, 27.25, 27.25, 27.5, 27.75, 27.25, 27, 26.75, 27.25, 27, 27.25, 27.25, 28, 27.5, 27.25, 27.5, 27.25, 27.25, 26.5, 27.25, 27.25, 27.75, 27, 27.75, 27.25, 27.25, 27, 26.75, 26.5, 27.5, 27.5, 27.5, 27.5, 27.5, 26.5, 27, 26.75, 26.5, 26.5, 26.5, 27.25, 27.5]",28.400000000000002
2025-05-27T19:38:12.275893,"[27, 27.25, 26.5, 27, 27.25, 27, 27.25, 27, 27.75, 26.75, 27.5, 27.25, 27, 27, 27.25, 27, 27.25, 27.75, 29.25, 28, 27, 27.25, 27, 27.25, 27.75, 28, 27.75, 27, 27, 27.5, 27, 27.5, 27, 27.5, 28, 27.75, 27.25, 27, 27.25, 27.5, 26.5, 26.75, 27.25, 27.75, 27.25, 27.5, 27.5, 27.75, 27.5, 26.25, 26.75, 27.5, 27.5, 27.5, 27.5, 27.5, 26.75, 26.5, 26.5, 26.75, 27.5, 27.5, 27, 27]",28.400000000000002
2025-05-27T19:38:12.531404,"[26.5, 26.75, 26.75, 27.25, 27, 27.25, 26.75, 27.5, 27, 27, 27.25, 27, 27.25, 27, 27, 27, 27.25, 27.75, 28.5, 27.75, 27.25, 27.25, 26.5, 27.5, 27.5, 28, 28, 27.25, 27.25, 27, 26.75, 26.75, 27.25, 27.5, 28.25, 27.25, 27.5, 27, 27.25, 27.5, 26.75, 26.75, 27.5, 27.75, 27, 27.5, 27, 27.25, 26.5, 27.25, 27.25, 27, 27.5, 27.25, 27.75, 27.5, 27, 26.5, 26.75, 27, 27, 27, 27.25, 27.75]",28.400000000000002
2025-05-27T19:38:12.786929,"[26.75, 27, 26.5, 27.5, 27.5, 27, 27, 27.75, 27, 26.75, 27.75, 27, 27.25, 27.25, 27, 27.25, 27.25, 27.75, 28.25, 27.75, 27.25, 27, 27, 27.25, 27, 27.25, 27.75, 27.25, 27.25, 27.25, 27, 27.25, 27.5, 27.5, 27.75, 27.25, 27, 27.25, 27.25, 27.5, 26.75, 26.5, 27.5, 27.75, 27, 27.5, 26.75, 27.25, 26.75, 26.75, 27, 27, 27.25, 27.25, 27.25, 27.25, 27, 27, 27, 26.75, 27, 27.25, 27.5, 27.5]",28.400000000000002
2025-05-27T19:38:13.064804,"[27, 26.75, 26.75, 27.5, 27.25, 27.25, 26.5, 27.25, 27, 27, 27.5, 27, 27.25, 26.75, 27, 27.25, 27.5, 27.75, 28.5, 27.5, 27, 27.25, 27, 27, 27.5, 27.75, 27.75, 27.25, 26.75, 27.25, 27, 27, 27, 27.75, 28, 27.25, 27.5, 27, 27, 28, 26.75, 26.75, 27.25, 27.5, 27, 27.75, 27, 27.5, 26.5, 26.75, 27, 27, 27.25, 27.5, 27, 27.5, 27.25, 26.25, 27, 26.75, 27, 27, 27.5, 27.5]",28.400000000000002
2025-05-27T19:38:13.310573,"[27, 27, 26.75, 27.25, 27.5, 27, 27, 27.5, 27.25, 27, 27.5, 27.25, 27, 27, 27.25, 27.25, 27, 28.25, 28.75, 27.5, 27.5, 27, 27.25, 26.75, 27.5, 27.5, 27.75, 27.25, 27, 27.5, 27.25, 26.75, 26, 27.75, 27.5, 27.5, 26.75, 27.25, 26.75, 27.75, 26.5, 27, 27.75, 27.5, 26.75, 27.75, 27, 27.25, 26.5, 27, 27.25, 27.25, 27.25, 27.25, 27.25, 27.5, 27.25, 27, 26.5, 27, 27.25, 27.25, 27, 27.5]",28.400000000000002
2025-05-27T19:38:13.574553,"[26.5, 27.5, 27, 27.25, 27.25, 27.25, 27, 27.25, 27.25, 27, 27.5, 27, 27.25, 26.5, 27, 26.5, 27, 28.25, 29, 27.75, 27.5, 27.25, 26.5, 27, 27.75, 27, 28, 27.25, 27, 27, 27.25, 27, 27.25, 27.25, 28, 27.5, 27.5, 27, 27, 27.25, 26.25, 26.75, 27.25, 27.5, 26.75, 26.75, 27, 27, 26.25, 27, 27.25, 27.25, 27.75, 27.25, 27.25, 27.5, 27.75, 26.5, 26.25, 26.75, 27, 26.5, 27, 27.75]",28.400000000000002
2025-05-27T19:38:13.823760,"[27.25, 26.75, 27, 27.25, 27, 27, 26.75, 27.5, 27, 27.25, 27.75, 27, 27, 26.75, 27, 27, 27, 27.75, 29.25, 28, 27, 27.25, 26.75, 27, 27, 27.5, 28, 27.25, 27, 27, 27.25, 27.25, 26.75, 27.5, 28, 27.25, 27.5, 27.25, 27.25, 27.5, 26.75, 27, 27.25, 27.75, 27, 27.25, 27.25, 27.5, 27, 26.75, 27.25, 27.25, 27.25, 27.5, 27, 27.75, 27.25, 26.75, 26.75, 27, 27, 27, 27.5, 27.5]",28.400000000000002
2025-05-27T19:38:14.081819,"[26.75, 27.5, 26.75, 27.5, 27.25, 27.25, 26.75, 27.5, 27.25, 27, 27.5, 27, 27, 27, 26.75, 27.25, 27.25, 27.25, 28.5, 27.75, 27.25, 27.25, 27, 27.25, 27.25, 27.5, 28, 27, 26.75, 27, 27, 27, 26.75, 27.25, 28.25, 27.5, 26.75, 27.25, 27, 27.5, 26, 26.5, 27.25, 27, 26.75, 27.5, 27, 27.75, 26.75, 26.5, 27.25, 27, 27.25, 27.25, 27, 27.25, 27.5, 26.75, 26.25, 27, 27, 27.25, 27.5, 27.75]",28.400000000000002
2025-05-27T19:38:14.338612,"[26.5, 27, 27, 27.5, 27.25, 27.25, 26.75, 27.75, 27.25, 26.75, 27.5, 27.25, 27.25, 27, 27, 27, 27, 27.75, 28.75, 28, 27, 27, 26.75, 27.25, 27.25, 27, 28.25, 27.25, 27, 27.25, 27, 27.25, 27, 27.5, 28, 27, 27, 27, 27.5, 27.5, 26.5, 26.75, 27.25, 28, 26.75, 27.5, 27.25, 27.5, 27.5, 27.25, 27, 27.25, 27.5, 27.75, 27.5, 27.75, 27.25, 27.25, 26, 27, 27.25, 27.25, 27.5, 27.75]",28.400000000000002
2025-05-27T19:38:14.595006,"[27.25, 27, 27, 27, 27, 27.25, 26.75, 27.5, 27.5, 27, 27.5, 27.25, 27, 27.25, 27, 27, 27.5, 27.75, 28.25, 28, 26.75, 27, 26.75, 27, 27, 27.5, 27.5, 27.25, 27, 27, 27, 27.25, 26.5, 27.25, 27.75, 27.5, 27.25, 27, 27, 27.5, 26.25, 26.25, 27.5, 27.25, 27, 27.5, 27.25, 27.25, 26.75, 26.25, 26.75, 27, 27.25, 27, 27, 27, 26.75, 26.5, 27, 26.75, 26.75, 26.75, 27, 27.5]",28.400000000000002
2025-05-27T19:38:14.851561,"[26.5, 27.25, 27, 27.25, 27, 27.5, 26.5, 27.25, 27.25, 27, 27.5, 27.25, 27, 27, 26.5, 27, 27.25, 27.5, 28.75, 27.75, 27.5, 27, 27, 27.25, 27.25, 27, 27.5, 27, 27, 27, 27, 27, 27, 27.5, 28, 27.25, 27.25, 26.75, 27, 27.5, 26.5, 27.25, 27.25, 27.5, 27, 27.5, 27.25, 27.25, 26.75, 26.75, 27, 27, 27.25, 27.25, 27.25, 27.75, 26.5, 26.5, 26.75, 26.75, 27, 27.5, 27.25, 27.5]",28.400000000000002
2025-05-27T19:38:15.114897,"[27.25, 27.25, 26.75, 27.25, 27, 27.25, 26.75, 27.5, 27, 27.25, 27.5, 27.25, 27.25, 27, 27, 27, 27.25, 27.5, 28.5, 27.5, 27.25, 26.75, 26.75, 26.75, 27.25, 27.25, 28, 27.25, 27, 26.75, 26.75, 27, 27, 27.5, 28, 27.25, 27.25, 27.25, 27, 27.25, 26.5, 26.75, 27.25, 27.25, 26.75, 27.25, 27.25, 27.25, 26.5, 26.75, 27, 27.25, 27, 27.25, 27.25, 27.25, 26.75, 27.25, 26.75, 26.5, 27, 26.75, 27, 27.5]",28.400000000000002
2025-05-27T19:38:15.381595,"[26.75, 26.75, 26.75, 27.5, 27.25, 26.5, 27, 27.25, 27.25, 27.25, 27.25, 27, 26.75, 27, 27, 27.5, 27, 27.5, 28.5, 28, 27.25, 27, 26.5, 27.25, 27.5, 27.5, 28, 27, 27, 27, 26.75, 26.75, 27, 27.75, 28, 27.5, 27.25, 27, 27, 27.25, 26.25, 26.75, 27.5, 27.5, 26.5, 27.5, 26.75, 27.5, 26.75, 27.25, 26.75, 27, 27.25, 27.5, 27.5, 27.5, 27.25, 27.25, 26.5, 26.5, 26.75, 27, 27.5, 27.75]",28.400000000000002
2025-05-27T19:38:15.678459,"[26.75, 27, 26.5, 27.25, 27, 27.25, 26.75, 27.75, 26.75, 27.25, 27.5, 27, 26.75, 26.75, 27.25, 26.75, 27.25, 27.75, 28.5, 27.75, 27.25, 27.25, 26.75, 27, 27, 27.25, 27.75, 27, 26.75, 26.75, 27, 27.25, 26.75, 27.75, 28.5, 27.5, 27.75, 26.75, 27, 28, 26.25, 26.75, 27.25, 27.75, 27.25, 27.5, 27.25, 27.5, 27, 26.75, 27.25, 27.25, 27.25, 27.5, 27.25, 27.75, 27.25, 26.25, 26.75, 26.75, 26.75, 27, 27.5, 27.5]",28.400000000000002
2025-05-27T19:38:15.908038,"[26.5, 27.5, 26.75, 27.25, 27, 27.25, 26.75, 27.25, 26.5, 27.25, 27.25, 27, 27.25, 27, 27, 27, 27.25, 27.75, 28.5, 27.5, 27.25, 26.75, 27, 27.25, 27.25, 27.75, 28, 27.25, 27, 27, 27, 27.25, 27.25, 27.5, 28, 27.5, 27.5, 27.25, 27, 27.25, 26.25, 26.75, 27, 27.5, 27, 27.5, 27, 27.5, 27.25, 26.5, 27, 27, 27.5, 27.25, 27.25, 27.5, 26.75, 26.25, 26.75, 26.25, 27.25, 27, 27, 27.5]",28.400000000000002
2025-05-27T19:38:16.163743,"[26.75, 26.5, 26.75, 27.5, 27.25, 27.25, 26.25, 27.25, 27, 27, 27, 26.75, 27, 27, 27.25, 26.75, 27.25, 27.5, 29, 27.75, 27.25, 27, 27, 26.75, 27, 27.5, 27.5, 27.25, 27.25, 27.25, 26.75, 27, 27, 27.5, 28.25, 27.25, 27.25, 27, 27, 27.5, 26.5, 26.75, 27.5, 27.25, 27, 27.5, 27, 27.25, 27, 26.75, 27.25, 27.25, 27.25, 27.25, 27.5, 27.5, 27.25, 27, 26.25, 26.25, 26.5, 26.75, 27.25, 27.25]",28.400000000000002
2025-05-27T19:38:16.421385,"[27, 27.25, 26.75, 27.5, 27, 27, 27, 27.75, 27.25, 27.25, 27.75, 27, 27.25, 27, 27, 27, 26.75, 27.5, 28.5, 27.75, 27.5, 26.75, 26.75, 27, 27.5, 27.75, 27.75, 27.5, 26.75, 27, 27.25, 27, 26.75, 27.75, 27.75, 27.75, 27.5, 27, 27, 27.5, 26.75, 27.25, 27.5, 27.5, 27.25, 27.75, 27.25, 27.25, 27, 26.5, 27.25, 26.75, 27.5, 27.5, 27.5, 27.5, 27, 26.5, 27, 27, 27.25, 27.25, 27.25, 28.25]",28.400000000000002
2025-05-27T19:38:16.675757,"[26.5, 27.25, 26.5, 27.75, 27, 27, 26.75, 27.25, 27.5, 27, 27, 27, 27.75, 27, 27, 27.5, 27, 28, 28.75, 28, 27.5, 26.5, 26.75, 26.75, 27.25, 27.25, 27.75, 27.25, 26.75, 27, 26.75, 27.25, 27, 27.5, 28, 27.5, 27.25, 27.25, 27.25, 27.5, 26, 27, 27.25, 27.5, 27, 27.5, 27.75, 27.25, 27, 26.75, 27, 27, 27.25, 27.25, 27, 27.25, 27, 26.75, 27, 26.5, 26.5, 27.25, 27.5, 27.25]",28.400000000000002
2025-05-27T19:38:16.931393,"[26.75, 27.75, 27, 27.25, 27.5, 27, 26.5, 27.5, 27.25, 26.75, 27.5, 27, 27.25, 27, 27.25, 27, 27.25, 27.5, 28.5, 28, 27.25, 27.25, 26.75, 27.25, 27.25, 27.5, 27.5, 27.5, 27, 27, 27, 26.75, 27.5, 27.75, 28.5, 27.5, 27.25, 27.25, 27.25, 27.5, 26.5, 27, 27.5, 27.75, 26.75, 27.5, 26.75, 27.25, 26.75, 26.75, 27.25, 27, 27, 26.75, 27.5, 27.5, 26.75, 26.75, 26.5, 27, 27, 27, 27.75, 27.25]",28.400000000000002
2025-05-27T19:38:17.185308,"[26.75, 27, 27.25, 27.25, 27, 27, 27, 27.5, 27.25, 27.25, 27.25, 27, 27, 27, 27, 26.75, 27.25, 27.75, 28.5, 27.75, 27.5, 27, 26.75, 27, 27.5, 27.25, 27.75, 27.5, 27, 27, 26.75, 26.75, 27.25, 27.25, 28.25, 27.25, 27.25, 27.25, 27.25, 27.5, 26.5, 26.75, 27.25, 27.5, 27, 27.5, 27.25, 27.5, 27.25, 27.25, 27, 27, 27.5, 27.5, 27.5, 27.75, 26.75, 27, 26.25, 26.75, 26.75, 27.25, 27.25, 27.75]",28.400000000000002
2025-05-27T19:38:17.441393,"[27, 27.25, 26.75, 27.5, 27.25, 27.5, 26.75, 26.5, 27.25, 27.25, 27.25, 27, 26.75, 27, 26.75, 27, 27.25, 27.5, 28.75, 27.5, 27.25, 27, 27, 27.25, 27.25, 28, 27.75, 27.5, 27.5, 27.25, 27.25, 27.25, 27, 27.25, 28, 27.25, 27.25, 26.75, 27.25, 27.25, 27, 26.75, 27.25, 27.75, 27, 27.5, 27, 27.5, 27, 26.75, 27, 27.25, 27.25, 27.5, 27.75, 27.5, 27, 26.75, 27, 26.5, 27, 27, 27.5, 27.25]",28.400000000000002
2025-05-27T19:38:17.697218,"[27, 26.75, 27.25, 27.75, 27.25, 27.25, 26.75, 27.5, 27.25, 27.25, 28, 27.25, 27, 27.25, 27, 27, 27.25, 27.5, 29.25, 27.75, 27.25, 27.5, 26.75, 26.75, 27.5, 27.25, 28, 27.25, 27.5, 27.25, 26.75, 27.25, 26.75, 27.5, 28.25, 27.5, 27.5, 27, 27, 27.5, 26.75, 27, 27.25, 27.25, 26.75, 27, 27.25, 27.25, 27, 26.5, 26.75, 27, 27.5, 27.25, 27.25, 27.5, 26.75, 26.75, 26.5, 26.5, 26.5, 26.75, 27, 26.75]",28.400000000000002
2025-05-27T19:38:17.956552,"[27, 26.75, 26.75, 27.5, 27, 27, 27, 27.5, 27, 27, 27, 27.25, 26.75, 27.25, 27, 27.25, 27.25, 27.5, 28.5, 27.5, 27.25, 27.25, 27, 26.75, 27.25, 27.25, 27.5, 27.5, 26.75, 26.75, 27, 27, 27, 27.25, 27.75, 27.25, 27.25, 26.75, 26.75, 27.5, 26.5, 27, 27.25, 27, 26.75, 27.5, 27.5, 27.5, 27, 26.25, 26.5, 26.75, 27, 27, 27.75, 27.25, 27, 26.75, 26.25, 26.25, 26.5, 27, 27.25, 27]",28.400000000000002
2025-05-27T19:38:18.242311,"[26.75, 26.5, 27, 27.5, 27.25, 27, 27, 27.5, 27.5, 26.5, 27.25, 26.5, 27, 26.5, 27, 26.5, 27.5, 27.5, 28.5, 28, 26.75, 27.25, 26.75, 27.5, 27.75, 27.25, 27.75, 27, 27, 27, 27, 26.75, 26.75, 27.5, 28.25, 27.25, 27, 26.75, 27, 27.25, 26.5, 26.75, 27, 27, 26.75, 27.75, 26.75, 27.5, 26.75, 26.25, 27, 26.75, 27.5, 27, 27, 27, 27, 26.75, 26, 26.75, 26.5, 27, 27.25, 27.25]",28.400000000000002
2025-05-27T19:38:18.496575,"[27, 27, 27, 27, 27, 27, 27, 27.25, 27.25, 27.25, 27.25, 27, 27, 27, 26.75, 27.5, 27, 27.5, 28.5, 27.5, 27.25, 26.5, 26.75, 26.75, 27, 27.75, 27.75, 27.25, 26.75, 27, 26.75, 27.25, 27.25, 27.25, 28.25, 27, 27.25, 26.75, 27, 27.25, 26.5, 26.5, 27.5, 27.25, 27, 27.25, 27, 27, 26.75, 26.5, 27, 26.75, 27.5, 27, 27.75, 27.25, 26.5, 26.5, 27, 26.5, 27, 26.25, 27.25, 27.75]",28.400000000000002
2025-05-27T19:38:18.753211,"[27, 27.5, 27, 27.25, 27.25, 27, 26.5, 27, 27.25, 27, 27.25, 26.75, 27.25, 26.5, 26.75, 27, 26.75, 27.25, 28, 27.5, 27.5, 27, 26.5, 26.75, 27, 27.5, 27.5, 26.75, 27, 27, 26.75, 26.75, 26.75, 27.25, 28, 27.25, 27.25, 27, 27.25, 27.5, 26.75, 26.5, 27, 27.5, 27, 27.5, 26.5, 27.25, 27, 26.5, 26.75, 26.75, 27.25, 27.25, 27, 27.75, 27.5, 26.5, 26.75, 26.5, 27, 27.25, 27.75, 27]",28.400000000000002
2025-05-27T19:38:19.014633,"[26.75, 27.25, 26.5, 27.25, 27.25, 27, 26.5, 27, 27.25, 27.25, 26.75, 26.75, 26.75, 27, 27, 26.75, 27.75, 27.75, 28.75, 27.25, 27, 27.25, 26.75, 27, 27.25, 27.5, 27.5, 27.25, 26.75, 27, 27, 27.25, 26.75, 27.25, 28, 27.25, 27.25, 27, 27.5, 27.25, 26.25, 26.5, 27.25, 27, 27, 26.75, 27, 27.25, 26.75, 26.5, 26.5, 27, 27.5, 27.25, 27.25, 27.25, 26.75, 26.75, 26.5, 27, 27, 27, 27.5, 27.5]",28.400000000000002
2025-05-27T19:38:19.267651,"[27.25, 26.75, 26.75, 27.5, 27, 26.75, 26.5, 27, 26.75, 27, 27, 27.25, 27, 26.75, 27, 27.25, 27.25, 27.5, 27.75, 27.5, 27.5, 27, 26.75, 27, 27, 27.5, 27.75, 27, 26.75, 26.75, 26.75, 27, 27, 27.25, 28, 27.25, 27, 26.5, 27.25, 27.5, 26.5, 26.75, 27.25, 27, 26.75, 27.25, 27.25, 27.5, 26.5, 26.5, 27, 27, 27.25, 27.25, 27.5, 27.25, 27.25, 26.5, 26.25, 26.5, 26.75, 27.25, 27, 27.25]",28.400000000000002
2025-05-27T19:38:19.521055,"[26.75, 26.75, 26.5, 27, 26.75, 26.25, 26.5, 27, 27, 26.25, 27, 26.75, 27.25, 27, 26.75, 27, 27, 27, 27.25, 27.25, 27, 26.75, 26.5, 27, 27, 27.25, 27.75, 26.75, 26.75, 26.75, 26.75, 27, 26.75, 27.75, 28.5, 27, 27.25, 26.75, 27, 27.5, 26, 26.5, 26.75, 27, 26.5, 27.25, 26.75, 27.25, 26.25, 26.5, 26.75, 26.75, 26.75, 27, 26.75, 27, 26.5, 26.75, 26.5, 26.5, 26.5, 26.5, 26.75, 27]",28.400000000000002
2025-05-27T19:38:19.777409,"[26.75, 27.25, 26.5, 27.25, 27, 27, 26.5, 27.25, 27.25, 26.75, 27, 27, 27, 27, 27.25, 27.25, 27.5, 28, 27.75, 27.25, 27, 27, 26.75, 26.5, 27.25, 28.25, 28, 26.5, 26.75, 26.75, 27, 27.25, 27.25, 28, 28.25, 27.25, 27.5, 27.25, 27.25, 27.75, 26.5, 26.5, 27.25, 27.25, 26.75, 27.25, 27, 27, 26.75, 26.5, 26.75, 27.25, 27.25, 27.25, 27.5, 27.75, 27.5, 26.75, 26.5, 26.75, 27.25, 26.25, 26.75, 26.75]",28.400000000000002
2025-05-27T19:38:20.034845,"[27, 27, 26.5, 26.75, 27, 27, 26.5, 26.75, 27.5, 26.75, 27.25, 27, 26.75, 26.75, 27, 26.25, 28.5, 28.25, 28, 27.25, 27, 26.75, 26.5, 26.75, 27.75, 28, 27.75, 26.25, 26.5, 27, 26.75, 27, 27.5, 28.25, 28, 27.25, 27, 27, 27, 27.25, 26.75, 26.5, 27.25, 27.25, 26.75, 27.25, 26.75, 27, 26.5, 26, 26.75, 27, 27, 27.25, 27.25, 27, 27, 26.5, 26.5, 26.25, 27.25, 26.75, 27, 27.25]",28.400000000000002
2025-05-27T19:38:20.310085,"[27, 27.25, 26.75, 27.25, 27.25, 27.25, 26.75, 27.5, 28, 27, 27.25, 27, 27, 27, 27.25, 26.75, 29, 28, 27.5, 27.25, 27, 27, 26.5, 26.75, 28.25, 28, 27.25, 26.75, 27, 26.75, 27.25, 27.25, 28.5, 29, 28.25, 27, 27, 27.25, 26.75, 27.5, 28, 27, 27.75, 27.75, 26.75, 27.25, 27.25, 27, 26.5, 27, 26.75, 27, 27.25, 27.25, 27.25, 27.5, 26.5, 26.75, 26.5, 26.5, 27, 27.25, 27.25, 27.25]",28.400000000000002
2025-05-27T19:38:20.568235,"[26.75, 27.25, 26.5, 26.5, 27.25, 27, 26.75, 26.75, 27.5, 26.5, 27, 26.75, 26.75, 27, 27.25, 26.75, 28.5, 27.75, 27.5, 27.25, 27.25, 27, 26.75, 26.75, 28.25, 27.75, 27.75, 26.75, 26.75, 26.75, 26.5, 26.75, 28.75, 28.25, 27.75, 26.75, 27, 27, 27, 27, 27.25, 27.75, 27.5, 26.75, 26.75, 27.5, 27, 26.75, 27.25, 26.75, 27.25, 27, 27.25, 27.25, 27, 27, 27, 26.75, 26.25, 26.5, 26.5, 26.75, 27, 27.25]",28.400000000000002
2025-05-27T19:38:20.823325,"[27.25, 27.25, 26.75, 27.25, 27.25, 27.25, 26.75, 27.5, 27.75, 26.75, 27, 27.25, 26.75, 26.75, 27, 26.75, 28.25, 27.5, 27.25, 27, 27.25, 26.75, 26.75, 26.75, 28, 28, 27.25, 27, 27, 27, 26.75, 27, 28.75, 28.25, 27.75, 27, 27.25, 27, 27.25, 27.25, 27.5, 28.5, 27.5, 27.25, 26.75, 27.25, 27.5, 27.25, 27, 27.5, 27.75, 27, 27.5, 27.25, 27.25, 27.5, 26.75, 27.5, 26.5, 26.25, 26.75, 26.75, 27, 27]",28.400000000000002
2025-05-27T19:38:21.080365,"[27, 27.5, 26.75, 27.25, 27.25, 27, 26.75, 27.75, 27.25, 27, 27, 26.75, 26.75, 27, 27.25, 27, 28, 27.25, 27.25, 27, 27, 26.25, 26.75, 26.75, 28, 28, 27.25, 26.75, 27.25, 26.75, 27.25, 27, 28.5, 28.75, 28, 27, 27.5, 26.75, 27, 26.75, 27, 27.5, 27.5, 27.25, 26.5, 27.25, 27, 27.25, 27, 26.75, 27.5, 26.75, 27, 27.75, 27.5, 27.25, 27.5, 27, 26.75, 27, 26.75, 27, 27, 27.5]",28.400000000000002
2025-05-27T19:38:21.336553,"[27, 27, 26.75, 27.5, 27, 27, 27.5, 27.5, 27.25, 26.75, 27.25, 27, 27.25, 27.25, 27.25, 27.25, 27.25, 27.25, 27, 27.5, 27.25, 27.25, 27.25, 27.25, 28.25, 27.25, 27.5, 27, 27.5, 27, 27.25, 26.75, 28.25, 28, 28, 26.75, 27, 26.75, 26.75, 27.25, 28, 27.5, 27.5, 27, 26.75, 27.25, 27.25, 27.25, 27.5, 27.5, 27.5, 27.25, 27, 27.75, 27.5, 27.75, 27, 27, 27.25, 26.5, 26.75, 27, 27.5, 27.25]",28.400000000000002
2025-05-27T19:38:21.616168,"[26.5, 27, 27, 27.25, 26.75, 27, 26.5, 27, 27.25, 26.5, 27, 26.75, 27, 26.75, 27, 27.25, 26.75, 27, 27, 27.25, 27, 27, 26.75, 26.75, 27.25, 26.75, 27.5, 27, 27, 27, 26.5, 27, 27.75, 27, 28, 27, 27.25, 26.75, 26.75, 27, 27.75, 26.75, 27.25, 27, 27, 27.5, 26.75, 27.5, 27, 27.5, 27, 27, 27.5, 27, 27.25, 26.75, 27, 26.75, 26.5, 26.5, 26.5, 26.75, 26.75, 27.75]",28.400000000000002
2025-05-27T19:38:21.871579,"[26.75, 27, 26.75, 27.5, 27.25, 27.25, 27, 27.5, 27.25, 27, 27.25, 27, 27.25, 26.75, 26.75, 27.25, 27, 27.25, 27, 27.25, 26.75, 27.25, 26.75, 27.25, 27.25, 26.75, 27.5, 26.75, 27, 26.75, 26.75, 27, 26.75, 26.75, 27.5, 27, 27, 27.25, 27.25, 27.5, 26.25, 26.75, 27.25, 26.75, 26.5, 27.5, 26.5, 27, 26.75, 26.75, 26.5, 27, 27, 27.5, 27.25, 27, 27.5, 27, 26.75, 27, 27.25, 27.5, 26.75, 27.5]",28.400000000000002
2025-05-27T19:38:22.136441,"[26.5, 27, 26.25, 27.25, 27, 27, 26.75, 27, 26.75, 26.75, 26.75, 27, 27, 26.75, 27.25, 27, 26.75, 27, 27, 27.25, 27, 26.75, 27, 27, 27, 26.75, 27, 26.75, 26.75, 26.75, 27, 27.25, 27, 27, 27.5, 26.75, 27, 27, 27, 27, 26.25, 26.5, 26.5, 27, 26.75, 26.75, 26.75, 27.25, 26.25, 26.5, 27, 27, 27.25, 27.25, 27.25, 27.5, 26.5, 26.5, 26.25, 26.5, 26.75, 26.5, 27, 27.75]",28.400000000000002
2025-05-27T19:38:22.379684,"[26.5, 26.75, 26.5, 27.25, 26.75, 27, 27, 27.5, 27.25, 26.5, 26.75, 26.75, 27, 27, 26.75, 27.25, 27.25, 27.25, 27.5, 27.5, 27, 27, 26.75, 27, 27.25, 27, 27.25, 27, 27, 27.25, 27, 27.25, 26.75, 27, 27.75, 27, 27, 27, 27.25, 27.5, 26.75, 26.75, 27.25, 27.5, 27, 27.5, 27.25, 27.5, 26.5, 26.25, 26.5, 26.75, 27.25, 27.25, 27.25, 27.5, 26.5, 26.75, 26.5, 26.5, 27, 26.75, 27.25, 27.5]",28.400000000000002
2025-05-27T19:38:22.647881,"[26.25, 27, 26.5, 27, 26.75, 26.5, 26.25, 27, 27, 26.5, 26.75, 26.5, 27, 26.75, 26.75, 27.25, 26.75, 26.25, 27, 27, 27, 26.75, 26.5, 27, 26.75, 26.75, 27, 26.75, 26.5, 26.75, 27, 27.25, 27.5, 27, 27.5, 27, 27.25, 26.5, 27, 27.5, 26, 26.25, 27, 26.75, 26.75, 27.25, 26.75, 26.75, 26.5, 26.5, 26.25, 26.5, 27, 27, 27, 27.25, 26.25, 26.5, 26.25, 26.5, 26.25, 26.5, 27.25, 26.75]",28.400000000000002
2025-05-27T19:38:22.906051,"[27, 26.75, 26.75, 27.25, 27.25, 27, 26.5, 27.75, 26.5, 26.75, 26.75, 26.75, 27, 27.25, 26.75, 27, 27, 27, 27, 27.5, 27.25, 27, 26.75, 27, 27.75, 27, 26.75, 27, 27.25, 27, 27, 27, 27.25, 27.5, 28.25, 27.25, 27.5, 27, 27.25, 27.75, 26.5, 26.75, 27, 27.5, 26.75, 27.5, 27, 27.25, 26.75, 26.5, 26.75, 27, 27, 27.75, 28, 27.25, 27, 26.75, 26.5, 26.5, 26.75, 26.75, 27.25, 27.5]",28.400000000000002
2025-05-27T19:38:23.162402,"[26.5, 26.75, 26.5, 27, 26.75, 26.75, 27, 26.75, 26.75, 26.25, 26.75, 26.75, 26.75, 26.75, 27, 26.75, 27.25, 26.75, 27, 27.25, 27.25, 26.75, 26.5, 26.5, 27, 26.75, 27, 27, 27, 27, 26.75, 26.75, 26.5, 27.25, 27.75, 27, 27.25, 26.75, 27, 26.75, 26.5, 27, 27.25, 26.75, 26.5, 27, 27, 27, 26.75, 26.25, 26.5, 26.75, 27, 27.25, 27, 27.25, 26.5, 26.25, 26.5, 26.75, 26.75, 26.75, 27.25, 28]",28.400000000000002
2025-05-27T19:38:23.417716,"[27, 27.25, 26.75, 27.75, 27.25, 27.25, 26.75, 27, 26.75, 26.5, 26.75, 26.5, 26.75, 27.25, 27, 27, 27, 27, 27.5, 27, 27, 27, 26.75, 26.5, 27.5, 26.75, 27.25, 27, 27, 26.75, 27, 27, 27, 26.75, 28, 27.5, 27.5, 26.75, 27, 27.5, 26.25, 26.5, 27.25, 27.25, 26.75, 27.5, 26.75, 27.5, 26.75, 26.5, 26.75, 27, 27, 26.75, 27, 27.25, 27, 26.75, 26.5, 26.25, 26.75, 27.25, 27.5, 27.5]",28.400000000000002
2025-05-27T19:38:23.686251,"[26.5, 26.5, 26.75, 27, 26.75, 27.25, 26.75, 27, 26.75, 27, 27, 26.75, 26.75, 26.75, 26.75, 27, 27, 27, 26.75, 27, 26.75, 26.75, 26.5, 27, 27, 26.5, 27.25, 26.5, 26.75, 26.75, 27, 27, 26.75, 26.75, 27.5, 27, 26.75, 26.5, 27, 27, 26.25, 26.5, 27.25, 27, 26.75, 27.5, 27, 27.5, 26.25, 26.75, 26.5, 27, 27, 27.5, 27.5, 26.75, 26.5, 26.25, 26.25, 26.25, 26.75, 26.5, 27.25, 26.5]",28.400000000000002
2025-05-27T19:38:23.942506,"[26.75, 27, 26.5, 27, 26.75, 26.75, 26.75, 27, 27.25, 26.75, 27, 27, 26.75, 26.75, 27, 26.75, 26.75, 27, 27.25, 26.75, 27.25, 27.25, 26.5, 27, 27, 26.75, 26.5, 27, 26.75, 27.25, 26.75, 27, 26.5, 27.25, 28, 27.25, 27, 26.75, 27, 27.25, 26, 26.25, 27, 26.75, 27, 27.75, 27, 27, 26.75, 26.5, 26.75, 26.75, 27.25, 27.25, 27.25, 27.25, 27, 26.5, 26, 26.5, 26.75, 27, 27, 27]",28.400000000000002
2025-05-27T19:38:24.222809,"[26.25, 26.75, 27, 27.25, 26.5, 27, 26.25, 27.25, 26.75, 26.25, 27, 26.5, 26.75, 26.5, 26.75, 27, 26.5, 27, 27, 27, 27.25, 26.75, 26.75, 26.75, 26.5, 26.75, 27, 26.5, 26.75, 26.5, 26.75, 27, 27.25, 26.75, 27.75, 26.75, 27, 27, 26.5, 27.25, 26, 26.75, 26.5, 27, 26.5, 27.25, 26.75, 27.25, 26.5, 26.5, 26.25, 27, 27.25, 27, 27, 27, 26.5, 26.25, 26.75, 26.25, 26.5, 27, 27.25, 27.5]",28.400000000000002
2025-05-27T19:38:24.461487,"[26.75, 27, 26.5, 27.25, 27, 26.75, 26.5, 27.25, 27, 26.5, 27.25, 26.75, 27, 26.5, 26.75, 26.75, 27, 26.5, 27.25, 27.5, 27.25, 27, 26.5, 26.75, 26.5, 26.75, 27, 27, 26.75, 27, 26.5, 26.75, 27, 27.25, 27.75, 27, 27.5, 27, 27, 27.75, 26.5, 26.25, 27.25, 27.25, 26.75, 27.25, 27, 27.25, 26.75, 26.25, 26.25, 27.25, 27.25, 27.75, 27, 27, 26.5, 26.75, 26.5, 27, 26.75, 27, 27.5, 27.75]",28.400000000000002
2025-05-27T19:38:24.752049,"[26, 27, 26.25, 27, 26.75, 26.75, 26.25, 27.25, 26.75, 26.75, 27, 26.5, 26.75, 26.75, 26.5, 26.75, 26.75, 27.25, 27, 27, 26.5, 26.75, 26.5, 26.75, 27.25, 26.5, 27, 26.75, 27, 26.5, 27, 26.5, 26.75, 27, 27.5, 27.25, 27, 26.75, 27.25, 27, 26.5, 26.25, 26.5, 27, 26.75, 27.25, 27.25, 27, 26.25, 26.25, 26.5, 27, 26.75, 26.75, 27.25, 27, 26.5, 26.5, 25.75, 26.25, 27, 27, 27.25, 26.75]",28.400000000000002
2025-05-27T19:38:25.007865,"[27, 27.25, 26.5, 27.25, 27, 26.5, 26.5, 27.5, 27, 27.25, 27, 27, 26.5, 26.75, 26.75, 27.25, 27, 27, 26.75, 27.25, 26.75, 27, 26.5, 27, 27.5, 26.5, 27, 26.75, 26.5, 26.75, 26.75, 26.75, 26.5, 27, 27.5, 27, 27, 26.75, 27, 27.5, 26.25, 26.75, 27.25, 27.25, 27, 27.5, 27, 27.25, 26.75, 26.5, 27, 27.25, 27, 27.5, 27.5, 27.75, 26.5, 26.75, 26.5, 26.75, 26.5, 26.5, 27.25, 26.75]",28.400000000000002
2025-05-27T19:38:25.263831,"[26.5, 26.75, 26, 26.75, 26.5, 26.25, 26.5, 26.75, 26.75, 26.5, 26.75, 26.5, 26.75, 26.5, 26.25, 26.25, 26.5, 26.5, 27, 27, 26.75, 26.75, 26.5, 27, 27, 26.5, 27, 26.75, 26.75, 26.75, 26.5, 26.5, 27, 27, 27.5, 26.75, 27, 26.75, 27, 27.25, 26, 26.5, 26.75, 27, 27, 27.25, 26.75, 27, 26.25, 26.25, 27, 26.75, 27.25, 27, 27, 27, 26.5, 26.5, 25.75, 26.5, 27, 26.5, 26.75, 26.75]",28.400000000000002
2025-05-27T19:38:25.519376,"[26.5, 27, 26.5, 27.5, 27, 27, 26.5, 27.5, 26.75, 26.5, 26.75, 26.75, 26.75, 27, 27, 27, 27, 27.25, 26.75, 26.75, 27, 27, 26.5, 27, 27, 27, 27, 26.5, 26.75, 26.75, 27, 27, 27, 27.75, 28, 27.25, 27.25, 27, 27, 27.5, 26.25, 26.5, 27, 27.25, 26.75, 27.25, 27, 26.75, 27, 26.75, 26.5, 26.75, 27, 26.75, 27.5, 27.5, 26.75, 26.25, 26.25, 26.5, 26.75, 27, 27, 27.75]",28.400000000000002
2025-05-27T19:38:25.812336,"[26.5, 26.75, 26.75, 27, 26.75, 26.75, 26.5, 27.25, 26.75, 26.5, 26.75, 26.5, 26.75, 26.5, 26.75, 26.5, 27.25, 26.75, 27, 27, 26.75, 26.75, 27, 26.5, 27, 27, 27, 26.75, 26.75, 26.5, 27.25, 27, 27.25, 26.75, 27.75, 26.75, 27.25, 26.5, 27.25, 27.5, 26.25, 26.25, 26.75, 27, 26.5, 27.25, 26.25, 27, 26.25, 26, 26.5, 26.75, 27.25, 27, 27.25, 27.5, 26.5, 26, 26.5, 26.25, 26.25, 26.5, 26.25, 27]",28.400000000000002
2025-05-27T19:38:26.067322,"[27.25, 27, 26.75, 27, 27.25, 27, 26.5, 27.25, 26.5, 26.5, 27, 27, 26.75, 26.75, 26.5, 26.75, 27, 27, 27.25, 27, 27, 26.75, 27, 26.75, 27, 27.25, 27, 27.25, 26.75, 27.25, 27, 27, 26.5, 27, 27.75, 26.5, 27, 26.5, 27, 27.25, 26.5, 26.5, 27, 27.5, 26.75, 27.25, 27, 27.25, 26.5, 26.25, 26.75, 27.25, 27.5, 27, 27.25, 27, 27.25, 26.75, 26.25, 26.5, 26.5, 26.75, 27.25, 27]",28.400000000000002
2025-05-27T19:38:26.326511,"[26.5, 26.75, 26.5, 26.75, 27, 27, 26.75, 26.5, 27.25, 27, 27.25, 26.75, 27, 26.75, 27, 26.75, 26.75, 27, 27, 27.25, 27, 27, 26.75, 27, 27, 26.75, 26.75, 27, 26.75, 26.5, 26.75, 26.75, 26.5, 27.25, 27.75, 27, 27.25, 26.5, 26.75, 27, 26.25, 26.5, 27, 26.75, 26.5, 27, 26.75, 26.75, 26.5, 26.25, 26.25, 26.75, 27.25, 27.25, 27.5, 27.5, 26, 26.5, 26.25, 26.5, 26.75, 27, 27, 27.75]",28.400000000000002
2025-05-27T19:38:26.581697,"[26.75, 26.75, 26.5, 27, 26.75, 26.75, 26.75, 26.75, 27, 26.75, 27, 27.25, 26.75, 27.25, 27, 27.25, 27, 26.75, 27.25, 27, 27.25, 27.25, 27, 27, 27, 27, 27.25, 27, 26.75, 27.25, 26.75, 27.25, 26.5, 27.25, 28, 27.25, 27.25, 27, 27.25, 27.5, 26.5, 26.75, 27.5, 27, 27.25, 27, 27, 27.25, 27, 26.5, 26.5, 27, 27.25, 27.25, 27.25, 27.25, 26.75, 26.5, 26.5, 26.75, 27.25, 27, 27.5, 27.25]",28.400000000000002
2025-05-27T19:38:26.840244,"[26.5, 27.25, 26.5, 27.25, 27.25, 26.5, 26.25, 27, 27, 26.75, 26.75, 27, 27, 26.75, 27, 26.75, 26.5, 26.75, 27, 27, 26.75, 27, 26.5, 26, 27, 26.5, 27, 27, 26.75, 27, 26.25, 27, 27, 26.75, 27.75, 27, 27.25, 26.75, 27, 27.25, 26, 26.5, 27, 26.75, 27, 27, 26.75, 27, 26.25, 26.25, 26.25, 26.75, 27, 27, 26.75, 27.25, 26.5, 26.5, 26.25, 26, 26.5, 27, 26.75, 27.75]",28.400000000000002
2025-05-27T19:38:27.091812,"[26.75, 27, 27, 27.25, 26.75, 26.5, 26.75, 27.25, 27, 26.75, 26.75, 27, 27, 27.25, 27.25, 27.25, 27.25, 27, 27.25, 27.5, 27.25, 27, 27, 27.25, 27.25, 27, 27.5, 26.75, 27.25, 26.75, 27.25, 26.75, 27, 27.25, 28, 27, 27.25, 27, 27.25, 27.5, 26.25, 27, 27, 27.25, 27.5, 27.5, 27, 27.25, 27, 26.5, 26.75, 26.75, 27.25, 27.5, 27.25, 27.5, 26.5, 26.75, 26, 26.75, 26.75, 26.75, 27.75, 27.25]",28.400000000000002
2025-05-27T19:38:27.345738,"[27, 26.75, 26.5, 27, 26.75, 26.5, 26.5, 27.25, 27.25, 26.75, 26.75, 27.25, 26.75, 26.75, 26.75, 27, 26.75, 27, 27, 27.25, 27, 27.25, 27, 27, 27, 26.75, 27.25, 26.75, 26.75, 26.75, 27, 27, 26.5, 27, 27.5, 27, 27, 26.5, 27.25, 27.25, 26.25, 27, 27.25, 27.25, 26.5, 27, 26.5, 27.25, 26.5, 26.75, 26.5, 27.25, 27.25, 27.25, 27.25, 27, 26.5, 26.5, 26.5, 26.25, 26.75, 27, 27, 26.75]",28.400000000000002
2025-05-27T19:38:27.601170,"[26.75, 27, 26.75, 26.75, 27, 26.75, 27, 27.5, 27.25, 26.75, 27, 26.75, 26.75, 26.75, 27, 27.25, 27, 27, 27.5, 27, 27, 27, 26.75, 27, 27.25, 27.25, 27.25, 27, 27.25, 27, 26.75, 27, 26.75, 27.25, 27.75, 27, 27.25, 27.25, 27.25, 27.75, 26.25, 26.25, 27.25, 27.25, 26.5, 27.5, 27.25, 27.25, 27, 26.75, 26.75, 27, 27.5, 27.25, 27.25, 27, 26.75, 26.75, 26.5, 26.75, 26.5, 27, 27.5, 27.25]",28.400000000000002
2025-05-27T19:38:27.864817,"[26.25, 26.75, 26.25, 26.75, 26.75, 26.5, 26.5, 27.5, 26.75, 26.75, 26.75, 26.75, 26.75, 26.5, 27, 27.25, 26.75, 26.75, 27, 27.25, 27.25, 27, 26.75, 26.75, 27, 26.75, 27, 26.5, 26.75, 27, 27, 27, 27, 27, 27.75, 26.75, 27.25, 26.75, 27, 27, 26, 26.25, 27.25, 27, 27, 27.5, 26.75, 27.25, 26.5, 26.5, 27, 26.75, 27, 27.5, 26.75, 27.25, 26.25, 27, 25.75, 26.5, 26.75, 27.25, 26.75, 27.5]",28.400000000000002
2025-05-27T19:38:28.123612,"[27, 27.25, 26.5, 27.25, 27.25, 27.25, 26.75, 27.25, 26.5, 26.75, 26.75, 26.75, 26.75, 26.5, 27, 26.75, 27, 27.5, 27, 27, 27, 26.75, 26.75, 26.75, 27, 27, 27.25, 26.5, 27, 27, 27, 27, 26.75, 27.25, 27.5, 27.25, 27, 26.75, 27.25, 27, 26.25, 26.75, 27.25, 27, 27, 27.25, 27.25, 27, 26.5, 26.75, 26.25, 27, 27.25, 27.25, 27.25, 27.25, 26.5, 26.75, 26.5, 26.25, 26.75, 26.5, 27.25, 27.25]",28.400000000000002
2025-05-27T19:38:28.378488,"[26.75, 26.75, 26.5, 27, 27, 26.75, 26.5, 26.75, 26.75, 27, 26.75, 26.75, 27, 26.75, 27, 26.75, 27, 26.75, 27, 27.25, 27.5, 26.75, 26.75, 26.75, 27.25, 26.75, 27, 26.75, 26.75, 26.75, 27, 26.5, 26.75, 27.25, 27.5, 27, 27.5, 27, 26.75, 27, 26.25, 27, 27.25, 27, 26.75, 27, 27.25, 27.5, 26, 26.5, 27, 26.75, 27.25, 27, 27.25, 27.5, 26.75, 26.75, 26.5, 26.5, 26.5, 26.5, 27, 27]",28.400000000000002
2025-05-27T19:38:28.637047,"[26.75, 26.75, 26.25, 27, 27, 27.25, 26.5, 27.5, 27.25, 26.75, 27.25, 26.75, 27, 27, 26.75, 27, 27, 27, 26.75, 27.5, 27.25, 27.25, 26.75, 27.25, 27.25, 27, 27, 26.75, 27.25, 26.75, 27, 27.25, 27, 27.25, 27.5, 27, 27.25, 26.75, 27, 27.5, 26.5, 27, 27.25, 27, 27.25, 27.5, 27, 27.5, 27, 26.5, 26.75, 27, 27.25, 27.25, 27.25, 27.75, 27, 27, 27, 26.75, 27.25, 26.5, 27.25, 28]",28.400000000000002
2025-05-27T19:38:28.892320,"[27, 26.25, 27, 27.25, 27, 27.25, 26.75, 27.25, 26.5, 26.75, 26.75, 26.75, 27, 27, 27, 27, 27, 27, 27.25, 27.5, 26.75, 26.75, 27, 27, 27.25, 26.75, 27, 26.5, 27.25, 26.75, 27, 27.25, 26.75, 27.25, 27.75, 27, 26.75, 27.25, 27, 27.25, 26.25, 26.5, 27, 27, 26.75, 27.25, 27, 26.75, 26.75, 26.75, 26.75, 27, 27.5, 27.25, 27.25, 27.5, 27, 26.75, 26.5, 26.75, 26.5, 27, 27, 27.25]",28.400000000000002
2025-05-27T19:38:29.147801,"[26.75, 27, 26.5, 27.25, 26.75, 27, 26.5, 27.25, 27.25, 27, 27.25, 26.5, 26.75, 27, 26.75, 26.75, 27, 27, 26.75, 27, 27, 27, 27, 27.5, 27.25, 26.75, 26.75, 27, 26.5, 26.5, 27, 27, 26.75, 27.25, 27.75, 27, 26.75, 27, 27, 27.25, 26.25, 26.75, 26.75, 27, 26.75, 27.25, 27, 27.5, 26.5, 26.5, 26.75, 26.75, 27.25, 27, 27.25, 27, 26.75, 26.25, 26.75, 27, 27, 26.75, 27.5, 27]",28.400000000000002
2025-05-27T19:38:29.402471,"[26.75, 26.75, 26.75, 27.25, 27, 26.75, 26.5, 26.75, 26.75, 26.5, 27, 27, 27, 26.75, 27, 27, 27.5, 27, 27, 27, 27.75, 27, 26.5, 26.5, 27, 26.75, 27.25, 26.75, 26.75, 27, 26.75, 27, 26.75, 27.5, 27.75, 27, 27.5, 27, 27, 27, 26.5, 26.75, 27, 26.75, 26.75, 27.5, 27, 27, 26.5, 26.75, 26.75, 27, 27.25, 27.25, 27.25, 27.75, 26.75, 26.75, 26.75, 26.25, 26.75, 26.75, 27, 27.75]",28.400000000000002
2025-05-27T19:38:29.656032,"[26.75, 26.75, 26.25, 27.25, 26.75, 26.75, 26.5, 27.25, 27.25, 26.75, 26.5, 26.75, 27, 26.75, 27, 27.25, 26.5, 27, 27, 27.25, 27.25, 26.75, 26.75, 27, 27, 26.75, 27, 26.75, 26.5, 27, 26.5, 27, 26.75, 27, 27.5, 27, 27, 26.75, 27, 27.5, 26.5, 26.75, 26.75, 26.75, 27, 27, 27, 27.25, 26.75, 26.75, 26.75, 27.25, 27.25, 27.25, 27, 27.75, 27, 26.75, 26.25, 26.5, 26.75, 27.25, 26.75, 27]",28.400000000000002
2025-05-27T19:38:29.913608,"[26.5, 27, 26.5, 27, 27, 27, 26.5, 27.25, 26.75, 26.25, 26.75, 27.25, 26.75, 26.5, 26.75, 26.75, 26.75, 26.75, 27, 27, 27, 26.75, 26.5, 26.5, 27, 26.75, 26.75, 26.75, 27.25, 26.5, 27, 27, 26.75, 27, 27.5, 27.25, 27, 26.75, 26.5, 27.25, 26, 26.5, 26.5, 27.25, 27, 27, 27, 27.5, 26.25, 26, 26.5, 26.75, 27.25, 27.25, 27.25, 27, 26.75, 26.5, 26.5, 26.25, 26.75, 26.75, 27, 27]",28.400000000000002
2025-05-27T19:38:30.167606,"[26.5, 26.75, 26.5, 27, 26.75, 26.75, 27, 27.5, 27, 26.5, 27.25, 26.75, 26.75, 26.75, 26.75, 27.25, 27, 26.75, 27, 27, 27.25, 26.75, 27.25, 27.25, 27, 27, 26.75, 27, 26.75, 26.75, 27, 27, 27, 26.75, 27.75, 27.25, 27, 27, 27, 27.5, 26.25, 26, 27, 26.75, 26.75, 27.25, 27.25, 26.75, 26.75, 26.25, 26.75, 26.5, 27.5, 27.25, 27.5, 27.25, 26.75, 26.75, 26.25, 26.75, 26.75, 26.75, 27, 27]",28.400000000000002
2025-05-27T19:38:30.426835,"[27, 27.25, 26.5, 27, 27, 27, 26.75, 27, 27, 26.5, 26.75, 26.75, 27.25, 27, 26.75, 26.75, 26.75, 26.75, 26.75, 27.25, 26.75, 26.5, 26.5, 27, 26.5, 26.5, 26.75, 26.5, 26.75, 27, 26.75, 26.75, 26.75, 27, 27.25, 27, 27.25, 27, 26.75, 27, 26.25, 26.75, 27, 27, 27, 27.25, 26.5, 27.5, 27, 26.25, 26.5, 26.75, 27.25, 27.25, 27, 27.25, 26.75, 27, 26.5, 26.25, 26.75, 26.5, 27.5, 27.75]",28.400000000000002
2025-05-27T19:38:30.679699,"[26.5, 27, 26.5, 27.25, 27.25, 26.75, 26.5, 27.25, 27, 26.5, 26.75, 26.75, 26.75, 27, 26.5, 26.75, 26.75, 27, 27, 27, 27, 27, 26.75, 26.75, 26.75, 26.75, 27, 26.5, 27, 26.75, 27, 27.25, 26.5, 27.25, 27.25, 27.25, 27.25, 27, 26.75, 27, 26.25, 26.75, 27, 27, 26.5, 27, 27, 27.25, 26.75, 26.25, 26.5, 27, 27, 27, 27.25, 27.5, 27.25, 26.75, 26.5, 26.75, 26.5, 27, 27, 28]",28.400000000000002
2025-05-27T19:38:30.940396,"[26.5, 27, 26.25, 27, 26.5, 27, 26.25, 26.75, 26.75, 27, 26.75, 27, 27, 26.75, 26.75, 27.25, 27, 27, 26.75, 27.25, 27.25, 26.5, 26.5, 27.25, 27, 26.5, 27, 26.5, 26.75, 26.75, 27, 26.5, 26.5, 26.75, 27.25, 26.75, 27, 27, 27, 27.5, 26.5, 26.5, 27, 26.75, 26.5, 27.25, 27.25, 27.25, 26.5, 26.25, 26.5, 27.25, 26.75, 27.25, 27.25, 27.25, 26.25, 26.25, 26.5, 26.25, 27, 26.75, 26.75, 26.5]",28.400000000000002
2025-05-27T19:38:31.200492,"[26.5, 26.75, 26.75, 27, 27.25, 27, 26.5, 27.25, 26.75, 26.5, 26.75, 26.5, 26.5, 27.25, 26.75, 26.5, 27, 26.75, 26.75, 27.25, 27, 26.75, 26.5, 27, 27, 27, 26.5, 26.5, 26.75, 26.75, 26.75, 27.25, 27, 27, 27.5, 26.75, 27, 27, 26.75, 27.25, 26.25, 26.5, 26.75, 27, 26.75, 27.25, 27, 26.75, 26.75, 26.25, 26.75, 27.25, 27, 27.25, 27.25, 27.25, 27, 26.25, 27, 26.5, 27, 27, 27.25, 27.5]",28.400000000000002
2025-05-27T19:38:31.456281,"[26.5, 26.75, 26.5, 27, 27.25, 26.75, 26.5, 27, 27.25, 26.5, 27, 27.25, 27, 26.75, 26.5, 27, 26.75, 26.75, 26.5, 27.25, 26.75, 26.5, 26.5, 26.25, 27, 26.5, 27, 26.5, 26.75, 26.75, 26.75, 26.75, 26.75, 27, 27.5, 27.25, 26.75, 26.75, 26.5, 27.5, 26.25, 26.75, 27, 27, 26.75, 27, 26.75, 27.25, 26.75, 26.25, 26.5, 27, 27, 26.75, 27, 27, 27, 26.5, 26.25, 26.5, 27.25, 27, 27.25, 27]",28.400000000000002
2025-05-27T19:38:31.709634,"[27, 27.25, 26.75, 26.5, 26.75, 26.75, 26.5, 26.5, 27, 26.75, 27, 26.75, 27, 26.25, 26.75, 27.25, 27, 27.25, 27, 27, 27, 26.75, 26.5, 27.25, 26.75, 27, 27, 26.75, 27, 26.5, 27, 27, 26.75, 27.5, 28, 27, 27.25, 26.5, 27.25, 27, 26.5, 26.25, 27.25, 27.25, 26.75, 27.5, 27, 26.75, 26.75, 26.5, 26.5, 27, 27.25, 27.25, 27.25, 27.25, 26.75, 27.25, 26.5, 27, 26.25, 27, 27.25, 27.5]",28.400000000000002
2025-05-27T19:38:31.964974,"[26.5, 27.25, 26.5, 27, 26.75, 26.5, 27, 27.25, 27.25, 26.5, 27.25, 26.75, 27, 26.75, 27, 27.25, 26.75, 27, 27, 27, 27.25, 27, 26.75, 26.75, 27.25, 26.75, 27, 26.75, 26.5, 26.5, 26.5, 26.75, 27, 26.75, 27.75, 27, 26.75, 26.75, 27, 27, 26, 26.5, 27, 26.75, 26.5, 27.25, 27, 27, 26.5, 26.25, 26.5, 27, 27, 27.5, 26.75, 27.5, 27, 26.25, 26.25, 26.75, 27, 26.75, 27, 27]",28.400000000000002
2025-05-27T19:38:32.236354,"[26.75, 27, 26.25, 27.25, 26.75, 26.75, 26.75, 26.75, 27.25, 26.75, 27, 26.75, 27, 26.75, 27.25, 27.25, 26.75, 26.25, 27.25, 27, 26.75, 27, 26.5, 27, 26.75, 26.75, 26.75, 26.5, 26.75, 26.75, 26.25, 27, 26.5, 27.25, 27.5, 27, 26.75, 27, 27, 27.5, 26, 26.5, 27.25, 27, 26.5, 27.5, 26.75, 27, 26.5, 26.5, 26.25, 27, 27.25, 27.25, 27, 27.5, 26.5, 26, 26.25, 26.25, 27, 26.75, 26.75, 27.25]",28.400000000000002
2025-05-27T19:38:32.492434,"[27, 27.25, 26.25, 27.25, 27, 26.75, 27, 27, 27, 26.75, 26.75, 26.75, 26.75, 26.75, 26.75, 26.75, 26.75, 27, 27, 27, 26.75, 26.75, 27, 26.75, 27, 26.5, 26.5, 26.75, 26.75, 27, 26.75, 27, 27, 27.25, 27.5, 27, 27.5, 26.75, 27, 27.75, 26.25, 26.25, 26.75, 27, 26.75, 27.25, 27, 27, 26.5, 26.25, 26.25, 26.75, 27, 27, 27.5, 27.25, 26.25, 26.25, 26.25, 26.25, 27, 26.75, 26.75, 27.75]",28.400000000000002
2025-05-27T19:38:32.746558,"[26.75, 27, 27, 27.25, 27.25, 27, 26.75, 27.5, 26.75, 26.5, 26.75, 26.75, 27, 26.75, 26.75, 26.75, 27, 27, 26.75, 27.25, 27, 27, 26.75, 26.75, 27, 27, 26.75, 26.75, 26.75, 27, 26.75, 27.5, 27, 27, 27.75, 26.75, 27.25, 27.25, 27.25, 27.25, 26.5, 26.75, 27, 27.25, 26.75, 27.25, 27, 27, 26.5, 26.5, 26.75, 27, 27, 27.5, 26.75, 26.75, 26.75, 26.25, 26.25, 26.25, 26.25, 27.25, 27.5, 27.5]",28.400000000000002
2025-05-27T19:38:33.002676,"[27, 26.75, 27.25, 27.25, 26.75, 27, 26.5, 27.25, 27, 27, 26.75, 26.75, 26.75, 26.75, 26.75, 27.25, 26.75, 27.25, 27, 27.25, 27.25, 27, 26.25, 27.25, 27.25, 26.75, 27, 26.75, 26.75, 27.25, 27, 27.25, 26.5, 27.25, 27.25, 27, 27.25, 26.75, 26.75, 27.25, 26, 26.25, 27, 26.75, 26.5, 27, 27, 26.75, 26.75, 27, 26.5, 26.75, 27.25, 27.25, 27.25, 27.5, 27.25, 26.25, 26.25, 26.5, 26.75, 27, 27.25, 27.25]",28.400000000000002
2025-05-27T19:38:33.262172,"[27, 27, 26.75, 27.25, 26.5, 26.75, 26.75, 27.25, 27, 26.5, 26.75, 27, 26.75, 27, 26.5, 27, 26.75, 26.75, 27, 27, 26.75, 26.75, 26.5, 27, 26.75, 26.75, 27, 26.5, 26.5, 26.75, 26.75, 27, 26.5, 27.25, 27.75, 27.25, 27, 26.75, 26.75, 27.75, 26, 26.75, 27.25, 27.25, 26.25, 26.75, 27, 27, 26.25, 26.5, 26.25, 27, 27, 27.75, 26.75, 27.25, 27, 26.25, 26.75, 26.25, 27, 27, 27.25, 27.5]",28.400000000000002
2025-05-27T19:38:33.532900,"[26.5, 26.5, 26.5, 27, 27, 27, 26.75, 27, 27, 26.75, 26.75, 26.75, 27, 26.75, 26.75, 26.75, 26.75, 26.75, 26.75, 27, 26.75, 26.75, 26.75, 27, 27, 26.75, 26.75, 27, 27, 26.75, 27, 27, 26.75, 27.25, 27.5, 27.25, 27, 26.75, 27.25, 27.5, 26.25, 26.75, 27.25, 27, 26.75, 27, 26.75, 27.25, 27, 26.25, 26.5, 27, 27.25, 27, 27.5, 27.5, 26.5, 26.25, 26.25, 26.5, 26.5, 26.5, 27, 27.25]",28.400000000000002
2025-05-27T19:38:33.799385,"[26.75, 27, 27, 27, 27, 26.75, 26.5, 27.25, 27, 26.75, 27, 26.75, 26.75, 26.75, 27, 26.75, 27, 27, 27.25, 27.25, 27, 26.75, 26.75, 27, 26.75, 26.75, 27, 27, 27, 26.75, 26.75, 26.75, 26.75, 27, 27.5, 27, 27, 26.75, 27, 27.75, 26.25, 26, 27, 26.75, 26.5, 27.25, 26.75, 27, 26.75, 26.5, 26.75, 27, 27, 28, 27.5, 27, 27, 26.75, 26.5, 26, 27, 27, 27.25, 27.25]",28.400000000000002
2025-05-27T19:38:34.070879,"[27, 27, 26.75, 27, 27.25, 26.75, 26.5, 27.5, 26.5, 26.25, 27, 26.75, 27, 26.75, 27, 27.25, 27, 26.75, 26.75, 27, 27.25, 27, 26.5, 27.25, 27, 26.5, 26.75, 26.75, 26.75, 26.75, 26.5, 27, 27, 27, 27.75, 27, 27.5, 26.25, 27, 27, 26.25, 26.5, 27.25, 27, 26.75, 27.5, 26.75, 27.25, 26.75, 26.5, 26.5, 26.75, 27.75, 27.25, 27.25, 27.25, 27, 26.75, 26.25, 26.5, 27, 27, 27.25, 27.75]",28.400000000000002
2025-05-27T19:38:34.335086,"[26.75, 26.75, 27, 27.25, 26.75, 27, 26.5, 27, 26.75, 26.75, 27.25, 26.5, 27, 26.75, 27, 26.75, 26.75, 27, 27, 27.25, 26.75, 26.75, 26.75, 26.5, 27.25, 26.75, 26.75, 26.75, 26.75, 26.75, 27, 26.75, 26.75, 27, 27.5, 26.75, 27.25, 27.25, 26.75, 27, 26.75, 27, 27, 27, 26.75, 27.25, 27.25, 27.25, 27.5, 26.5, 26.75, 27.25, 27.5, 27.25, 27.5, 27.5, 27, 26.25, 26.5, 26.25, 26.25, 27, 27.25, 27]",28.400000000000002
2025-05-27T19:38:34.590440,"[27, 27.25, 26.5, 27.25, 27.25, 27, 26.75, 27, 27, 26.5, 27, 26.25, 27.25, 26.75, 27.25, 26.75, 27.25, 26.75, 27, 27.25, 27, 27, 26.5, 27, 27.25, 27.25, 26.75, 26.75, 27, 26.75, 26.75, 27, 26.75, 27.25, 27.25, 26.75, 27, 27, 26.75, 27.5, 26.5, 26.5, 27, 27, 26.75, 27.25, 27.25, 26.5, 26.5, 26.5, 27, 27, 27.25, 27, 27.25, 27.5, 26.5, 26.75, 26.75, 26.25, 26.5, 27.5, 27, 26.75]",28.400000000000002
2025-05-27T19:38:34.844429,"[27, 27.25, 26.5, 26.75, 27, 26.75, 26.75, 27.25, 27.25, 26.25, 26.75, 26.5, 27, 26.5, 27.25, 26.75, 27, 26.75, 26.75, 26.75, 27, 26.75, 26.75, 27, 27, 26.75, 26.5, 27.25, 27, 27, 26.75, 26.5, 27, 27, 27.75, 27.25, 27, 26.75, 27, 27.5, 26.5, 26.75, 26.75, 27, 26.5, 27.25, 26.75, 27.25, 27.5, 26.25, 26.75, 27, 27, 27.25, 26.75, 26.75, 26.75, 26.5, 26.5, 26.5, 27, 27, 27.25, 28]",28.400000000000002
2025-05-27T19:38:35.099163,"[27, 26.75, 26.5, 27.25, 27, 27, 26.75, 27, 27.25, 26.5, 27, 26.75, 26.5, 27.25, 27, 27.25, 26.75, 27, 27, 26.75, 26.75, 26.5, 26.75, 26.75, 27.25, 27, 26.5, 26.5, 27, 27.25, 26.75, 27, 27.25, 27, 27.75, 27, 27, 26.75, 27.25, 27.5, 26.5, 26.75, 27, 27.25, 27, 27.25, 26.75, 27.5, 26.75, 26.75, 26.5, 27, 27, 27.25, 27.25, 27.25, 26.75, 26.5, 26.5, 26.25, 27, 26.5, 27, 27.25]",28.400000000000002
2025-05-27T19:38:35.353819,"[26.25, 26.5, 26.75, 27, 27.25, 27, 27, 27.25, 27, 26.25, 26.75, 27, 27.25, 27, 26.75, 27.25, 26.25, 27, 27, 27, 27.25, 26.75, 26.5, 26.25, 27, 27, 26.75, 27, 27.25, 26.75, 27, 26.75, 27, 27.25, 27.75, 27.25, 27, 27, 27.25, 27.75, 26, 26.25, 27, 27, 27, 27.25, 26.75, 27.25, 27, 26.25, 26.75, 26.75, 27.25, 27.25, 27.5, 26.5, 26.5, 26.75, 26.5, 26.5, 27, 27, 27, 27.25]",28.400000000000002
2025-05-27T19:38:35.614802,"[26.75, 27, 27, 27.25, 27, 27, 27, 27.25, 27.25, 26.75, 27.25, 27, 26.75, 26.75, 27.25, 27, 27.25, 26.75, 27, 26.75, 27.25, 26.5, 26.75, 27, 27.25, 27, 27, 26.5, 27, 27, 26.5, 27, 26.75, 26.75, 27.75, 27, 27.5, 27, 27, 27, 26.25, 26.5, 26.75, 27, 26.75, 27.5, 27, 27.5, 26.5, 26.5, 27, 27, 26.75, 27.25, 27.25, 27.5, 27, 27.25, 27, 26.5, 26.5, 26.75, 27.5, 27]",28.400000000000002
2025-05-27T19:38:35.895678,"[27, 27, 26.5, 26.75, 27, 27, 26.75, 27.25, 27, 27.25, 26.5, 27, 27, 27.25, 27.5, 27.25, 27.25, 27.25, 27, 27, 27.5, 27, 26.75, 27, 27, 27, 26.5, 26.75, 26.75, 26.75, 26.75, 26.5, 26.75, 27.25, 27.5, 27, 27, 27.25, 27, 27.25, 26.75, 26.75, 26.75, 27, 26.5, 27.25, 27, 26.75, 26.75, 27.25, 26.75, 27, 27.5, 27.75, 27.5, 27.5, 26.75, 26.75, 26.25, 26.25, 27, 27, 27.5, 27.75]",28.400000000000002
2025-05-27T19:38:36.151894,"[27, 27, 26.75, 27, 27.25, 26.75, 27, 27.25, 27, 26.75, 27, 26.75, 27, 26.75, 26.75, 26.5, 27.25, 26.75, 27, 27.5, 27, 26.75, 27, 26.75, 26.5, 26.75, 26.75, 26.75, 26.75, 27, 27, 27.25, 26.75, 27, 27.75, 26.75, 27.25, 27, 27.25, 27.5, 26.5, 26.5, 26.75, 27.25, 27, 27.25, 26.75, 27.75, 26.25, 26.5, 26.75, 27, 27, 27.25, 27.25, 27, 27.25, 26.75, 26.25, 26.5, 26.75, 26.75, 27.25, 27.25]",28.400000000000002
2025-05-27T19:38:36.407902,"[26.5, 26.75, 27, 27.5, 27.5, 26.75, 26.5, 26.75, 27, 26.75, 26.75, 27.25, 27, 26.75, 27.25, 27, 27, 26.75, 27.25, 26.75, 27.25, 26.75, 26.75, 26.75, 27.25, 27, 27, 26.5, 26.75, 27, 26.75, 27, 26.75, 27.25, 27.75, 27, 27.25, 27, 27.25, 27.5, 26.5, 26.75, 27, 27, 26.5, 27.25, 27, 27.25, 26.75, 26.5, 26.75, 26.75, 27.5, 27, 27, 27.5, 26.75, 26.5, 26.25, 26.5, 27, 27, 27.5, 27.5]",28.400000000000002
2025-05-27T19:38:36.664109,"[26.75, 27.25, 27, 27, 27, 26.75, 27, 27.25, 26.75, 26.75, 27, 27, 27, 27.25, 27, 27, 27, 27, 27, 27, 27, 27.25, 27.25, 26.75, 27.25, 26.75, 27, 27, 26.75, 27, 27, 26.5, 27.25, 27, 27.5, 27, 27.25, 26.75, 27, 27.25, 26.5, 26.5, 27, 27, 26.5, 27.5, 27, 27.75, 26.75, 26.25, 26.75, 27, 27.5, 27.75, 27, 27.25, 27, 26.75, 26.25, 26.5, 26.5, 27, 27.5, 26.75]",28.400000000000002
2025-05-27T19:38:36.916878,"[26.75, 27, 27, 27.5, 27, 27, 26.75, 27.25, 26.75, 26.75, 26.75, 26.5, 26.75, 27, 26.75, 26.75, 27.25, 26.75, 26.75, 27.25, 27, 26.75, 26.75, 26.75, 27, 27.25, 26.75, 27, 27, 27, 27, 27, 27.25, 27.5, 27.25, 27.25, 27.25, 26.5, 26.75, 27.5, 26.5, 26.75, 27.5, 27, 27, 27.5, 27.25, 27, 27.5, 27, 26.75, 27.5, 27.5, 27.25, 27.5, 27.75, 26.75, 26.5, 26.5, 27.5, 27.25, 27.5, 26.75, 27.5]",28.400000000000002
2025-05-27T19:38:37.174375,"[26.5, 27, 26.75, 27, 27, 27, 27, 27.25, 26.75, 27, 27.25, 26.75, 27, 26.75, 27, 27.5, 27.25, 27, 27.25, 27.25, 27.25, 27, 27, 27, 27.25, 26.75, 27, 27, 27.25, 26.75, 26.75, 27, 26.75, 26.75, 27.75, 27.25, 27.25, 26.75, 27.25, 27.5, 26.5, 26.75, 27, 27.25, 26.75, 27.75, 27, 27.25, 26.75, 27, 26.75, 27.25, 27, 27.5, 27, 27.25, 26.75, 26.5, 26.5, 27, 27, 27, 27, 26.75]",28.400000000000002
2025-05-27T19:38:37.429854,"[26.75, 27, 26.75, 27.5, 27.25, 27, 27, 27.5, 27, 27, 27, 27, 26.75, 26.75, 27.25, 27, 27.25, 27.5, 27, 27.25, 27.25, 27.25, 26.75, 27, 27, 27, 27, 27, 27.25, 27.25, 27, 27, 27, 27.25, 28.25, 27.25, 27.25, 26.75, 27.25, 27.5, 26.5, 27, 27.5, 27.25, 26.75, 27.25, 27.25, 26.75, 27.5, 27.25, 26.25, 26.75, 27.25, 27.75, 27.25, 27.5, 27, 26.75, 27, 26.5, 27, 27, 27.25, 27]",28.400000000000002
2025-05-27T19:38:37.702136,"[26.75, 26.75, 27, 27.25, 27, 26.75, 26.75, 27.5, 27.25, 26.75, 27.25, 27, 26.75, 27, 27.25, 27.25, 26.5, 27, 27, 26.75, 27, 27.25, 27, 27, 27, 26.75, 27.25, 27, 27, 27, 27, 27, 26.75, 27, 28, 27.25, 27.25, 26.75, 27.25, 27, 26.75, 26.5, 27.25, 27.25, 27, 27.25, 27.25, 28, 27, 26.25, 27, 27, 27.75, 27.25, 27.5, 27.25, 27, 26.75, 26.75, 26.75, 27.25, 27.25, 27, 27.75]",28.400000000000002
2025-05-27T19:38:37.941489,"[26.5, 26.5, 26, 27.25, 26.75, 26.75, 26.75, 27, 27, 26.5, 26.5, 26.75, 27, 26.5, 26.75, 26.5, 27, 27, 27, 26.75, 26.75, 26.75, 26.75, 26.75, 26.75, 26.75, 26.75, 26.5, 27, 26.75, 26.75, 27, 26.75, 27, 27.75, 27.25, 26.75, 27, 27.25, 26.75, 26, 26.75, 26.75, 27, 26.5, 27.25, 26.75, 27.25, 26.5, 26.5, 26.5, 26.5, 27, 27.25, 27, 27, 26.5, 26.5, 26.25, 26.25, 26.5, 26.5, 27.25, 27.5]",28.400000000000002
2025-05-27T19:38:38.211258,"[26.75, 27, 27, 27.25, 26.75, 27, 27, 27.5, 27, 26.75, 26.75, 26.75, 27, 26.75, 27, 26.5, 27, 27, 27, 27.25, 26.75, 27, 26.75, 27, 27.25, 27, 27, 27.25, 27, 27.25, 27, 27, 26.75, 27.5, 27.75, 27, 27.25, 27.25, 27.25, 27.5, 26.25, 27, 27.25, 27.25, 27, 27.5, 27, 27, 26.25, 26.75, 27.25, 27, 27.25, 27.25, 27.5, 27.5, 26.25, 26.25, 26.25, 27, 27, 26.75, 27.25, 27.75]",28.400000000000002
2025-05-27T19:38:38.455699,"[26.5, 27, 26.75, 27.25, 27.25, 27, 26.25, 27, 27, 26.5, 27, 26.75, 27, 26.75, 27.25, 27.25, 27, 26.5, 26.75, 27.25, 27, 26.5, 27, 26.75, 27, 26.75, 26.5, 27, 27.25, 27, 26.75, 27.25, 26.75, 27.25, 27.75, 26.75, 27, 27, 27, 27.25, 26.25, 26.5, 27, 27.25, 26.5, 27.5, 26.75, 27.25, 26.5, 27, 26.5, 27, 27.25, 26.75, 27.25, 27.25, 26.75, 26.75, 26.25, 26.5, 26.25, 26.75, 27, 27.5]",28.400000000000002
2025-05-27T19:38:38.719193,"[26.75, 27, 26.75, 27.25, 27.25, 27.25, 26.5, 27, 27, 26.75, 27.25, 27.25, 26.75, 27, 26.75, 27.25, 27, 27, 27.25, 27, 27.5, 27, 27, 27, 27.25, 26.75, 27, 27, 27, 27.25, 26.75, 27, 27, 27.25, 27.75, 27.25, 27.5, 26.75, 27, 27.25, 26.25, 26.75, 27.25, 27, 26.75, 27.25, 27, 26.75, 27, 26.75, 27, 26.75, 27.5, 27.25, 27.25, 27, 26.5, 26.5, 26.5, 26.5, 27, 27, 27.25, 27.5]",28.400000000000002
2025-05-27T19:38:38.975716,"[27, 26.75, 26.5, 27.25, 27.25, 26.75, 26.75, 27.25, 26.75, 27, 27, 26.25, 27, 26.75, 26.5, 26.75, 27.25, 26.75, 26.75, 27.25, 27.5, 26.75, 26.75, 26.75, 27.25, 26.75, 26.75, 27, 26.5, 27, 26.75, 26.75, 27.25, 27.25, 27.5, 27, 27, 26.75, 27, 27, 26.5, 26.25, 27.25, 27.5, 27.25, 27.5, 27.25, 27.25, 26.25, 26.5, 26.5, 26.75, 27, 27.25, 27.75, 26.75, 27.25, 26.5, 26.75, 26.75, 26.5, 27, 26.75, 26.5]",28.400000000000002
2025-05-27T19:38:39.232641,"[26.75, 27, 26.5, 27.25, 26.75, 27, 26.75, 27.5, 27.25, 27, 27, 27, 27.25, 26.5, 27, 27, 27, 27, 27.5, 26.75, 27.25, 27, 27, 27, 26.75, 26.75, 27.25, 26.5, 27, 27, 26.75, 27.25, 26.75, 27.25, 27.75, 27, 27.25, 27, 27.75, 27.5, 26.75, 27, 27, 27, 27, 27.5, 27.25, 27.5, 27, 26.25, 26.25, 27, 27.25, 27.5, 27.5, 28, 26.25, 26.25, 26.25, 26.5, 26.75, 26.75, 27.75, 27.5]",28.400000000000002
2025-05-27T19:38:39.489011,"[26.5, 27.25, 26.5, 27.25, 26.75, 27, 26.75, 27.5, 27.25, 26.75, 27.25, 26.75, 27, 27, 27, 27, 27.25, 27, 27.25, 27.25, 27, 27.25, 27, 27, 27.5, 26.75, 27, 26.5, 27, 27, 27, 27, 27.25, 27, 27.5, 27, 27.5, 26.75, 27.25, 27, 26.25, 26.5, 27, 26.75, 26.5, 27.25, 27, 26.75, 26.25, 26.25, 26.75, 27.25, 27, 27, 27.5, 27.25, 26.75, 26.75, 26.5, 26.5, 26.75, 26.5, 27, 27.5]",28.400000000000002
